PK;VOLUME_LOSS;SETTLEMENT_MAX;K_PECK;phi_tun;ci_tun;COB;BLOWUP;P_EPB
2125668.0;0.008791214749688707;0.019159940653106777;0.39892686073296585;25.170081638055045;40.103284806095466;336.2402828727064;478.82000000000005;340.0
2125678.0;0.008409420926694958;0.018402365149881767;0.39953257523349023;25.10085858870062;40.09725227395487;334.1333973592361;475.80000000000007;330.0
2125688.0;0.008507212741555052;0.018692742200827863;0.39985376617811336;25.092660118110793;39.95216415055626;332.23125879800364;473.50000000000006;330.0
2125698.0;0.00865219341366172;0.019087154496091694;0.3999778434658842;25.12494759751365;39.69089459747478;330.5529087110501;471.6600000000001;330.0
2125708.0;0.008730459637137923;0.019330913866275393;0.4002771430956043;25.116297359290517;39.62272641732874;328.94309292921116;469.84000000000003;330.0
2125718.0;0.008720513982256374;0.019396565528739876;0.4005672106880337;25.122509432005376;39.57789650692602;327.5205610068876;468.30000000000007;330.0
2125728.0;0.008643756656935418;0.01930418527664823;0.40063492449876653;25.168969254621448;39.526052223760075;326.97813047801475;468.14;330.0
2125738.0;0.008593531818055302;0.01926555109216892;0.4005862731110677;25.23689321682524;39.436824796370104;326.7629838086573;468.43999999999994;330.0
2125748.0;0.008540166573391095;0.01922556612359214;0.40050862126636644;25.318279197525364;39.37171119924793;326.5787981097355;469.0;330.0
2125758.0;0.00849678352335741;0.01920079717138025;0.40039046672324813;25.40324855918567;39.319391611246445;326.46314671592836;469.5799999999999;330.0
2125768.0;0.008450587167384298;0.019168088220871543;0.4002678966127138;25.48958801236429;39.29902704485582;326.20281873220915;469.84000000000003;330.0
2125778.0;0.008426834891998494;0.019178371088389424;0.40048535013638953;25.48941915189402;39.34199756742867;326.05132811255464;470.22;330.0
2125788.0;0.00841927800491862;0.019220306689042087;0.40095980129212455;25.422200911967476;39.41611972824653;325.80147132968295;470.4799999999999;330.0
2125798.0;0.008383959382225439;0.0192100689948498;0.40137478821405503;25.382056339096216;39.47804338717997;325.1566634365971;470.03999999999996;330.0
2125808.0;0.008880611897212305;0.020406317073974476;0.4015731759047993;25.380397205394384;39.503529659420195;324.5030231644004;469.4800000000001;320.0
2125818.0;0.008814488887484258;0.02032720715702598;0.40170404891818867;25.407869095320926;39.47077171899813;323.52958954265677;468.17999999999995;320.0
2125828.0;0.008734567708284374;0.020220890284316197;0.4018593191950142;25.43635844717636;39.433037143544105;322.35383064904283;466.58000000000004;320.0
2125838.0;0.008643850952423248;0.020095553305541844;0.4019477756867957;25.487587505830962;39.3789757057613;321.00331234080636;464.62;320.0
2125848.0;0.008569759683720143;0.019985539406493096;0.4020077964602594;25.526129353050486;39.29134234036319;319.84727144945964;463.17999999999995;320.0
2125858.0;0.008527005879737475;0.01991650526953147;0.4020188426073;25.549985076148907;39.20946019976685;319.14706978396015;462.4799999999999;320.0
2125868.0;0.008475956590944992;0.019834861920355076;0.40206053998645724;25.573265161692085;39.12271246870286;318.30686811846084;461.6;320.0
2125878.0;0.008443565224279859;0.01977570358285887;0.4020033280872999;25.600149402742836;39.02507976130863;317.73316857524816;461.26;320.0
2125888.0;0.008361713713164253;0.01966637409183026;0.4022117804222967;25.624024278221654;38.924609959923366;316.40996515765215;459.3;320.0
2125898.0;0.008775551238421503;0.020724819670069946;0.4024836784185405;25.63319601568699;38.825057797556646;314.97803075439606;457.34000000000003;310.0
2125908.0;0.008751351449764664;0.02072553190950175;0.4025333381764958;25.66857645910183;38.66952656481026;313.97318353010957;456.0400000000001;310.0
2125918.0;0.008727037148794163;0.02071946874275697;0.4026555363763003;25.6800888354106;38.453591742925965;313.2560395726009;455.05999999999995;310.0
2125928.0;0.008689395022297472;0.020687297819136256;0.40283637330761696;25.684552572869404;38.24487016245878;312.4132716385311;453.94000000000005;310.0
2125938.0;0.008659656402374283;0.020664226600834418;0.40306169162059513;25.671749137180978;38.00542121485705;311.6724666463656;453.06;310.0
2125948.0;0.008615173830679534;0.02062112146609839;0.4033858609671867;25.649176033641023;37.76687172865992;310.6837977229558;451.7800000000001;310.0
2125958.0;0.008579302413640823;0.020587628118213658;0.4036771180844878;25.627754758969328;37.5814173333942;309.8511436447212;450.6;310.0
2125968.0;0.008548183107718913;0.020561882621072523;0.40385267616332704;25.62716690198728;37.379558037685285;309.0707009825217;449.59999999999997;310.0
2125978.0;0.008508683599581296;0.020524246515623307;0.4040601973891809;25.625975580437345;37.21403282044431;308.1438365302689;448.28000000000003;310.0
2125988.0;0.008473469845570583;0.02050172612069568;0.40414369093067865;25.65453519930075;37.03259650279847;307.2148124555662;446.9200000000001;310.0
2125998.0;0.008436285348324765;0.020471116020610598;0.40426549446608695;25.674125831604652;36.83860440308129;306.2458997442219;445.50000000000006;310.0
2126008.0;0.008398929493936764;0.020439919352109964;0.4044278013930403;25.68421146801946;36.66390333561457;305.2689264210875;444.06;310.0
2126018.0;0.008889262313123893;0.021694670732272627;0.40462126423561756;25.68701419709723;36.49743436531592;304.27865688573934;442.6;320.0
2126028.0;0.008851081560628284;0.02166285503912053;0.4048582672309755;25.679564637524184;36.35781188627067;303.1768313533647;441.12;320.0
2126038.0;0.008771207411408959;0.021544473995427405;0.40522545359462736;25.65526506139208;36.26156285503467;301.8253966896044;439.24;320.0
2126048.0;0.00869771526470151;0.02143315658582085;0.40553918566626057;25.636892299416694;36.13536006759247;300.5104666406077;437.54;320.0
2126058.0;0.00860824397850165;0.021306877207273218;0.40598325974071264;25.60890238412041;36.02182072121269;298.9790369618012;435.30000000000007;320.0
2126068.0;0.008511178485317452;0.021167528800647102;0.40647076832968254;25.5780455433366;35.9101909893017;297.35586457533026;432.87999999999994;320.0
2126078.0;0.008544942050887105;0.021189560290047788;0.4063436110412343;25.55119036856965;35.69915030549408;297.4523060555265;434.08000000000004;320.0
2126088.0;0.008487575639733494;0.021091241826854665;0.40663645887301375;25.516840172556336;35.547165388258996;296.4318584083733;432.90000000000003;320.0
2126098.0;0.008868774670793894;0.022199547631520718;0.40723388413508943;25.503225493260874;35.333631489311436;294.36753086339786;429.7;320.0
2126108.0;0.008880800962326654;0.022298899335164594;0.4071637477672832;25.570771826497815;34.93876973857823;293.5397090545884;428.91999999999996;330.0
2126118.0;0.008839279698393727;0.02225456284906281;0.40685173127281066;25.689334489000476;34.48732836995808;292.8768408484701;428.48;330.0
2126128.0;0.008806784747979425;0.022231338757240555;0.40686135307697047;25.73088133641993;34.10103823631018;292.16319838255384;427.94000000000005;330.0
2126138.0;0.008775474855383996;0.022211163251077432;0.40698890083812356;25.74424662758924;33.753766868711075;291.4022720571222;427.30000000000007;330.0
2126148.0;0.008725134721854553;0.022148653276983486;0.4072264395158419;25.73867501790126;33.448808532915166;290.4309598480302;426.34000000000003;330.0
2126158.0;0.008680091860158154;0.0220891330015576;0.40751828703292914;25.712807376100937;33.212814010468826;289.5327521555603;425.41999999999996;330.0
2126168.0;0.008632848479864735;0.022023880332654927;0.4077937310972241;25.69099350417777;32.97236509212187;288.62473865115896;424.48;330.0
2126178.0;0.008581279195525702;0.021946104095400407;0.40809105149911823;25.664025765959625;32.7398539110258;287.6649774541396;423.53999999999996;330.0
2126188.0;0.008533752654045221;0.02187937012512674;0.40837836304979513;25.63957535330458;32.507354526204814;286.7667697616697;422.62000000000006;330.0
2126198.0;0.008472309452541805;0.021785236981471567;0.40869738250192506;25.61508471633167;32.27212901706828;285.6991446334057;421.46000000000004;330.0
2126208.0;0.00896494325584133;0.023219960647202074;0.4094456786901464;25.570182834423402;32.112479349245035;283.71074661641876;418.32000000000005;340.0
2126218.0;0.008794743816345237;0.022986412520790218;0.41024876993909015;25.543671685850246;31.91196314994561;281.4495310654961;414.62;340.0
2126228.0;0.008714821383922508;0.02288433132141324;0.41066657295595155;25.52712796244521;31.652646374081566;280.287539883701;413.06;340.0
2126238.0;0.008603215116766047;0.02270708872597873;0.4110073528463616;25.537370555960674;31.468879974161116;278.86212255759307;410.9200000000001;340.0
2126248.0;0.008430679027655525;0.022439186526573018;0.4116492564959748;25.53778989445598;31.308619109002294;276.67719387967105;407.34000000000003;350.0
2126258.0;0.0085076106540231;0.022517441738956263;0.41106184092537795;25.57073563625414;31.01963927464097;277.505368097624;409.80000000000007;340.0
2126268.0;0.006365529380484511;0.018219055997631958;0.41759542740590844;25.47849266788144;31.489804883046357;260.97997383011284;376.76000000000005;260.0
2126278.0;0.006463962046674649;0.01852659908014637;0.41766670841516756;25.48694438288249;31.306291024422787;260.2682211525407;376.04;260.0
2126288.0;0.0065572604144780045;0.018829419918602326;0.4177247287375914;25.507363393904857;31.108841932225797;259.44752473249923;375.07999999999987;260.0
2126298.0;0.006442410053848462;0.018701073664339846;0.4185724420506943;25.50894715126124;30.981253919887187;256.82158548427583;370.5400000000001;260.0
2126308.0;0.006537445295011454;0.01899526469260233;0.4185547894987152;25.530901776074753;30.783979545112114;256.227396171475;369.94000000000005;260.0
2126318.0;0.005825980204862367;0.016999572544175525;0.418957056266925;25.520407676915312;30.710345138353514;254.88699171907388;367.91999999999996;250.0
2126328.0;0.005637574701224594;0.01667056006686882;0.42014231127947305;25.497023107919627;30.772465434630305;251.74231787131112;362.22;250.0
2126338.0;0.006082856495827775;0.017682665676687567;0.41871500308209453;25.51798671619054;30.632498443469697;254.55171873149652;368.4599999999999;250.0
2126348.0;0.0081169522729566;0.022524261104825364;0.41477819681613043;25.583356149713964;30.255009111856545;263.5318955949395;386.97999999999996;260.0
2126358.0;0.007454052444606238;0.0210983523980357;0.41651298025452094;25.546313224957103;30.514820008286108;259.3261757092261;378.3;260.0
2126368.0;0.007789577367694028;0.021741153721452654;0.41529616985697193;25.573581197552677;30.47203613187212;262.0139416112265;383.68;260.0
2126378.0;0.007771770807015927;0.021635199026681883;0.41502034905095275;25.5908067526972;30.558771633044998;262.3875358974368;384.34000000000003;260.0
2126388.0;0.007342832312871472;0.020639687218536942;0.41595905111098525;25.55453195006522;30.867772248852077;260.2420099501196;379.76;260.0
2126398.0;0.006942812509311885;0.01969421057837007;0.4169348172129887;25.502824638999307;31.26679679208418;258.22298612508934;375.53999999999996;260.0
2126408.0;0.006544922208141629;0.018750572567708772;0.41803959639620486;25.4301486525481;31.780131510679258;256.31182623130337;371.5399999999999;260.0
2126418.0;0.005554259822351704;0.016077219614416244;0.41908912561986356;25.37322045140341;32.35610608534663;254.54476504941994;367.71999999999997;250.0
2126428.0;0.005261567005164088;0.015378108926592077;0.4201666356479289;25.302793211302383;32.96229309864598;252.84166796114357;363.90000000000003;250.0
2126438.0;0.004988968773246147;0.014734667030073478;0.42109353449619075;25.280582983977716;33.432592786132936;250.84973849375612;359.59999999999997;250.0
2126448.0;0.004763354309424653;0.014220586338315064;0.4220640627741023;25.25012137966014;33.657025725272206;248.78434716473438;355.2;250.0
2126458.0;0.0045729018277822385;0.013798748920642126;0.42276544524933085;25.279520838326857;33.6816406482965;246.86527124736148;351.0;250.0
2126468.0;0.004151243900732879;0.012657624958409651;0.4240335263374896;25.180479333990863;33.90480267892649;244.74253928028548;346.53999999999996;240.0
2126478.0;0.003927714228730199;0.012095522289743222;0.4258732357430768;24.941946375947982;34.58050159396164;241.94008432598838;341.19999999999993;240.0
2126488.0;0.0038716535644000858;0.01195312143248841;0.4264621002690419;24.85299870105722;34.82985185199999;240.93045413338518;339.63999999999993;240.0
2126498.0;0.00416632552319924;0.012658889655320292;0.4250019097653842;24.893701710888408;34.49639112946758;243.76239800720415;346.06;240.0
2126508.0;0.004241730882244977;0.012853321208830542;0.42483741066970937;24.878438492219292;34.370736742763896;244.07804665886198;347.25999999999993;240.0
2126518.0;0.004842713223040716;0.014545302803537071;0.42422220168432007;24.85473367510303;34.25233876150408;245.42505076344904;350.56;250.0
2126528.0;0.005080758822978352;0.015164508427735285;0.4238861810510374;24.809564653550208;34.15911448735606;246.12980992839908;353.06;260.0
2126538.0;0.005223068080171815;0.015627894025266764;0.4239967624427522;24.81876085019531;33.983776864823035;245.50067062678625;352.92;260.0
2126548.0;0.004720372601395129;0.014163628117181703;0.4239602137693827;24.873526691691474;33.76366548691948;244.69502671040982;352.41999999999996;260.0
2126558.0;0.004943381093410223;0.014814323165454498;0.4230248798703713;25.0678097207071;33.30352310116934;244.71307099626384;353.5999999999999;260.0
2126568.0;0.0058323402411615015;0.017423965717990597;0.42184762976996576;25.2852703793153;32.80250062685449;245.02528964005728;355.38000000000005;260.0
2126578.0;0.0053865861531468195;0.01610077166453753;0.42096536073910823;25.503175092180978;32.344277170339225;244.58246076513947;355.62000000000006;260.0
2126588.0;0.005557786558240298;0.016620683453849646;0.419985953591866;25.745216083900605;31.876310244290906;244.1994401946299;355.88000000000005;260.0
2126598.0;0.005585402505772494;0.01670171353975417;0.41945175253552475;25.877296106367282;31.742508653143673;243.83381123311494;355.56000000000006;260.0
2126608.0;0.00516251085070751;0.015405069722843528;0.41927108853896694;25.894370709221704;31.970353961172986;244.88349513880766;355.05999999999995;260.0
2126618.0;0.005549717271196807;0.01640603185261468;0.4190500192444323;25.784582739544035;32.39934128684252;247.1873495388884;357.21999999999997;260.0
2126628.0;0.005335087690814513;0.01562859535767535;0.41903239633213757;25.62663849117184;32.82623068845931;249.63829111793882;359.6799999999999;250.0
2126638.0;0.005111864306703336;0.014835045484721223;0.4188550692789021;25.501220320761423;33.172045607180834;252.265737311753;362.50000000000006;250.0
2126648.0;0.00451344336438896;0.013409027947242146;0.42107175738034713;25.42203211591931;33.55671950772402;248.25257178065536;353.2;250.0
2126658.0;0.004492065835923408;0.013444903227386906;0.42131720003951245;25.498951239207045;33.41233671714386;247.10391502087248;351.35999999999996;250.0
2126668.0;0.005032810789960195;0.014761128173939486;0.4187678425562995;25.70975214732397;32.72312584708441;251.66049560497308;361.15999999999997;250.0
2126678.0;0.005469989869267136;0.0158255247622427;0.4168889208977996;25.88753967809245;32.1846757692538;254.9325148260716;368.34;250.0
2126688.0;0.006218005424041014;0.018008352259959042;0.41648766476779675;25.995054058888027;31.936917875453133;255.11744848894745;369.22;260.0
2126698.0;0.006350600665190541;0.01838462350008988;0.41607786071368125;26.07819498623578;31.739345015027293;255.4771415664456;370.4599999999999;260.0
2126708.0;0.006429811767641282;0.018579893446073602;0.41600468087680126;26.060907171817917;31.8120313400734;255.54615068628698;371.09999999999997;260.0
2126718.0;0.005500859904743523;0.01590087588907886;0.41705721636077137;25.828540578608266;32.5077708177552;254.87723074718429;368.7999999999999;250.0
2126728.0;0.005096589271752964;0.014717370822294414;0.41889813856363384;25.393800860041843;33.833706479359165;253.4424840446189;365.04;250.0
2126738.0;0.005208920790963332;0.014916624005111791;0.4185470001847803;25.323070546557958;34.04470404725142;254.49216964468638;367.36;250.0
2126748.0;0.0052638525888732334;0.015010941524525171;0.41845404151057347;25.268109148199315;34.26205865568067;254.7616524578522;368.17999999999995;250.0
2126758.0;0.005946540935727492;0.0168504049553879;0.41815441340474896;25.221440018410572;34.44462217647321;255.49200843178983;369.93999999999994;260.0
2126768.0;0.006006493856640745;0.01695176692554135;0.41799948974015955;25.182744595424218;34.623679089851;255.80245969282217;370.84;260.0
2126778.0;0.006024955053372337;0.016941429118514782;0.4179738411933285;25.121326532422938;34.89034495037634;255.99795984364042;371.4;260.0
2126788.0;0.00603849060413869;0.01692866437824405;0.41808362964915013;25.044010645116895;35.176494043238385;255.94036046279044;371.56000000000006;260.0
2126798.0;0.0064003531918961805;0.017716590885796732;0.41695321626956444;25.078086941162866;34.90045638080932;258.2526915913445;376.6;260.0
2126808.0;0.006462119505616163;0.017859200922509807;0.4167730659765289;25.097201181940775;34.91875221080908;258.47237357753284;377.22;260.0
2126818.0;0.0065189557007644585;0.01798446913034208;0.41667727870921795;25.09580553366375;35.07003715557923;258.7239899669773;378.0;260.0
2126828.0;0.0065448963610515885;0.018017329800364596;0.4166174099419989;25.077491292029116;35.33505024721494;259.21540967587623;379.16;260.0
2126838.0;0.006556512495998218;0.018020053150082305;0.4165274052948632;25.074781902029088;35.67457125138765;259.58951698661167;380.14000000000004;260.0
2126848.0;0.006495001247753113;0.017843476452291517;0.41662986912373084;25.049851046749957;36.09141346043788;259.7506150678197;380.58;260.0
2126858.0;0.006468898856103369;0.017727386732779998;0.41653328989382055;25.03243712454694;36.50866507845304;260.40995797897887;381.91999999999996;260.0
2126868.0;0.00634810401456407;0.017398634248291838;0.4164649579161889;25.057228950775304;37.510290514520236;260.69153972341917;382.18000000000006;260.0
2126878.0;0.005427435998338534;0.01479953826192521;0.41585906093954056;25.114879320598966;38.9594416241551;262.19021724566204;384.62;260.0
2126888.0;0.004867646951458995;0.013155878500222123;0.41499239172950914;25.16370985863266;40.400588814699574;264.47258795508907;388.56;260.0
2126898.0;0.004664711920883291;0.012502089055929274;0.41424494677577056;25.19306664336675;41.88256319191942;266.81419686710296;392.22;270.0
2126908.0;0.004224265615554908;0.011228168069930641;0.4134896834044004;25.22566692907022;43.39359464369704;269.15220900042954;395.7600000000001;270.0
2126918.0;0.0038377833131775074;0.010112675749808455;0.41271851591799197;25.25563922907605;44.916045926127;271.6098377425726;399.34000000000003;270.0
2126928.0;0.0035284910796005734;0.00921818298407405;0.4120318126013695;25.26665588288794;46.381969749081705;274.01920919237995;402.91999999999996;270.0
2126938.0;0.003468029959534518;0.008980782672494757;0.4113549583349753;25.269144069800394;47.77611274923632;276.69605619729447;406.93999999999994;280.0
2126948.0;0.003244890392573358;0.008334276998553448;0.41064159251509486;25.289565950888626;49.088421012862725;279.2721264499342;410.85999999999996;280.0
2126958.0;0.003148941178190554;0.007956610089938523;0.40917581987604235;25.336539953356795;50.14789045464643;283.79343953075613;418.5400000000001;280.0
2126968.0;0.0032623026559388765;0.008063077681248807;0.40763760143800826;25.3057773965534;51.180265145917204;289.5793228230855;427.86;290.0
2126978.0;0.003148632973955523;0.00762478458040209;0.40640974605286995;25.238972134776937;52.55148602048883;294.7911270445702;435.9;290.0
2126988.0;0.003044792356575568;0.0073256684800331465;0.40613191921931946;25.20112085585872;54.07139627979217;297.020991006115;437.96;300.0
2126998.0;0.0028293792798256283;0.006765232142771102;0.40550496326908875;25.247172935315366;55.41723250229032;299.68862610428664;440.91999999999996;300.0
2127008.0;0.0026387933595681755;0.006271558947087982;0.4046311261800461;25.352599435402375;56.64123453809231;302.4802463572827;444.14;300.0
2127018.0;0.0025640717108572682;0.006059134252990414;0.4034758136421099;25.525539405152465;57.88241783308833;305.4297330340001;447.58000000000004;310.0
2127028.0;0.0023932606199964616;0.005615376476286142;0.40211464650514206;25.720970748119313;59.19802920781364;308.6920322596992;451.76;310.0
2127038.0;0.002435483067410824;0.005600723118177007;0.39975525797243977;25.915648101240706;60.315773940683705;315.0287862203234;462.2;320.0
2127048.0;0.0023882272626873785;0.005384921966093688;0.39748433001899003;26.096891574467097;61.39597828224694;321.375345992879;472.6600000000001;320.0
2127058.0;0.0023723495829802836;0.005291087792684611;0.3958784098294566;26.27936774455583;62.53042475213589;325.7295807432365;479.06;330.0
2127068.0;0.00194349449274644;0.004312136457513597;0.39473013954048686;26.456213706736285;63.72176902009694;300.1693117981633;482.78999999999996;300.0
2127078.0;0.001833980759171;0.00404844757407789;0.3936344456312887;26.62106252750694;64.8094974314855;303.4413117981633;487.5;300.0
2127088.0;0.0018399844180556897;0.00404087225344115;0.3926359702039575;26.763359978452502;65.91044088793983;306.63537846482996;491.99;310.0
2127098.0;0.0017446853431978835;0.0038119704568950175;0.3916134630184938;26.911782688047797;66.98656970484369;309.82404513149663;496.45000000000005;310.0
2127108.0;0.001694863500702587;0.003655594578937255;0.3899773980268097;27.06431366096669;67.91542876121966;314.44144513149655;505.0;310.0
2127118.0;0.0017794413420721654;0.003768186250344059;0.38789282056443025;27.223770491086707;68.66739775636496;319.99551179816325;516.57;320.0
2127128.0;0.001850555078139261;0.003852324334337105;0.3858703825405919;27.392625709147364;69.44711527321684;325.3575117981633;527.55;330.0
2127138.0;0.0017644448916347003;0.0036549566512860112;0.38483115532706774;27.54958969437144;70.50710827263738;328.47617846482996;531.8;330.0
2127148.0;0.0016782090030299478;0.003457972482734948;0.38404620562439057;27.647140896050757;71.66314231111375;331.48357846483;535.52;330.0
2127158.0;0.0016171910544504904;0.003308144419214934;0.383206611179732;27.723445828091933;72.7515164479596;334.4527117981633;540.12;330.0
2127168.0;0.0016814410794037389;0.0034111626040619976;0.3824171695926984;27.766068123473122;73.57777093767116;336.5548451314966;545.1999999999999;340.0
2127178.0;0.0016660840951746164;0.0033530776224746095;0.3817919691836455;27.77705721426882;74.46701944399248;338.54031179816326;549.93;340.0
2127188.0;0.0014819374792190336;0.0029577345374330348;0.38124313052035214;27.765782239030017;75.30476037793483;236.87040206115648;554.15;240.0
2127198.0;0.0014796416617070228;0.0029288961462725946;0.38070608334750616;27.753077065546194;76.07649166281422;238.52533539448984;558.33;240.0
2127208.0;0.0014842143666522773;0.00291543109446365;0.3801766652483024;27.745353031736162;76.65592378569515;240.1736020611565;562.49;240.0
2127218.0;0.0014885676793488071;0.002900336978674995;0.3796847037680703;27.724651046772376;77.237714777288;241.87393539448982;566.61;240.0
2127228.0;0.0015055647373707218;0.00291060420381717;0.3791589927009025;27.71310815169974;77.5069298415794;243.58886872782318;570.97;240.0
2127238.0;0.0015228003457542784;0.0029225315556196843;0.37852819839207735;27.7326086402783;77.6395382961172;245.3871353944898;575.5799999999999;250.0
2127248.0;0.0015457984425505888;0.002944832687030341;0.3777048785006308;27.79280823234812;77.6706494402711;247.4408020611565;580.76;250.0
2127258.0;0.0015759897277801134;0.0029770467566315826;0.3767637122270939;27.860760927616052;77.65387580521329;249.74573539448977;586.89;250.0
2127268.0;0.0016231292892884208;0.0030297127694183397;0.3755787653260488;27.925378575958018;77.54741782785564;252.83940206115648;595.19;250.0
2127278.0;0.0016672638463865021;0.0030765141524161338;0.3744488856083377;27.98509247014559;77.45037187274139;255.81433539448983;603.3299999999999;260.0
2127288.0;0.0017153723581302795;0.003129700199338575;0.3733605223239783;28.03782499619361;77.38693589152182;258.8426020611565;611.63;260.0
2127298.0;0.001763300445403728;0.003180336223513623;0.3723148628055259;28.078367083876337;77.37475504298598;261.9562687278232;619.9900000000001;260.0
2127308.0;0.0018093788988435553;0.0032271993972321535;0.3713583314210405;28.105782717966598;77.41890966491317;264.8978687278232;628.0300000000001;260.0
2127318.0;0.0018436850973400484;0.003251992904086923;0.37048474366422485;28.116539426501596;77.52874359123382;268.4955353944898;635.8800000000001;270.0
2127328.0;0.001877677463969905;0.0032746504050065943;0.36963895542223696;28.118692393221266;77.68889204232295;272.4068687278232;643.6900000000002;270.0
2127338.0;0.0019023748147036694;0.003284211199960394;0.368895186346829;28.118352362995534;77.90271616129832;275.99946872782317;650.74;280.0
2127348.0;0.0019334739545395416;0.003308633633816807;0.36820690864148126;28.12553107371142;78.09454306998717;279.4308020611565;657.11;280.0
2127358.0;0.0019436518001753583;0.0032995688981126998;0.3673918858236904;28.163492803559887;78.25598261695244;282.78006872782316;663.43;280.0
2127368.0;0.0019499068661590322;0.0032836625126920287;0.3666299158233119;28.190750647492642;78.44370866817886;286.1580687278232;669.6400000000001;290.0
2127378.0;0.0019613418507753357;0.0032770378557863806;0.36586793180598504;28.219505654995643;78.59636157410351;289.5040020611564;675.9499999999999;290.0
2127388.0;0.0019685102252645337;0.003263172210806513;0.3651214613154681;28.246158371460265;78.81978339906625;292.90866872782306;682.2399999999999;290.0
2127398.0;0.001995212502782503;0.00327065853706704;0.3641206885529391;28.276575920528803;78.93826983265056;297.0546020611565;690.95;300.0
2127408.0;0.002026536661325022;0.0032840634146228706;0.36306754867280516;28.313258548451977;79.0517845390201;301.3338687278232;700.0600000000001;300.0
2127418.0;0.0020582877026318063;0.0032977785565525227;0.3620430393262594;28.346267115161023;79.11600135028166;305.6098020611565;709.16;310.0
2127428.0;0.0020901888382660575;0.0033153408796140877;0.3609527836195071;28.409465120513175;79.06318580835016;309.54953539448985;717.84;310.0
2127438.0;0.0021202231272831945;0.0033309646696461203;0.3597876396978769;28.49214145993435;78.92188028607376;313.4892687278232;726.52;310.0
2127448.0;0.0021454121201051443;0.003342816422260348;0.3586829242900732;28.579304704911504;78.6972021152631;316.9140687278231;734.44;320.0
2127458.0;0.002174454294923792;0.0033611111270876537;0.357623818475338;28.661842509760003;78.45852379496257;320.2755353944898;742.17;320.0
2127468.0;0.002205159333260793;0.003382759270392834;0.35658813335034767;28.74466077766061;78.17268921540752;323.34080206115647;749.5999999999999;320.0
2127478.0;0.0022273872652569795;0.003394562504712311;0.35555147662685804;28.84092381886902;77.82196908280343;326.1140020611565;756.3500000000001;330.0
2127488.0;0.0021858266842649274;0.003346162747792052;0.3553505975799443;28.92954843493744;77.67655937591397;325.87100206115645;754.64;330.0
2127498.0;0.0021369957327842166;0.0032926292468934255;0.35533496757249294;29.01131429368153;77.53105494817756;325.08466872782316;751.3000000000001;330.0
2127508.0;0.0020979547547325165;0.0032548576071314353;0.3554525594490288;29.075017494598885;77.346689755331;323.8200687278231;747.3100000000001;320.0
2127518.0;0.0020569339272447;0.003214261576364768;0.35560937858783964;29.1344128737551;77.13712687597125;322.48880206115643;743.12;320.0
2127528.0;0.002025281961147194;0.003186824909657219;0.35590668501078293;29.16638657687492;76.93076824309134;320.85800206115647;738.62;320.0
2127538.0;0.001994851418591004;0.0031618805996109266;0.3562811395002343;29.189552610488512;76.71724316140134;319.10386872782317;733.7500000000001;320.0
2127548.0;0.001975327557110459;0.0031543964591488;0.356842815535675;29.182938562143107;76.47807988768695;316.93146872782313;728.41;320.0
2127558.0;0.001964306030710517;0.003159870311432706;0.35751735141489904;29.155627554546584;76.24812058904264;314.7090687278231;722.92;310.0
2127568.0;0.001967013910561504;0.003180315226615958;0.35806627020071247;29.12081406381769;75.94634975080062;312.88253539448976;719.0099999999999;310.0
2127578.0;0.0021597524844349115;0.0034031327044766356;0.3565017075661328;29.06629002502547;75.00948974674834;318.6222020611565;737.2099999999999;320.0
2127588.0;0.0021581698134981674;0.00342629279461703;0.35758017361256667;28.96492344058399;74.77505501457215;315.7769353944899;730.44;320.0
2127598.0;0.002158474176645598;0.003452760516368444;0.35879187980770777;28.83855378606757;74.61083667415446;312.80500206115653;723.2900000000001;310.0
2127608.0;0.002169573111911838;0.0034936028548629575;0.36003146420213195;28.694852462395893;74.39315707768019;309.8756020611564;716.6599999999999;310.0
2127618.0;0.002219437154123739;0.003583188520963701;0.36121616221567504;28.510679069065485;74.12989171562893;307.48666872782314;712.24;310.0
2127628.0;0.0022550277164283517;0.003663531236804261;0.3627234786387042;28.316106929532342;73.91313670414615;304.1423353944898;705.15;300.0
2127638.0;0.002290579623261132;0.0037471842472164988;0.3643681082268469;28.104291927693467;73.67814737330966;300.53260206115647;697.4599999999998;300.0
2127648.0;0.00233560372581118;0.0038496165107929897;0.36615547443312385;27.874418646554716;73.40101308041716;296.44126872782317;689.11;300.0
2127658.0;0.0023764314866711197;0.00394647586625413;0.36790233325904487;27.651536921905652;73.05991244944796;292.44660206115645;681.05;290.0
2127668.0;0.002355103910452848;0.003967465536561233;0.3693124249426592;27.565345096373523;72.43334962157772;287.53113539448975;670.6200000000001;290.0
2127678.0;0.0023665311295039244;0.004031086095225604;0.370489640908789;27.477990199849188;71.69266128205791;283.2748687278232;662.5600000000001;280.0
2127688.0;0.002867355056023687;0.004932288484078219;0.3716152023748902;27.382008036357508;70.85800491611906;382.4704451314966;655.12;370.0
2127698.0;0.0028631353196135684;0.0050193475244004;0.37336258054496585;27.29728578762756;70.14158806170502;375.9919117981633;641.3100000000001;370.0
2127708.0;0.0029207872444004432;0.005190084823473213;0.3747117852809209;27.211630391589548;69.25547589004657;370.67464513149656;631.39;370.0
2127718.0;0.0028969391341080375;0.005218252686958338;0.3760853909640249;27.123745119680134;68.43469580045982;364.65177846483;621.4700000000001;360.0
2127728.0;0.002976571918170103;0.005436238253197863;0.37736670496351965;27.060684398077253;67.71630485828311;358.4803117981632;611.8199999999999;360.0
2127738.0;0.002952284787203166;0.005467700125958523;0.37867479475445054;26.995100555819157;66.98890188130991;352.2988451314966;602.1400000000001;350.0
2127748.0;0.0030299230755588182;0.005691426278824065;0.37998843322716697;26.932012869260856;66.28254901140316;346.2040451314965;592.51;350.0
2127758.0;0.003012651292656724;0.005739345156589597;0.38126120704284944;26.877160756591834;65.50703454423612;340.12591179816326;583.1400000000001;340.0
2127768.0;0.0029967333568086266;0.005787409746421341;0.38253018932834565;26.81658000257005;64.74029292822819;334.16904513149666;574.12;330.0
2127778.0;0.003127000876052255;0.006106596735041387;0.38359340640483613;26.75956314902128;63.879739369439584;328.8429784648299;566.81;330.0
2127788.0;0.0031449882224339355;0.006210917452945143;0.38468391197853863;26.698564187603832;63.028570842930755;323.44611179816326;559.4699999999999;320.0
2127798.0;0.003288011064782951;0.0065675583448441;0.3857784836939989;26.639042215509985;62.144645874745;318.1133784648299;552.14;320.0
2127808.0;0.0033145032057580967;0.006696634904889308;0.38690471342084204;26.574617841803082;61.27026902741319;312.71651179816325;544.8;310.0
2127818.0;0.0038775447860845817;0.00792557444471085;0.3880439421128759;26.509696588320296;60.368878757277635;347.4523669142526;538.3399999999999;350.0
2127828.0;0.00394233386140407;0.008152683789691919;0.389214368827816;26.440078544655385;59.49596660385875;342.1603012078228;531.9399999999999;340.0
2127838.0;0.004072664910873555;0.008523837796214056;0.3902023915515012;26.41589072548845;58.69390209710346;336.81648780877487;525.54;340.0
2127848.0;0.004141492408430861;0.00875440226127903;0.3909142495256086;26.41822043966951;57.87341149779123;332.1019915734722;520.42;330.0
2127858.0;0.0043452260687048645;0.009243248640034235;0.39135170479931825;26.421679588098062;57.00687524459812;328.396722199774;517.2600000000001;330.0
2127868.0;0.004479689196948844;0.009590545913094916;0.39177804896610546;26.428520145116373;56.0977745277476;324.6431955337401;514.1;320.0
2127878.0;0.004712500714183304;0.010153966063733779;0.3921912091539975;26.439249071358663;55.204834160365614;320.879863055775;510.91999999999996;320.0
2127888.0;0.004963281272175034;0.010763871822126403;0.39260744762576005;26.450055756155923;54.26564545666469;317.18439949400806;507.78;320.0
2127898.0;0.005132124344857148;0.011202905749295337;0.39299653661046563;26.46807956704508;53.33515614915572;313.4308728279742;504.62;310.0
2127908.0;0.005414570588578656;0.011897415868355214;0.3934001032080947;26.48352583964606;52.36375031130378;309.67560096179903;501.4599999999999;310.0
2127918.0;0.005409038336603299;0.011964243249961716;0.39377782432462854;26.5059257456397;51.40027733859095;305.9720767882421;498.29999999999995;310.0
2127928.0;0.005518775748799313;0.012288716277888677;0.39416929387893024;26.525947107534122;50.395007649153115;302.216804922067;495.14;300.0
2127938.0;0.005513073930446626;0.012363108479250805;0.39457510112217387;26.549791417030672;49.40877822741451;298.37502594865134;491.79999999999995;300.0
2127948.0;0.005635387536066258;0.012724182758669472;0.39490287311025135;26.586737037183696;48.3521258260201;294.6715017750943;488.6399999999999;290.0
2127958.0;0.005618127291151377;0.012807881590337895;0.3955290919136463;26.605514256245122;47.37977701395601;290.161182390208;483.94000000000005;290.0
2127968.0;0.005675655746033451;0.013197881522572754;0.3969917810034689;26.61208958262112;46.52051212860099;283.1521261629779;474.14;280.0
2127978.0;0.005605899159549822;0.013301380500840124;0.39850469676246253;26.615111361912543;45.644300321361044;276.1913272280834;464.34000000000003;280.0
2127988.0;0.005664710580255994;0.013720603940792083;0.4000304942380887;26.623862927017832;44.77493390289959;269.1920768127846;454.56000000000006;270.0
2127998.0;0.005732424743377677;0.014179500028373001;0.40159971286804963;26.631462951870756;43.86176254440659;262.2312778778902;444.76000000000005;260.0
2128008.0;0.005654195317525629;0.014289403165659822;0.4031948164159807;26.642555328291202;42.95453010616372;255.2222216506601;434.9600000000001;260.0
2128018.0;0.00576453719596758;0.014821849009260786;0.4044380950402648;26.657598742117674;41.8257321824432;249.62221055935018;427.32000000000005;250.0
2128028.0;0.0059107740559851815;0.015431757377207585;0.405363817059758;26.709532889747383;40.50394153952022;244.70259893548754;420.9800000000001;240.0
2128038.0;0.0059029928109829155;0.015652258712334707;0.4062966468357829;26.764856316435026;39.164481166187834;239.76512088790352;414.6000000000001;240.0
2128048.0;0.006080531399713115;0.016378493108196873;0.4072411587463444;26.82264947867809;37.796895186633286;234.8258976401783;408.21999999999997;230.0
2128058.0;0.006081936943215733;0.016645152388380685;0.4082484062944921;26.87064671741552;36.44491120650464;229.85900215680036;401.78;230.0
2128068.0;0.006297260392488971;0.017506020991871044;0.40930811254091465;26.903055597621574;35.113040952401384;224.99919883734594;395.4599999999999;220.0
2128078.0;0.00637111028043752;0.01785944059357765;0.40989256112493283;26.9121709587358;33.77244765280003;221.51298095559642;392.03999999999996;220.0
2128088.0;0.006448419597737868;0.01822578419253943;0.41055862434586904;26.902712177041312;32.518555068907226;217.96792820225906;388.49999999999994;220.0
2128098.0;0.006812377097380053;0.019416182941013212;0.41121140936136513;26.89794504529266;31.235349855341898;214.3819070010552;384.87999999999994;210.0
2128108.0;0.005847890814087977;0.0168088764242365;0.41180070613701164;26.910266705500824;42.46937668195768;168.78517870740984;381.2599999999999;170.0
2128118.0;0.0060879314564705475;0.017648420306847143;0.41241722927735747;26.917424491606663;41.12396376873825;165.23755190931382;377.63999999999993;170.0
2128128.0;0.0063114120642747875;0.01858448761050594;0.4137588961215629;26.891471799227546;39.9456968065006;160.28096417108253;371.09999999999997;160.0
2128138.0;0.006527828686344737;0.019675403095084;0.4157440114228412;26.860481546851933;38.79188270097015;153.91233951474203;361.68000000000006;150.0
2128148.0;0.00631499550448917;0.019477487794267088;0.41793516719607915;26.790958746847856;38.592751300966675;147.56332648226407;352.30000000000007;150.0
2128158.0;0.005470842659625772;0.017294490611765575;0.4207542303970847;26.587561526428825;38.800887990935216;185.38173479805573;342.8;190.0
2128168.0;0.005539635430557485;0.01780267033963887;0.42300127628784645;26.35696799412566;39.00238307856572;180.25656992459278;336.5;180.0
2128178.0;0.005494590604843331;0.01787438962494208;0.4248775732731721;26.13173751187505;39.13691981122718;175.8051301896906;331.85999999999996;180.0
2128188.0;0.005585895215381705;0.018405957646285023;0.4268363851083743;25.898810403285843;39.308844923369904;171.26440158100328;326.9999999999999;170.0
2128198.0;0.005519879329298836;0.018403144432303897;0.42954592552065624;25.458373619201396;40.174156704019786;166.6983993913271;322.2;170.0
2128208.0;0.00556689603990537;0.018321916115975643;0.43064451471570825;24.920876494173505;41.15446751511639;167.7380557171412;325.78;170.0
2128218.0;0.005618137235248771;0.018247531658589583;0.4317217291043024;24.385911607235318;42.157073550553086;168.9487711170148;329.50000000000006;170.0
2128228.0;0.005619697238453079;0.018367596834615446;0.4336755538565757;23.99813740764397;42.78941858883646;166.4579515715224;326.76000000000005;170.0
2128238.0;0.005779031698669905;0.018970075444528865;0.4354135274375501;23.624148776813325;43.4791450455923;164.57924747185382;324.76;160.0
2128248.0;0.005752101683675681;0.01907929842341385;0.43763815175014387;23.25005748644206;44.3394238134806;161.48501497772378;320.58000000000004;160.0
2128258.0;0.005684922626705072;0.019182746922584783;0.4405651534407022;22.834657963536774;45.430335469111235;157.130985148772;314.04;160.0
2128268.0;0.005782225351525705;0.019811993705439224;0.4433477792824739;22.41728859843989;46.5358995145996;153.37860472106976;308.2799999999999;150.0
2128278.0;0.00574150036478561;0.01937928244751085;0.44304731112737733;22.172008287994007;46.907369574509104;156.05865312429665;313.34;160.0
2128288.0;0.005854201921465919;0.02004259569820528;0.4453335649306963;21.85663012645422;47.66614685023516;153.04029036942796;308.48000000000013;150.0
2128298.0;0.005814650874422867;0.020173679976652287;0.4475230519546013;21.547055212638146;48.34979702979161;150.39482435804075;304.08000000000004;150.0
2128308.0;0.005842924806302814;0.020292735342737764;0.44853392827187805;21.293425280935963;48.836328497172545;150.36380386047568;303.9;150.0
2128318.0;0.005983931124856945;0.020411336330784492;0.4477817422421995;21.111181565553515;49.025099693371246;154.25150992896252;310.26;150.0
2128328.0;0.005877733001295214;0.019697519033500265;0.44700135810725267;20.945541704128573;49.18165100171641;158.24344688909696;316.65999999999997;320.0
2128338.0;0.005980669712931975;0.019827281027699883;0.4466505647443595;20.80787286119354;49.29076228948967;160.88160689028885;320.8399999999999;330.0
2128348.0;0.005939857296808888;0.01960026205138682;0.4466369937207733;20.705241695014482;49.34962648589107;165.71807062311257;323.0199999999999;330.0
2128358.0;0.006093390367295658;0.020051588581577375;0.44555742759664296;20.914703486160928;48.66998630954543;172.266963806356;325.26;330.0
2128368.0;0.005989476593946813;0.019923895344506976;0.4453388417193984;21.171921616338178;47.93733055580278;176.03918796187423;322.96;330.0
2128378.0;0.006246831320163948;0.01995973986192391;0.4405159672265283;21.593097269201582;46.416604657252684;190.6333853025107;339.04;340.0
2128388.0;0.006488583262649571;0.01950486924261906;0.43395770312986803;22.04748417591838;44.6934368750964;210.33370022372418;363.76;370.0
2128398.0;0.006659305516965769;0.019382872899312897;0.43034254143539097;22.319704613855883;43.74734910817129;221.7254697164233;378.15999999999997;370.0
2128408.0;0.006664053342987087;0.018997832604436576;0.428809861902026;22.299978112229784;43.76637971343779;229.21032790927345;387.26000000000005;350.0
2128418.0;0.006565654851757314;0.019052061584439426;0.43078526014771085;22.138444431493458;44.38629297080989;227.51439159898177;380.66;370.0
2128428.0;0.006637445410263515;0.019429980790575826;0.4321011110127206;21.96779288282348;44.985231696412214;228.13717733491563;377.88000000000005;230.0
2128438.0;0.0066648256334047315;0.019064629022997912;0.4306630172474788;21.876850433240953;45.16623706160155;236.40965650342378;388.06;240.0
2128448.0;0.006818349964817223;0.019344190860617897;0.43024035864567706;21.819961513231064;45.34222717552834;241.00026873116374;392.17999999999995;240.0
2128458.0;0.006690751845627094;0.018842150454598867;0.42977386281191265;21.79098224250258;45.46111562310837;245.36453617966527;395.9799999999999;250.0
2128468.0;0.0069020008919319;0.019672573035579916;0.4310140828818081;21.704827812259868;45.84743187266712;244.33640665726793;391.66;240.0
2128478.0;0.006638586214741224;0.018865378307889053;0.4312814517640074;21.585265528026724;46.22600361046421;245.08612945289727;392.76;250.0
2128488.0;0.0067944804832831916;0.018994050031510626;0.4302440055427791;21.53876077222784;46.25146501288662;249.19523525758888;399.5399999999999;250.0
2128498.0;0.006881420732816574;0.019072460466132854;0.4297437136660026;21.505688703844264;46.24562230099061;251.40800854978374;403.2;250.0
2128508.0;0.006983671525698522;0.019167091986559887;0.4291414390246143;21.476072367606747;46.22661285319371;253.98452231044124;407.41999999999996;250.0
2128518.0;0.006771940496634843;0.018459310542939096;0.4287462660942443;21.45100249558854;46.203199969417746;255.74807845852678;410.36;260.0
2128528.0;0.006857893935053967;0.018543550623229505;0.4281925938884792;21.44260864728864;46.10513939207631;257.89217830684487;413.99999999999994;260.0
2128538.0;0.006995403480026976;0.018657663840827014;0.427183265473266;21.44242987953824;45.947920652041645;261.58937585071703;420.2199999999999;270.0
2128548.0;0.006972738756247071;0.018185853250174445;0.4253814691172872;21.478635493501468;45.64787564615943;267.57152300169855;430.4;270.0
2128558.0;0.007124735201713497;0.01831679256254283;0.42432608120869125;21.478272670709185;45.57415659139;271.61827732137436;437.15999999999997;270.0
2128568.0;0.006979947532806192;0.01769224401614653;0.4233767836232567;21.457009166679928;45.614723491741806;275.6798534319191;443.96;280.0
2128578.0;0.007116756243572786;0.01778189244812966;0.42238488068768915;21.443181313930843;45.63613337891925;279.84741186963043;450.93999999999994;280.0
2128588.0;0.007255142056652381;0.01787988094494699;0.4214461702668595;21.427477483111876;45.66354360639814;283.9846550542581;457.7999999999999;280.0
2128598.0;0.00710984946896352;0.01728578634459176;0.4205272460519257;21.410914675523603;45.71021842215484;288.10511023545104;464.70000000000005;290.0
2128608.0;0.007232582535730436;0.017362837858230958;0.4196668653638843;21.396880500644002;45.767781015241006;292.0539403940049;471.23999999999995;290.0
2128618.0;0.007064323747419965;0.016778681541686997;0.4189352772357057;21.38688126236644;45.83814214520744;295.4442950991615;476.8999999999999;300.0
2128628.0;0.007156148447466949;0.01682431011787266;0.4182241452383716;21.380455443786627;45.92941332036159;298.78754654779965;482.48;300.0
2128638.0;0.007259679471495138;0.016890854770469622;0.4174541191589193;21.38369973062582;45.98410808365475;302.3595506542057;488.38;300.0
2128648.0;0.007184283588704399;0.016416816959452782;0.41600656639724903;21.416016808926436;45.93492827460035;308.1888086537485;498.24;310.0
2128658.0;0.00737956281338913;0.016561403546875793;0.4145679612561031;21.446564729220217;45.87031016371345;314.1122731663282;508.26;310.0
2128668.0;0.007305404511079156;0.016113013795641257;0.4131728269764936;21.478745111116872;45.8021637198527;319.8159265191113;518.0799999999999;320.0
2128678.0;0.007229672971129795;0.0156926063943027;0.4118257266548049;21.521923685349392;45.699770304228274;325.1335975447278;527.36;330.0
2128688.0;0.007396926729262932;0.015815296510190185;0.41060696433517574;21.551171819695046;45.613141872504556;330.1880565737794;536.2399999999999;330.0
2128698.0;0.007549717428694301;0.0159298630417476;0.4095649990037409;21.570666711495658;45.54499544006508;334.6264708483409;544.1999999999999;330.0
2128708.0;0.007407766723007531;0.015482691522948629;0.40871633778612665;21.606689660302766;45.38848289348799;337.8441297620885;550.2599999999999;340.0
2128718.0;0.007524307990747162;0.015581962258039508;0.40745916489112904;21.742669911035822;44.928568900977524;341.0881898485883;556.44;340.0
2128728.0;0.0076607133030872476;0.015734808607829654;0.4059375225029624;21.955655853282117;44.12149386303239;344.0016742642018;562.2600000000001;340.0
2128738.0;0.007566363286795358;0.015427678103461556;0.4046008318462837;22.137662792870813;43.2517814003842;346.6120334891845;567.5799999999998;350.0
2128748.0;0.007712035796288176;0.01561161953090792;0.4036864542796919;22.2242644523784;42.684634769862775;349.07235310722166;572.6600000000001;350.0
2128758.0;0.007821011417102777;0.015723445824413755;0.4031940938932958;22.220702027098266;42.4614342291278;351.27620912518296;577.24;350.0
2128768.0;0.00791965733206921;0.015812112088881974;0.4028052370325572;22.19456662648533;42.313361589132526;353.4787553735889;581.76;350.0
2128778.0;0.007753799244324366;0.015375103612837098;0.40248418013503456;22.15402937092319;42.170432757896435;355.6472839491613;586.2800000000001;360.0
2128788.0;0.007850330342364079;0.015460540222471139;0.4022427140618366;22.096455177934036;42.029800971764104;357.86160601169684;590.8199999999999;360.0
2128798.0;0.007952574832616887;0.015556383250445728;0.4021083745200198;22.015661963401726;41.902355460476706;360.03013458726934;595.34;360.0
2128808.0;0.008052541097449722;0.015646024682900824;0.40193450820088295;21.944892803978373;41.77241102091259;362.1923412039809;599.86;360.0
2128818.0;0.008158845390323886;0.015747091533830398;0.4017800332732358;21.87078733997157;41.64475245298162;364.41298522537727;604.4000000000001;360.0
2128828.0;0.00799209146196535;0.015322899474955307;0.4016486522918614;21.792510463892047;41.529237705417366;366.5869676562185;608.9399999999998;370.0
2128838.0;0.008092614602591877;0.015413478877157764;0.4015721789743199;21.702903387556066;41.448263606516036;368.7840600493556;613.4399999999999;370.0
2128848.0;0.00824234517708131;0.015550921886391613;0.40129588224991153;21.61359176521545;41.30586103006822;372.0178657518626;619.7800000000001;370.0
2128858.0;0.008537445430963;0.01581288687428051;0.40034212979306505;21.53507182025713;41.05431271784424;378.68475532494887;631.9400000000002;370.0
2128868.0;0.00885183177128749;0.016100338715310213;0.39943290026459294;21.453241798847387;40.80089641270605;385.3856625708684;644.0999999999999;370.0
2128878.0;0.009031536131566854;0.016270176793487585;0.39930359039178015;21.33153181303181;40.698681390345286;388.8495307006989;650.82;370.0
2128888.0;0.009175099926552983;0.016412432767178114;0.39938965198557136;21.20196028766055;40.6314893737213;391.4289030012526;655.98;370.0
2128898.0;0.009413071643853082;0.016644216723578735;0.3992119251595324;21.061450062685005;40.553293557065366;395.7591691873691;664.2399999999999;370.0
2128908.0;0.009802642280539935;0.017004610973740075;0.39830853947473316;20.966753345130126;40.37712131199163;403.08943366038017;677.7;370.0
2128918.0;0.010202311133838095;0.01737376126637039;0.3972226187718967;20.923255125813707;40.14382478605694;410.31371580622476;690.9800000000001;370.0
2128928.0;0.01027942075680995;0.01720689561850801;0.3962360223246428;20.875696282607322;39.98645540035988;419.0798454544213;704.3799999999998;370.0
2128938.0;0.010342288866148009;0.017032431938653374;0.3976850222842116;20.30403596341164;41.56617989278431;427.53604371862417;716.3200000000002;370.0
2128948.0;0.010398080690811069;0.016872983451769543;0.40047411176342124;19.462060982537174;44.92633640801542;433.6700139490977;724.5;370.0
2128958.0;0.010485982834363278;0.016648051244784228;0.4019228914070091;18.81365709630657;48.0205134720126;442.44853016942983;737.2399999999999;370.0
2128968.0;0.010729297546280764;0.016665357545175563;0.40329272234668684;18.188021852411644;50.90123633281305;451.0054837944466;749.6400000000001;370.0
2128978.0;0.010835800288255789;0.01656938838908305;0.4036670461461493;17.885477972488683;52.59816508437362;456.4630056531794;756.9599999999999;370.0
2128988.0;0.010951266290026804;0.016606811618306554;0.40377746335328474;17.736793718553646;53.04603352875281;461.9218372814676;764.34;370.0
2128998.0;0.011084638849151644;0.01667675750788074;0.403951347452428;17.579670039025;53.450489880343916;467.4317014749408;771.9800000000001;370.0
2129008.0;0.005556496576367606;0.008298105493412462;0.40404370192028677;17.44771336813657;67.43089994620831;460.2129246557824;802.17;370.0
2129018.0;0.005617180975493486;0.008329870009370056;0.4039782156562138;17.356600607568236;67.86263048356554;464.94951442536666;808.38;370.0
2129028.0;0.0056795155523496855;0.008365780384830466;0.4039231598414434;17.267506864690848;68.27040997741429;469.522552566692;814.3600000000002;370.0
2129038.0;0.0058414901472248785;0.0084554797218978;0.4030025611505612;17.21495328401352;68.49109322732771;479.1984475348075;829.1500000000001;370.0
2129048.0;0.006000546659299625;0.008534330728317241;0.40180872444545546;17.224810891444474;69.0344879150853;489.5414198225981;845.1000000000003;370.0
2129058.0;0.006111151237662665;0.008601395711441922;0.401193720882155;17.2096010259499;69.6612731526974;496.4005025635406;855.2700000000001;370.0
2129068.0;0.006178167651872307;0.00865242804058689;0.4010436952788243;17.169830249200448;70.41152852545393;500.4055053813235;860.9100000000002;370.0
2129078.0;0.0062381301549910935;0.008697144033577613;0.4009567939848073;17.1230348278652;71.17335331899082;503.7966977334019;866.19;370.0
2129088.0;0.006300134272415942;0.008744588774830307;0.40087866534020417;17.07485435772969;71.90446537338869;507.140786828962;871.3899999999998;370.0
2129098.0;0.006351743513887678;0.008778793918474692;0.4007932583474171;17.03139843774866;72.6052519410183;510.2266837314298;876.2199999999998;370.0
2129108.0;0.006403045406464892;0.00881068876388157;0.40072054204680785;16.982944868155954;73.29640423168233;513.4362266822587;881.2599999999999;370.0
2129118.0;0.006480929158274456;0.00885846450981743;0.4005929766151057;16.916266471296353;73.97505580988948;517.8519148636141;888.28;370.0
2129128.0;0.006579377104645992;0.008928389318009005;0.4004270438845812;16.8557448071524;74.55071722288832;522.3332457404415;895.4799999999999;370.0
2129138.0;0.006637686692990178;0.00898348063092976;0.40060357768492366;16.78422863591414;75.18802649211389;524.5233050512993;898.72;370.0
2129148.0;0.006677771134457601;0.009030192054758378;0.40091777053197947;16.708540104544326;75.86235802207578;525.7250716930283;900.3499999999998;370.0
2129158.0;0.00665974806027934;0.008994157458156465;0.40144676164330967;16.585907727012717;76.95117575629357;527.0672723865536;902.1499999999997;370.0
2129168.0;0.0066778864862614635;0.009008502488101042;0.4024086972192381;16.376882836168644;77.89789204509205;527.703799950061;902.8199999999999;370.0
2129178.0;0.006705203202461149;0.009035234493263569;0.4035358774786655;16.13432929368469;78.80177035734413;528.1804783050594;903.15;370.0
2129188.0;0.006807133662552883;0.009149824392145338;0.4044252401616541;15.925401368355757;79.52875091239304;529.246823084298;904.5499999999998;370.0
2129198.0;0.0069456258283971915;0.009257508469875634;0.40453210282999896;15.80446870075229;79.80713302478225;533.4446587042552;911.1999999999999;370.0
2129208.0;0.006864943294345995;0.009227866647949012;0.4059850328501479;15.624190928635336;80.37057085886022;527.5638501327675;903.6099999999998;370.0
2129218.0;0.006819580011175196;0.00918243546023784;0.4067202707937427;15.505174525943286;80.77871085714997;523.8452634063266;900.7200000000001;370.0
2129228.0;0.006761164471564455;0.009120825067537443;0.4071170758631706;15.455454555611057;81.00469387673769;520.0324701668484;897.67;370.0
2129238.0;0.006685529615369259;0.00903789439336637;0.40706863349851513;15.496854379823423;80.99595532357904;516.1254704143336;894.4599999999999;370.0
2129248.0;0.006615027439349512;0.008961519205427976;0.4070024237051855;15.542024277929537;80.97137108889821;512.3303408960501;891.4399999999999;370.0
2129258.0;0.006550245097953175;0.008892519064947597;0.40694105360688815;15.586341739765617;80.9316526725184;508.64708161199775;888.61;370.0
2129268.0;0.006489323335223423;0.008828310709354243;0.4068560025036026;15.635652772587362;80.88562935141532;505.04625302685287;885.9199999999997;370.0
2129278.0;0.006430725874272297;0.008766622708666393;0.40672060435030194;15.695441684683177;80.7952135824373;501.4984156052914;883.3199999999999;370.0
2129288.0;0.0063790439523046935;0.008713561631312148;0.4066072335895961;15.750871360702114;80.68007833038205;498.0977758603498;880.9699999999998;370.0
2129298.0;0.006330548282461311;0.00866498687374959;0.40650341130174383;15.80449631275323;80.54690837448939;494.6618086730197;878.5599999999998;370.0
2129308.0;0.006245096055810387;0.008604888962963023;0.4067736643769565;15.841053711618617;80.49699253650753;488.8235754032476;872.07;370.0
2129318.0;0.006180146522544298;0.008556017796025031;0.40691405843699696;15.880487192927449;80.4224170234103;483.9391830779743;867.2;370.0
2129328.0;0.006112891712312309;0.008508906635368631;0.40708884359194103;15.921612186245671;80.34396343779466;478.73684377120145;861.7900000000001;370.0
2129338.0;0.006045359230532481;0.008464471263170155;0.4072899640867022;15.963493098450199;80.2701765797376;473.3225398100954;856.0199999999998;370.0
2129348.0;0.005969302472991483;0.008420189733641564;0.4076150112422468;16.000193831058823;80.2236538244833;467.1486958376294;848.96;370.0
2129358.0;0.005887277778062441;0.008377460196956994;0.4080274619985772;16.036978957076784;80.20689316317832;460.3330699950989;840.8099999999998;370.0
2129368.0;0.005793726229446329;0.008317340126860542;0.4084422850351691;16.074701036034398;80.19315898554493;453.51155624550375;832.65;370.0
2129378.0;0.005722849805396833;0.008287095359214423;0.40883215400519174;16.116140009499645;80.1760468182731;446.796024823075;824.67;370.0
2129388.0;0.0056540997322632345;0.008261307535679557;0.40925326075844587;16.155487676903242;80.163007523506;439.96862316641506;816.4999999999999;370.0
2129398.0;0.005588875555250393;0.008239980969791895;0.4096593948468248;16.199491771574564;80.16339749169632;433.15299732388456;808.3499999999999;370.0
2129408.0;0.005529288243221653;0.008224508455858759;0.4100923845113595;16.236417176051877;80.1845621524689;426.42569008732636;800.35;370.0
2129418.0;0.005470701021168455;0.008212073636051939;0.410507618676848;16.281674377810177;80.20300866752305;419.5865126165366;792.1599999999999;370.0
2129428.0;0.005435345838321508;0.008204031092707629;0.4106157638218798;16.342914314904494;80.15158307015896;414.443052380412;786.85;370.0
2129438.0;0.0054256102379722105;0.0081986004197323;0.41036606200914627;16.42029514484291;80.00628041445732;411.3073684533869;784.9499999999999;370.0
2129448.0;0.005416184571759164;0.008195163665237782;0.41009600752944864;16.505241255229556;79.86306602983693;408.077478013325;782.8899999999998;370.0
2129458.0;0.005377412719518738;0.008191650080304458;0.4103023856800397;16.563117349886763;79.82799752022527;402.34522707071943;776.58;370.0
2129468.0;0.005340598208458583;0.008191031740287902;0.41048485358240894;16.627061689012766;79.79350915579555;396.62475194224334;770.2899999999997;370.0
2129478.0;0.0053061512590698735;0.00819386888390523;0.41067034167526656;16.691436994888775;79.76384833705919;390.89250099963783;763.98;370.0
2129488.0;0.005273563585611555;0.008199684731905969;0.41086161874762483;16.755676621371745;79.73853234520014;385.1661379640969;757.6799999999998;370.0
2129498.0;0.005243421901692246;0.008209165103854874;0.4110267087525355;16.8265663964138;79.71482784998142;379.43388702149133;751.37;370.0
2129508.0;0.005206077073594586;0.008227174785231163;0.4113814791247396;16.892056588035143;79.75860367514359;372.65358862134985;743.2799999999999;370.0
2129518.0;0.005172613617545935;0.00826785236550464;0.41189670450612087;16.952757923751687;79.84494915493737;365.01365578974617;733.7299999999998;370.0
2129528.0;0.005202449988694013;0.008411653487630576;0.4124217378447221;17.01406194291284;79.94879396535885;357.3796108652074;724.1899999999997;360.0
2129538.0;0.005233435641511962;0.008560837594966467;0.412939904636365;17.079606422121955;80.06062036292217;349.73967803360375;714.6399999999998;350.0
2129548.0;0.005267561547381925;0.008718411876346012;0.4134560341131395;17.148462412111893;80.17920408140314;342.1468484585186;705.1699999999997;340.0
2129558.0;0.005303861112225615;0.008883239218348653;0.41396295928451204;17.222271235247756;80.32191024801442;334.5716826046279;695.7299999999998;330.0
2129568.0;0.005272549538563123;0.008938348288268227;0.41458464623334795;17.274471960837914;80.42345614135517;326.9906288436724;686.2799999999999;330.0
2129578.0;0.005307699765700822;0.009112402944042568;0.4155363810877924;17.25856730341487;80.34060787081609;319.4095750827168;676.8299999999998;320.0
2129588.0;0.005380593513525095;0.0092891264028532;0.4159245092970424;17.262927766796516;80.10048778335317;314.68415624819363;671.8899999999998;310.0
2129598.0;0.005402624643432848;0.009341967888060389;0.41598283588478746;17.281148075557102;79.75980696686723;311.5484723211685;669.5699999999998;310.0
2129608.0;0.005405469614265977;0.009401814040576082;0.41642648661309833;17.27827507113616;79.52345931657771;307.41462071241017;664.3899999999998;310.0
2129618.0;0.005427453267220772;0.009607576283310465;0.41787838515297165;17.227717751127027;79.54891121399217;300.0252973460753;651.4299999999998;300.0
2129628.0;0.005451822749488955;0.009819984508235999;0.41930322616549376;17.180295444737872;79.58096402300697;292.8538265411385;638.86;290.0
2129638.0;0.005399489678441534;0.009893940997927132;0.42073927851904847;17.127406842623994;79.6242329829658;285.89432039053463;626.6699999999998;290.0
2129648.0;0.005427677222332925;0.010115102530397381;0.4221772330261577;17.070740520623534;79.682940109436;279.1703305225232;614.9;280.0
2129658.0;0.005462204542151831;0.010352009259791933;0.423556587249532;17.02754573177427;79.7695549345274;272.57587460993756;603.31;270.0
2129668.0;0.005437947713638415;0.010433636279263686;0.42452110783356817;17.009405773974517;79.81639714037834;267.7301270956001;594.6899999999999;270.0
2129678.0;0.0055044578202718564;0.010674555092700742;0.4252642554989932;17.015793104364207;79.86400995189744;263.5379372654563;587.19;260.0
2129688.0;0.005489595416669057;0.010754983669168123;0.42596284989780453;17.025152926091287;79.91773404823408;259.5341604613865;580.0200000000001;260.0
2129698.0;0.005477250952462779;0.01083922358657198;0.42666879827608983;17.030383447370852;79.99267705519141;255.6422538915479;573.0599999999998;260.0
2129708.0;0.005550068657052216;0.01108911524450262;0.427267421817053;17.051983286952265;80.07868524305871;251.99763941843133;566.5399999999998;250.0
2129718.0;0.0055391239902077925;0.011174546228000909;0.42785898340684275;17.077066497614656;80.19860244913404;248.35302494531476;560.0099999999999;250.0
2129728.0;0.005617295340036675;0.01144349659340583;0.4284606615204759;17.101885996038355;80.31615945487688;244.7025225651335;553.48;240.0
2129738.0;0.005612324587154533;0.011545489463048106;0.4289865102202224;17.14559031766005;80.46378651321773;241.0873476273411;546.96;240.0
2129748.0;0.005609720814883402;0.011655241047003481;0.4296061361031751;17.170561909161243;80.51249296273637;237.42506943303005;540.36;240.0
2129758.0;0.005699384366910156;0.011962475130409897;0.4302351639453815;17.195567389046523;80.44743569383795;233.75101542458947;533.75;230.0
2129768.0;0.0056977864971548;0.0120825127341895;0.43084092130820434;17.227965538695404;80.37508351107967;230.07696141614872;527.1299999999999;230.0
2129778.0;0.005702424083242991;0.012212963764461376;0.4313849091567769;17.271287013546022;80.29840761988311;226.5383292701988;520.7199999999999;230.0
2129788.0;0.0058118546937862775;0.012564375689096461;0.4318498809467686;17.324053228399503;80.18483400934696;223.2234375927116;514.7;220.0
2129798.0;0.005822438213414756;0.012685784256248316;0.4322364668842912;17.369806799066076;80.08216016572747;220.39135429453864;509.56000000000006;220.0
2129808.0;0.0058417726161297335;0.012814121903500553;0.4325465292038446;17.418082323716558;79.92839600961608;217.8183389072173;504.86;220.0
2129818.0;0.005863453838250916;0.012928049400120713;0.4327552445278633;17.463170083752722;79.79920699399906;215.78701096985822;501.13;220.0
2129828.0;0.006000105029979549;0.013284940139026036;0.43300597508821487;17.483036176395615;79.72559457275247;214.12662117758225;498.06000000000006;210.0
2129838.0;0.006022027849663085;0.013368392407825256;0.43311024330477416;17.508926797014183;79.67892285087434;213.03735837059259;496.02999999999986;210.0
2129848.0;0.006041718089377929;0.013434224642096829;0.43307339250965743;17.550374793167812;79.67958874928357;212.31903370868588;494.65999999999985;210.0
2129858.0;0.006049209398609996;0.013452640479418633;0.43296397838674905;17.58067012765959;79.68507377877054;212.1541723108714;494.33000000000004;210.0
2129868.0;0.006039613522198136;0.01346200989704422;0.43317907144778095;17.57076880051918;79.75191111869282;211.34164113592783;492.9300000000002;210.0
2129878.0;0.0059576139712960606;0.013464606305875688;0.4343729865896276;17.524153556528677;80.15722045420478;207.0787964210063;485.6700000000001;210.0
2129888.0;0.00596264258845259;0.013675514415448979;0.4357836270204824;17.437486037607403;80.55565799074168;202.66875402946476;478.2800000000002;200.0
2129898.0;0.005899354999535556;0.01363253691126246;0.43676392424675337;17.33579084000671;80.93244287051773;200.37835818125404;474.49;200.0
2129908.0;0.005852398204478535;0.013591264719881398;0.4377065834578738;17.202619545483056;81.34337662095794;198.8298386232093;471.96999999999997;200.0
2129918.0;0.00580957834930607;0.013500129775276376;0.4380473756636145;17.130867872557406;81.59837356843897;198.68264094658923;471.9200000000002;200.0
2129928.0;0.005841600363193726;0.013407906888715057;0.4372453151645974;17.11105646740026;81.50264441341884;202.34491914090023;478.3400000000001;200.0
