bldg_code;vulnerability;sc_lev;damage_class;settlement_max;tilt_max;esp_h_max
94028BC00CU_03;None;2.0;None;None;None;None
94028BC00CU_02;None;2.0;None;None;None;None
94081CM0115_01;None;1.0;None;None;None;None
94081CN0092_03;None;1.0;None;None;None;None
94081CN0096_04;None;1.0;None;None;None;None
94081CN0096_05;None;2.0;None;None;None;None
94081CN0096_07;None;2.0;None;None;None;None
94081CN0096_08;None;2.0;None;None;None;None
94081CN0096_09;None;2.0;None;None;None;None
94081CN0096_10;None;2.0;None;None;None;None
94081CN0096_11;None;1.0;None;None;None;None
94081CN0096_12;None;1.0;None;None;None;None
94081CN0096_13;None;1.0;None;None;None;None
94081CN0096_14;None;2.0;None;None;None;None
94081CN0096_15;None;2.0;None;None;None;None
94081CN0096_16;None;2.0;None;None;None;None
94081CN0096_18;None;1.0;None;None;None;None
94081CN0096_20;None;2.0;None;None;None;None
94081CN0096_21;None;2.0;None;None;None;None
94081CN0096_22;None;2.0;None;None;None;None
94081CN0096_23;None;1.0;None;None;None;None
94081CO0175_02;None;2.0;None;None;None;None
94081CU0299_02;None;2.0;None;None;None;None
94081CU0314_02;None;1.0;None;None;None;None
94081DI0005_01;None;1.0;None;None;None;None
94081DI0005_03;None;2.0;None;None;None;None
94081DI0005_04;None;2.0;None;None;None;None
94081DI0024_01;None;2.0;None;None;None;None
94081DI0024_02;None;2.0;None;None;None;None
94081DI0027_01;None;2.0;None;None;None;None
94081DI0027_03;None;2.0;None;None;None;None
94081DI0027_04;None;2.0;None;None;None;None
94081DI0027_06;None;2.0;None;None;None;None
94081DI0027_07;None;2.0;None;None;None;None
94081DI0027_09;None;2.0;None;None;None;None
94081DI0027_11;None;2.0;None;None;None;None
94081DI0027_12;None;2.0;None;None;None;None
94081DI0027_14;None;2.0;None;None;None;None
94081DI0027_21;None;3.0;None;None;None;None
94081DJ0092_02;None;2.0;None;None;None;None
94081DJ0120_01;None;1.0;None;None;None;None
94081DJ0121_01;None;1.0;None;None;None;None
94081DJ0121_02;None;2.0;None;None;None;None
94081DJ0121_03;None;1.0;None;None;None;None
94081DJ0131_01;None;3.0;None;None;None;None
94081DJ0131_02;None;2.0;None;None;None;None
94081DJ0131_03;None;3.0;None;None;None;None
94081DJ0131_04;None;1.0;None;None;None;None
94081DJ0131_07;None;1.0;None;None;None;None
94028BE0518_02;None;1.0;None;None;None;None
94028BE0518_03;None;1.0;None;None;None;None
94028BE0518_04;None;1.0;None;None;None;None
94028BE0518_06;None;1.0;None;None;None;None
94028BE0523_02;None;1.0;None;None;None;None
94028BE0534_02;None;2.0;None;None;None;None
94028BF0210_02;None;1.0;None;None;None;None
94028BF0234_02;None;1.0;None;None;None;None
94028BF0252_02;None;2.0;None;None;None;None
94028BF0253_02;None;2.0;None;None;None;None
94028BF0273_01;None;1.0;None;None;None;None
94028BF0273_02;None;1.0;None;None;None;None
94028BF0283_02;None;2.0;None;None;None;None
94028BF0283_03;None;1.0;None;None;None;None
94028BF0283_04;None;2.0;None;None;None;None
94028BF0283_06;None;1.0;None;None;None;None
94028BF0283_07;None;2.0;None;None;None;None
94046BH0029_02;None;1.0;None;None;None;None
94046BH0030_01;None;3.0;None;None;None;None
94046BH0030_03;None;2.0;None;None;None;None
94046BH0031_01;None;3.0;None;None;None;None
94046BH0036_01;None;3.0;None;None;None;None
94046BH0036_02;None;3.0;None;None;None;None
94046BH0037_02;None;3.0;None;None;None;None
94046BH0042_01;None;1.0;None;None;None;None
94046BH0042_03;None;1.0;None;None;None;None
94046BH0053_01;None;1.0;None;None;None;None
94046BH0053_03;None;1.0;None;None;None;None
94046BI0001_01;None;3.0;None;None;None;None
94046BI0001_02;None;3.0;None;None;None;None
940760U0119_01;None;1.0;None;None;None;None
940760V0055_01;None;2.0;None;None;None;None
940760V0199_02;None;2.0;None;None;None;None
94076AZ0114_02;None;1.0;None;None;None;None
94081AQ0092_01;None;1.0;None;None;None;None
94081AQ0104_01;None;2.0;None;None;None;None
94081AR0162_01;None;1.0;None;None;None;None
94081AS0115_01;None;2.0;None;None;None;None
94081AS0115_02;None;1.0;None;None;None;None
94081AU0040_01;None;2.0;None;None;None;None
94081AU0100_01;None;1.0;None;None;None;None
94081AU0113_01;None;1.0;None;None;None;None
94081AU0171_02;None;1.0;None;None;None;None
94081AU0171_04;None;1.0;None;None;None;None
94081BP0093_01;None;1.0;None;None;None;None
94081BP0093_02;None;1.0;None;None;None;None
94081BP0093_03;None;2.0;None;None;None;None
94081BP0093_05;None;1.0;None;None;None;None
94081BP0100_01;None;1.0;None;None;None;None
94081BP0142_01;None;1.0;None;None;None;None
94081BP0150_01;None;2.0;None;None;None;None
94081BP0203_02;None;1.0;None;None;None;None
94081BT0134_02;None;1.0;None;None;None;None
94081CH0243_01;None;1.0;None;None;None;None
94081CI0020_02;None;1.0;None;None;None;None
94081CI0207_01;None;2.0;None;None;None;None
94081CI0229_01;None;2.0;None;None;None;None
94081CI0278_01;None;1.0;None;None;None;None
94081CJ0066_01;None;1.0;None;None;None;None
94081CJ0100_02;None;2.0;None;None;None;None
94081CJ0100_03;None;1.0;None;None;None;None
94081CJ0255_03;None;1.0;None;None;None;None
94081CJ0255_05;None;1.0;None;None;None;None
94081CJ0258_01;None;1.0;None;None;None;None
94081CK0015_01;None;1.0;None;None;None;None
94081CK0019_02;None;1.0;None;None;None;None
94081CK0067_02;None;1.0;None;None;None;None
94081CL0070_01;None;1.0;None;None;None;None
94081CL0070_02;None;1.0;None;None;None;None
94081CL0140_01;None;1.0;None;None;None;None
94081CL0140_03;None;2.0;None;None;None;None
94081CL0140_04;None;1.0;None;None;None;None
94081CL0163_01;None;1.0;None;None;None;None
94002AJ0015_01;None;1.0;None;None;None;None
94002AJ0085_01;None;3.0;None;None;None;None
94002AJ0131_02;None;1.0;None;None;None;None
94002AK0073_02;None;1.0;None;None;None;None
940280D0026_02;None;1.0;None;None;None;None
940280L0004_01;None;1.0;None;None;None;None
940280L0100_01;None;1.0;None;None;None;None
940280L0100_03;None;3.0;None;None;None;None
940280N0114_01;None;1.0;None;None;None;None
940280N0114_02;None;1.0;None;None;None;None
94028BC0117_02;None;2.0;None;None;None;None
94028BC0117_03;None;3.0;None;None;None;None
94028BC0255_01;None;1.0;None;None;None;None
94028BC0277_01;None;2.0;None;None;None;None
94028BC0310_02;None;1.0;None;None;None;None
94028BD0057_02;None;2.0;None;None;None;None
94028BE0490_01;None;1.0;None;None;None;None
94028BE0490_02;None;1.0;None;None;None;None
94028BE0518_01;None;1.0;None;None;None;None
94081CJ0154_01;1.0;1.0;1.0;1.05809000607e-05;3.03141966751e-06;5.41177739515e-06
94081CJ0255_04;1.0;1.0;1.0;0.00953947783761;0.00103610491891;0.000330700395048
94081CJ0258_03;1.0;1.0;1.0;0.015296779699;0.000927941076249;0.000725991194848
94081CJ0048_01;1.0;1.0;1.0;0.0105793419558;0.000656063630654;0.000209089322475
94081CJ0100_01;1.0;2.0;1.0;0.0046067595772;0.000536095038707;0.000168206381102
94081CJ0100_04;1.0;2.0;1.0;2.40823846403e-05;5.8582188624e-06;8.95907284678e-06
94081CK0015_02;1.0;1.0;1.0;0.0110250841751;0.000634272059726;0.000267310113326
94081CK0016_01;1.0;1.0;1.0;0.0100920267762;0.000638781044307;0.000187122790174
94081CK0017_01;1.0;1.0;1.0;0.0129601610964;0.000638040101671;0.000420133127427
94081CK0018_01;1.0;1.0;1.0;0.012731824911;0.000600535142797;0.00041273115779
94081CK0019_01;1.0;1.0;1.0;0.0121975316502;0.000638781047421;0.000364178773468
94081CK0020_01;1.0;1.0;1.0;0.00984043881773;0.000634272057121;0.000171780139291
94081CK0021_01;1.0;1.0;1.0;0.00449452701086;0.000511072143087;0.000165049309705
94081CK0056_01;1.0;1.0;1.0;0.011108376141;0.00063878105686;0.000269623138518
94081CK0175_01;1.0;1.0;1.0;0.0128453397293;0.000600653679503;0.000416410995462
94081CK0190_01;1.0;1.0;1.0;0.000973149153623;0.000161398080881;0.00012218297769
94081CK0191_01;1.0;1.0;1.0;0.00100838642234;0.000166285441777;0.000124306589392
94081CK0203_01;1.0;1.0;1.0;0.00597094332345;0.000596276684449;0.000167704612011
94081CJ0049_01;1.0;1.0;1.0;0.0130279082908;0.000653624672828;0.000422206852097
94081CK0014_01;1.0;1.0;1.0;0.00473084625599;0.000525399842264;0.000169213439613
94081CK0013_01;1.0;1.0;1.0;0.00264315113285;0.00035709544998;0.000168033999706
94081CJ0051_01;1.0;1.0;1.0;0.00574263314497;0.000694639348428;0.000217439974602
94081CJ0074_01;1.0;1.0;1.0;0.00860327603733;0.000726206667838;0.000188078514773
94081CJ0052_01;1.0;1.0;1.0;0.00117234173919;0.00019132535388;0.000150055570476
94081CJ0073_01;1.0;1.0;1.0;0.0146630369847;0.00058103480422;0.000515655818242
94081CJ0053_01;1.0;1.0;1.0;0.000318151016977;6.24609387076e-05;6.4058305774e-05
94081CJ0054_01;1.0;1.0;1.0;5.80142309898e-05;1.34020771883e-05;1.84993883078e-05
94081CJ0072_01;1.0;1.0;1.0;0.0137270797984;0.000831763055691;0.000405433555067
94081CJ0076_01;1.0;1.0;1.0;0.00377808253408;0.000523951499735;0.000209005202567
94081CJ0055_01;1.0;1.0;1.0;1.09022353973e-05;2.86641802484e-06;4.82345496737e-06
94081CJ0071_01;1.0;1.0;1.0;0.00916916095257;0.000833505854751;0.000215802869097
94081CJ0077_01;1.0;1.0;1.0;0.00343219950927;0.00049200664375;0.000255352368519
94081CJ0069_01;1.0;1.0;1.0;0.00212103119253;0.000340039003591;0.000199311588541
94081CJ0070_01;1.0;1.0;1.0;0.00773683644435;0.000798191438221;0.000215802801446
94081CJ0258_02;1.0;1.0;1.0;3.96999803532e-05;9.78498328709e-06;1.40464319327e-05
94081CJ0066_02;1.0;1.0;1.0;1.38221205547e-05;3.72778163329e-06;6.21507016771e-06
94081CJ0067_01;1.0;1.0;1.0;6.18160157721e-05;1.49525243036e-05;2.10668907892e-05
94081CJ0068_01;1.0;1.0;1.0;0.00573842737184;0.00069574025206;0.000229209717005
94081CJ0102_01;1.0;1.0;1.0;3.46550444576e-06;1.03252184543e-06;1.9724892886e-06
94081CJ0067_02;1.0;1.0;1.0;0.00152005516363;0.000263483652095;0.000179606699569
94081CL0039_01;1.0;1.0;1.0;0.0025937220052;0.000344656711177;0.000160881627496
94081CL0060_01;1.0;1.0;1.0;0.00840562248897;0.000471741343123;0.000252708199228
94081CL0161_01;1.0;1.0;1.0;0.00991377937889;0.00051590840837;0.000395759607843
94081CL0160_01;1.0;1.0;1.0;0.00496420740974;0.000468512280752;0.000124383690701
94081CL0059_01;1.0;1.0;1.0;0.00685524223881;0.000486357575025;0.000126010525354
94081CL0171_01;1.0;1.0;1.0;0.000408014977501;7.73344594794e-05;7.18664530798e-05
94081CL0041_01;1.0;1.0;1.0;0.00832843743658;0.000494001597191;0.000217803206749
94081CL0042_01;1.0;1.0;1.0;0.00952243939001;0.00046708088765;0.000322582230493
94081CL0043_01;1.0;1.0;1.0;0.00891519747259;0.000504081284841;0.000258311102562
94081CL0170_02;1.0;1.0;1.0;0.00170958637307;0.000254529614262;0.000136921258439
94081CL0036_01;1.0;1.0;1.0;0.00617337713361;0.000545358072705;0.000142515703455
94081CL0044_01;1.0;1.0;1.0;0.00753145863317;0.000515046584161;0.000133767820858
94081CL0153_01;1.0;1.0;1.0;0.00245635737701;0.00032876954724;0.000133767800722
94081CL0037_01;1.0;1.0;1.0;0.00963350588042;0.000539607271177;0.000281677605269
94081CL0006_01;1.0;1.0;1.0;0.0100984066718;0.000526383791364;0.00038902919735
94081CL0038_01;1.0;1.0;1.0;0.0106554787463;0.000538857852343;0.000420334401112
94081CL0004_01;1.0;1.0;1.0;0.00278539497041;0.000365145365679;0.000143350880011
94081CL0010_01;1.0;1.0;1.0;0.000897234174725;0.000151353666353;0.000111110869922
94081CL0164_01;1.0;1.0;1.0;0.00636304286595;0.000542015668093;0.000141081005447
94081CL0003_01;1.0;1.0;1.0;0.000776110186099;0.000133679894357;0.000103143077751
94081CL0008_01;1.0;1.0;1.0;0.0101825755323;0.000548982029756;0.000361149940509
94081CL0009_01;1.0;1.0;1.0;0.00436492533479;0.0004752654132;0.00016553346048
94081CL0165_01;1.0;1.0;1.0;0.00891773032049;0.000547749109948;0.000205906745701
94081CL0007_01;1.0;1.0;1.0;0.010515582585;0.000364538349907;0.000352566901223
94081CK0180_01;1.0;1.0;1.0;0.00190420261975;0.000275821247947;0.000142356721774
94081CK0109_02;1.0;1.0;1.0;0.00910174743078;0.000558135984599;0.000227317126933
94081CK0112_01;1.0;1.0;1.0;0.0107050001052;0.000491293887779;0.000418164003205
94081CK0113_01;1.0;1.0;1.0;0.0105147741375;0.000555202670608;0.000333980257845
94081CK0114_01;1.0;1.0;1.0;0.00176067958322;0.000260945360379;0.00014347967073
94081CK0108_01;1.0;1.0;1.0;0.0100540018311;0.000546712967508;0.000318803078551
94081CK0109_01;1.0;1.0;1.0;0.00749954724157;0.000539518570792;0.00015664871682
94081CK0107_01;1.0;1.0;1.0;0.0108519382103;0.00047953165898;0.000360750301249
94081CK0186_01;1.0;1.0;1.0;0.000945431980489;0.000156861275742;0.000127081505937
94081CK0105_01;1.0;1.0;1.0;0.00778307914861;0.000562973146797;0.000146379227634
94081CK0106_01;1.0;1.0;1.0;0.0105814637819;0.000566946114688;0.000323335354045
94081CK0187_01;1.0;1.0;1.0;0.00296507284972;0.00037908574418;0.000170977109295
94081CK0088_01;1.0;1.0;1.0;0.0093584699034;0.000567060522671;0.000214419363304
94081CK0104_01;1.0;1.0;1.0;0.00264634911933;0.000350769571914;0.000157349475234
94081CK0089_01;1.0;1.0;1.0;0.0113038208862;0.000578255999039;0.000373871300859
94081CK0103_01;1.0;1.0;1.0;0.00152573161038;0.000233518443812;0.000141169344913
94081CK0070_01;1.0;1.0;1.0;0.00220872379056;0.000311030037224;0.0001538416872
94081CK0071_01;1.0;1.0;1.0;0.00160716345574;0.000242968549488;0.000143519115061
94081CK0091_01;1.0;1.0;1.0;0.0115448738035;0.000464902909525;0.000380558751332
94081CK0069_01;1.0;1.0;1.0;0.00550146505383;0.000558746671197;0.00015738767048
94081CK0069_02;1.0;1.0;1.0;0.0114048140661;0.000604263111241;0.000346106986264
94081CK0092_01;1.0;1.0;1.0;0.00392370831104;0.000465404123133;0.000156777522686
94081CK0048_01;1.0;1.0;1.0;0.00161868113564;0.000245103108583;0.000146845851154
94081CK0067_03;1.0;1.0;1.0;0.0119693137222;0.000607476069219;0.000392557786002
94081CK0068_01;1.0;1.0;1.0;0.0120771521909;0.000613915027564;0.00039676275489
94081CK0093_01;1.0;1.0;1.0;0.00144504142486;0.000223846346973;0.000141165552509
94081CK0049_02;1.0;1.0;1.0;0.00302581225836;0.00039460526146;0.000160957488374
94081CK0051_01;1.0;1.0;1.0;0.0124554503825;0.00063001742578;0.000407141017774
94081CK0067_01;1.0;1.0;1.0;0.00340485599667;0.000426227517413;0.000160135618683
94081CK0211_01;1.0;1.0;1.0;0.00986535884297;0.000623942974732;0.000191155278884
94081CK0052_01;1.0;1.0;1.0;0.0123607231802;0.000595702926768;0.00040337041159
94081CK0213_01;1.0;1.0;1.0;0.00189905670558;0.000277680677953;0.000177203310675
94081CK0053_01;1.0;1.0;1.0;0.012152631704;0.000625066168352;0.000381320470645
94081CK0054_01;1.0;1.0;1.0;0.0108112549307;0.000636133684132;0.000250556875128
94081CK0204_01;1.0;1.0;1.0;0.00893275352499;0.000640210039626;0.000166579786272
94081CK0022_01;1.0;1.0;1.0;0.00272846387152;0.000365954926126;0.000163979348255
94028BCOAA_016;None;2.0;None;None;None;None
94028BF0273_05;None;3.0;None;None;None;None
940760U0195_01;None;3.0;None;None;None;None
94028BC0310_99;None;3.0;None;None;None;None
940280N0125_02;None;3.0;None;None;None;None
940280N0125_01;None;3.0;None;None;None;None
94076AZGARE_01;None;3.0;None;None;None;None
94081DJ0131_13;None;1.0;None;None;None;None
94081DJ0131_14;None;1.0;None;None;None;None
94081DJ0131_15;None;1.0;None;None;None;None
94081DJ0135_01;1.0;2.0;1.0;1.92605578665e-06;5.94395190557e-07;1.30851412162e-06
94081DJ0139_01;None;2.0;None;None;None;None
94028BF0A86_01;2.0;3.0;1.0;0.00939792481203;0.000346066725128;0.000264879501355
94076AZ00M7_01;1.0;2.0;1.0;1.23241960359e-05;2.92394090826e-06;4.15866386733e-06
94028BE00M8_01;3.0;3.0;3.0;0.0168046683709;0.00130568486662;0.00158387808058
94002AFVL09_01;1.0;2.0;1.0;0.00604515188258;0.000262828931079;0.000257639509751
94081BTVL10_01;1.0;2.0;1.0;0.00912570598345;0.000324616276963;0.000209520667694
94081DIPALP_01;None;3.0;None;None;None;None
94046BI00V1_01;None;3.0;None;None;None;None
94046BI0V2M_01;None;3.0;None;None;None;None
94081DJ0V1T_01;None;3.0;None;None;None;None
94081DJ0V2T_01;None;3.0;None;None;None;None
94081DJ0V2B_01;None;3.0;None;None;None;None
94081DJRERC_01;None;3.0;None;None;None;None
94046BIRERD_01;None;2.0;None;None;None;None
94081XX00T9_01;None;2.0;None;None;None;None
94081DJPTZ5_01;None;1.0;None;None;None;None
94002AKPALP_01;None;3.0;None;None;None;None
94081XXVL10_01;None;2.0;None;None;None;None
94081DITRPL_01;None;2.0;None;None;None;None
94081DI0GRT_01;None;2.0;None;None;None;None
94046BI0GRT_01;None;2.0;None;None;None;None
94028BC00CU_01;None;2.0;None;None;None;None
94081CM0019_02;1.0;2.0;1.0;0.0123883395993;0.000474692240046;0.000505646468423
94081CM0022_01;1.0;2.0;1.0;0.0144728483291;0.000798895117909;0.000519482063431
94081DJ0090_01;1.0;1.0;1.0;0.0212802141976;0.00140101381784;0.000717954391664
94081CI0008_01;1.0;1.0;1.0;0.0168112364603;0.00127710385399;0.000400408362385
94081CI0010_01;1.0;1.0;2.1;0.0234102014157;0.00125541835132;0.00100010109952
94081CI0011_01;1.0;1.0;2.1;0.0234141190944;0.0011879921939;0.00100060333309
94081CI0012_01;1.0;1.0;1.0;0.0205353740887;0.0012554184785;0.000649838704603
94081CI0016_01;1.0;1.0;1.0;0.00447899556247;0.000583766962332;0.000275131180073
94081CI0178_02;1.0;2.0;1.0;3.23346327915e-06;1.02726102169e-06;2.20235408311e-06
94081CL0140_02;1.0;2.0;1.0;0.00288944135948;0.000495806058211;0.000349654368433
94028BC0117_01;2.0;2.0;2.1;0.0118386363536;0.00110721327255;0.000268894953723
94028BC0310_06;2.0;3.0;1.0;0.000872172806562;0.000131248621323;8.77410587979e-05
94028BC0259_01;1.0;2.0;1.0;0.0098559494147;0.000835437275472;0.000266831678311
94028BC0255_03;1.0;1.0;2.1;0.0163558390158;0.00190490436094;0.000670943979473
94028BC0255_05;1.0;1.0;1.0;0.000113440708446;2.80812197211e-05;4.23750739154e-05
94028BE0523_01;1.0;1.0;1.0;1.90475143863e-07;5.87508106663e-08;1.40681187064e-07
94028BE0516_01;1.0;1.0;1.0;0.00612628834044;0.000455486205952;0.00011334255358
94028BE0518_05;1.0;1.0;1.0;0.00686183208745;0.000341412464507;0.000231470837971
94028BE0493_01;1.0;1.0;1.0;0.00664867208064;0.000320246037035;0.000218492810012
94028BE0534_01;1.0;2.0;1.0;0.000163876187704;3.10116592252e-05;3.6761710249e-05
94028BE0188_01;1.0;2.0;1.0;0.0068229610823;0.000569562098549;0.000146739649168
94002AE0083_01;1.0;1.0;1.0;0.00241713922186;0.00018696401651;5.37416130611e-05
94002AJ0086_01;1.0;1.0;1.0;0.00722099504073;0.000234694755016;0.00017706044678
94002AK0073_01;1.0;1.0;1.0;0.00027154679699;4.23430257345e-05;4.21324664508e-05
94081DI0027_08;1.0;1.0;1.0;0.0164377196015;0.000701920842979;0.000542140135322
94028BC0310_03;1.0;1.0;1.0;2.49299969629e-06;6.1275894175e-07;1.22410511327e-06
94028BF0210_01;1.0;1.0;1.0;0.000818011796976;0.000112443875946;9.29819504947e-05
94028BF0283_05;1.0;2.0;1.0;0.0088690891215;0.000462821636854;0.000163064521181
94028BF0273_03;1.0;1.0;1.0;0.00826020801137;0.000355864203384;0.000223010908659
94028BF0234_01;1.0;1.0;1.0;0.00969350851854;0.000382776571666;0.00029754372231
94046BH0036_03;2.0;3.0;1.0;1.56072921411e-05;2.51081088604e-06;4.04118508643e-06
94046BI0001_03;1.0;2.0;1.0;0.00921697616661;0.00031732226837;0.000241471640294
94046BI0025_01;1.0;2.0;1.0;0.000135591006292;1.93937281172e-05;2.18408145135e-05
94002AF0051_01;1.0;1.0;1.0;0.00420131054159;0.00015471239814;0.000111502304349
94081DI0027_15;1.0;2.0;1.0;5.45013985795e-10;1.81062185464e-10;5.48301897382e-10
94028BE0644_01;2.0;3.0;1.0;0.000156703503932;2.79699082412e-05;2.90526477397e-05
94028BF0253_01;1.0;2.0;1.0;0.00175168283514;0.000239540257285;0.00013985843656
94028BF0258_01;1.0;1.0;1.0;3.91666250143e-05;7.98035005141e-06;1.07189363028e-05
94028BF0258_02;1.0;1.0;1.0;7.07020430395e-05;1.36591174402e-05;1.66372978853e-05
94028BF0252_01;1.0;2.0;1.0;0.00710111893273;0.00035177655583;0.000226456452459
94028BF0087_02;2.0;3.0;1.0;4.19989293666e-05;8.68064477001e-06;1.28504754729e-05
94028BF0087_01;2.0;3.0;1.0;0.000250417041511;4.05568157464e-05;4.43673963249e-05
94028BF0283_01;1.0;2.0;1.0;0.00459937505322;0.00033583785821;8.07236148671e-05
94028BF0272_01;1.0;1.0;1.0;0.00850838367208;0.000353644528753;0.000255952940148
94028BF0272_02;1.0;1.0;1.0;0.00145627678947;0.000171478075373;9.9698176877e-05
94028BF0157_02;1.0;2.0;1.0;5.84700583382e-05;9.15923311803e-06;1.21660343561e-05
94028BF0159_01;1.0;1.0;1.0;0.0104365643639;0.000401034133095;0.000247787465885
94028BF0159_02;1.0;2.0;1.0;0.00340686664774;0.000280327223211;0.00011754968143
94028BF0158_01;1.0;1.0;1.0;0.0104365602243;0.000401034173477;0.000247787180255
94046BH0029_01;1.0;1.0;1.0;0.00987574080467;0.000344495392261;0.000261747372169
94046BH0030_02;2.0;3.0;2.1;0.0101465548053;0.000356030821447;0.000270642276339
94046BH0031_02;1.0;2.0;1.0;0.00613980402742;0.000356941990524;0.000110054637778
94046BH0033_01;2.0;3.0;1.0;2.26450288808e-05;3.56379134478e-06;5.53658106394e-06
94046BH0037_01;2.0;3.0;1.0;0.00660750515001;0.000343918980921;0.000104511547689
94046BH0053_02;1.0;1.0;1.0;0.000461877402158;5.64885990607e-05;5.42785088684e-05
94046BH0037_03;2.0;3.0;1.0;0.000386658318499;4.64249360194e-05;4.64609018735e-05
94046BH0038_01;1.0;1.0;1.0;0.00973984953096;0.000320173859956;0.000207016992078
94046BH0042_02;1.0;1.0;1.0;0.0047919204555;0.00030937975033;8.28189044836e-05
94046BI0001_04;1.0;2.0;1.0;0.00191977004261;0.000176476421355;9.61437552392e-05
94046BI0001_05;1.0;2.0;1.0;0.00787444373248;0.00031732317184;0.000142070719202
94046BI0036_01;2.0;3.0;1.0;0.00502647896391;0.000262142645426;4.18434065356e-05
94002AF0060_01;1.0;1.0;1.0;0.00556318868047;0.000148025204088;0.000143863164738
94002AF0137_01;1.0;1.0;1.0;0.00328848524343;0.00017824489636;4.52788532011e-05
94002AF0161_01;1.0;1.0;1.0;0.00336792297465;0.000184504741592;5.05047354889e-05
94002AF0128_01;1.0;1.0;1.0;0.00343147415216;0.000185917901317;4.86024635785e-05
94002AF0057_01;1.0;1.0;1.0;0.00359138639592;0.000171714894886;5.08033750815e-05
94002AF0051_02;1.0;1.0;1.0;0.00192093759017;0.000140014332197;4.71636678069e-05
94002AF0054_01;1.0;1.0;1.0;0.00320660809992;0.000149096464032;4.43848210965e-05
94002AF0055_01;1.0;1.0;1.0;0.0029760568709;0.000147883544246;4.2192941403e-05
94002AF0155_01;1.0;2.0;1.0;0.00252282217089;0.000161074373302;4.23635713614e-05
94002AF0156_01;1.0;1.0;1.0;0.00222302660567;0.000138996945674;3.96928470336e-05
94002AF0034_01;1.0;2.0;1.0;0.00408356828445;0.000169858595546;8.22050555401e-05
94002AF0035_01;1.0;2.0;1.0;0.002346733925;0.000152820147728;4.03563502441e-05
94002AF0031_01;1.0;1.0;1.0;0.000897877358764;8.76932904343e-05;4.07956520752e-05
94002AF0033_01;1.0;1.0;1.0;0.00488317319564;0.000120063312805;0.000136249252036
94002AF0125_01;1.0;1.0;1.0;0.00460311781877;0.000142801739332;0.000120680299486
94002AF0134_01;1.0;1.0;1.0;0.00126472237402;0.000111808202915;4.55106763129e-05
94002AE0174_01;1.0;1.0;1.0;0.00211397476527;0.000149875072351;4.92333615167e-05
94002AE0175_01;1.0;1.0;1.0;0.00390502386564;0.000200644265529;5.20341806131e-05
94002AE0087_01;1.0;1.0;1.0;0.00292470461472;0.000180064826417;4.80131877432e-05
94002AE0088_01;1.0;1.0;1.0;0.00373979282696;0.000180539389422;6.644241515e-05
94002AE0088_02;1.0;1.0;1.0;0.00379322105037;0.000180539380447;7.05672413649e-05
94002AE0099_01;1.0;1.0;1.0;0.0050505788304;0.000204016382922;0.000135815308471
94028BC0310_04;1.0;2.0;1.0;0.000231632087156;4.23270153465e-05;4.20129461405e-05
94028BC0310_07;1.0;2.0;1.0;3.26942344203e-05;6.94152134644e-06;1.10395392633e-05
94028BC0310_05;1.0;2.0;1.0;0.000663748319417;0.000109185922805;8.1328131553e-05
94028BC0276_01;2.0;2.0;2.1;0.0106999995275;0.00105539543707;0.000362793930086
94028BC0281_01;2.0;3.0;2.1;0.00547509355577;0.000694622952402;0.000207789224167
94028BC0277_02;2.0;2.0;2.1;0.0131769320198;0.00115086890195;0.000250123622305
94028BC0310_01;1.0;2.0;1.0;0.00806790210063;0.000704337220908;0.000174048121187
94028BC0310_08;1.0;2.0;1.0;3.72007730463e-05;9.41471547235e-06;1.44647703908e-05
94028BC0300_01;1.0;1.0;1.0;0.00466326751895;0.000756132402258;0.000392403786254
94028BC0255_02;1.0;1.0;2.1;0.0126485156365;0.00155651911349;0.00058068181492
94028BC0300_02;1.0;1.0;1.0;0.00415750860196;0.00062038064273;0.00033100379487
94028BC0255_04;1.0;1.0;1.0;0.000459997758331;9.0824228333e-05;0.000100731726547
94028BD0294_01;1.0;2.0;1.0;0.000679802687744;0.000119228134519;9.21650316856e-05
94028BD0295_01;1.0;2.0;1.0;0.000726056639104;0.000126935863735;9.73638504327e-05
94002AE0084_01;1.0;1.0;1.0;0.00268613928834;0.000189224600332;5.34890529633e-05
94002AE0085_01;1.0;1.0;1.0;0.00353463249895;0.000187913863866;5.12984807114e-05
94002AE0091_01;1.0;1.0;1.0;0.00145945986149;0.000140970192664;6.67387166808e-05
94002AE0100_01;1.0;1.0;1.0;0.00530175393496;0.00020191452585;0.000144597349032
94002AE0101_01;1.0;2.0;1.0;0.00502052651219;0.000198023587707;0.000116779453589
94002AJ0085_02;2.0;3.0;1.0;0.00457993225019;0.00028237475128;8.66249698993e-05
94002AJ0101_01;1.0;2.0;1.0;0.0072209953777;0.000220966130334;0.000177060470338
94002AJ0085_03;2.0;3.0;1.0;0.0056826832986;0.000275491099068;7.78230596598e-05
94002AJ0131_01;1.0;1.0;1.0;0.000603982659229;7.87606232573e-05;6.05950433119e-05
94002AJ0014_01;1.0;2.0;1.0;0.000343198425256;4.65886366305e-05;4.08388875551e-05
94002AJ0016_01;1.0;1.0;1.0;0.00653410010886;0.000468173913715;0.000102335758044
94002AJ0061_01;1.0;1.0;1.0;0.000413179485883;6.01807436352e-05;5.38904608523e-05
94002AJ0062_01;1.0;1.0;1.0;0.000141306218464;2.31885979321e-05;2.64776232836e-05
94002AJ0059_01;1.0;1.0;1.0;0.00378924619261;0.000363516001199;0.000113842420748
94002AJ0059_02;1.0;1.0;1.0;0.00783852006847;0.000468489995911;0.000113658830539
94002AJ0060_01;1.0;1.0;1.0;0.00104961662055;0.000136414471473;9.09006981067e-05
94081DI0027_13;1.0;2.0;1.0;7.66454205236e-08;2.16157699478e-08;5.35923130788e-08
94081DI0027_16;1.0;2.0;1.0;4.08021394577e-14;1.68479645785e-14;6.55195031133e-14
94081DI0027_17;1.0;2.0;1.0;1.03098660104e-14;4.36532008583e-15;1.74584269569e-14
94081DI0027_02;1.0;2.0;1.0;0.000113148568096;2.11560955865e-05;2.98503239006e-05
94081DI0027_05;1.0;2.0;1.0;2.37733297078e-05;5.01037402252e-06;8.37439618633e-06
94081DI0027_10;1.0;2.0;1.0;4.8945280188e-12;1.8318982678e-12;6.37401570353e-12
94081DI0027_18;1.0;2.0;1.0;2.975193551e-19;1.47419086607e-19;6.99982835035e-19
94081DI0026_01;1.0;2.0;1.0;0.00573224675589;0.000617726729207;0.000256664889732
94081DI0027_19;1.0;2.0;1.0;1.06661923218e-15;4.68716376983e-16;1.95192021467e-15
94081DI0027_20;1.0;2.0;1.0;7.97826406453e-13;3.10054488275e-13;1.12529435996e-12
94028BF0158_02;1.0;1.0;1.0;0.00539343115767;0.000356232515721;0.000115191006385
94028BF0159_03;1.0;1.0;1.0;0.000316977608619;4.26787754127e-05;4.04681122037e-05
94028BF0157_01;1.0;1.0;1.0;0.00629877371108;0.000366110710659;9.48585501033e-05
94046BH0052_01;1.0;1.0;1.0;9.39247958642e-05;1.37658833739e-05;1.69765783257e-05
94002AF0058_01;1.0;1.0;1.0;0.00391354866997;3.6197085686e-05;0.000109362519773
94028BD0056_01;1.0;2.0;1.0;0.00197218519856;0.000333582782231;0.000207618546636
94028BD0058_01;1.0;2.0;1.0;0.0162910024311;0.000791463326104;0.000598982529227
94028BD0060_01;1.0;2.0;1.0;0.00222949576865;0.000367851041619;0.000212431620197
94028BD0183_01;1.0;2.0;1.0;0.00307494458697;0.000474915386887;0.000223333124422
94028BD0055_01;1.0;2.0;1.0;0.000446520962452;9.00196464817e-05;9.42048042088e-05
94028BD0057_01;3.0;3.0;2.2;0.0152477460515;0.000707917543007;0.000554988929191
94028BD0058_02;2.0;3.0;2.1;0.00463366977624;0.000572199540623;0.000240186122931
94028BD0060_02;1.0;2.0;1.0;0.00234374516986;0.000345889749694;0.000223064324741
94028BD0210_01;1.0;2.0;1.0;0.00160741342865;0.000262103364706;0.000170675471805
94028BD0050_01;2.0;3.0;2.1;0.0125616849353;0.000692503834531;0.000441394318139
94028BD0049_01;2.0;3.0;2.1;0.0107713949561;0.000671829509475;0.000277710279186
94028BD0049_02;1.0;1.0;1.0;0.00156078184544;0.000251065033762;0.000189248132122
94028BD0272_01;1.0;2.0;1.0;0.00610965883785;0.000632907126784;0.000167093013627
94028BD0048_01;1.0;2.0;1.0;0.00317914668362;0.000423990426635;0.000158873914091
94028BD0047_01;1.0;2.0;1.0;0.00109972154973;0.00018389631285;0.00012658723121
94028BD0098_01;1.0;2.0;1.0;0.0111811183738;0.000604510010604;0.000385294026107
94028BD0100_01;1.0;2.0;1.0;0.0111811190379;0.000552020135977;0.000385294090775
94028BD0064_01;1.0;2.0;1.0;0.00802807552804;0.000572159926719;0.000142317227678
94028BE0523_03;1.0;1.0;1.0;1.08759665613e-20;6.77526425351e-21;3.54575671504e-20
94028BD0046_01;1.0;1.0;1.0;1.59902736563e-05;4.09851247219e-06;7.1806570043e-06
94028BD0065_01;1.0;2.0;1.0;0.00346525218311;0.00042511998173;0.000135269598588
94028BD0100_02;1.0;2.0;1.0;0.0104763908387;0.000386612019143;0.00045001674648
94028BD0065_02;2.0;3.0;1.0;0.00124479190513;0.000199145893164;0.000148873372409
940280D0020_01;1.0;1.0;1.0;7.32114987148e-77;8.12412433679e-77;9.01830914472e-76
940280D0021_01;1.0;2.0;1.0;2.23237279922e-72;2.40040398081e-72;2.61988680169e-71
940280D0025_01;1.0;2.0;1.0;9.38362707429e-42;7.5235650681e-42;6.05992446991e-41
940280D0026_01;1.0;1.0;1.0;9.1841392585e-27;5.76283839552e-27;3.57911880036e-26
940280D0035_01;2.0;3.0;1.0;2.69607168339e-45;2.25826669915e-45;1.86306691257e-44
940280D0049_01;1.0;1.0;1.0;1.52075290171e-58;1.46234403918e-58;1.40155205759e-57
940280L0003_01;1.0;2.0;1.0;6.33910984426e-65;6.4375818372e-65;6.33405864924e-64
940280L0004_02;1.0;1.0;1.0;1.82985565966e-53;1.67576824591e-53;1.48321141684e-52
940280L0005_01;1.0;2.0;1.0;1.90153517659e-53;1.74043078714e-53;1.58532206557e-52
940280L0006_01;1.0;1.0;1.0;9.78831954156e-29;6.38725408955e-29;4.02956721852e-28
940280L0057_01;1.0;2.0;1.0;1.17495454629e-29;7.79697006035e-30;5.07417658404e-29
940280L0092_01;1.0;1.0;1.0;4.87831492273e-29;3.20419655633e-29;2.00869853187e-28
940280L0095_01;1.0;1.0;1.0;1.10928183612e-35;8.15696343318e-36;5.91631425145e-35
940280L0098_01;1.0;1.0;1.0;3.47274340103e-52;3.13838225341e-52;2.82141115109e-51
940280L0099_01;1.0;1.0;1.0;2.95582417581e-49;2.5897319495e-49;2.25474387772e-48
940280L0100_02;2.0;3.0;1.0;7.42851319749e-39;5.72839073666e-39;4.2461254281e-38
940280L0101_01;1.0;1.0;1.0;1.20615543202e-44;1.00224482999e-44;8.25946425735e-44
940280L0109_01;1.0;1.0;1.0;1.0330015122e-34;7.49243477292e-35;5.43099995336e-34
940280L0113_01;1.0;1.0;1.0;1.67305447153e-41;1.33785478263e-41;1.07459395085e-40
940280N0079_01;1.0;1.0;1.0;1.92070748004e-10;6.81538844729e-11;2.20148055816e-10
940280N0114_03;1.0;1.0;1.0;1.34151335555e-06;3.42952832587e-07;7.05170584464e-07
940280N0114_04;1.0;1.0;1.0;5.17646579797e-18;2.58074018927e-18;1.20470135413e-17
94081DI0005_02;1.0;1.0;1.0;0.0139707046096;0.000966990244163;0.00029936977161
94081CM0065_02;1.0;1.0;1.0;0.000487116246383;9.29832295433e-05;9.19090723584e-05
94081DJ0131_05;3.0;2.0;2.2;0.0228620344391;0.00118686549092;0.000942321344199
94081AU0171_01;1.0;1.0;1.0;0.000414291151323;8.32132828485e-05;7.958701444e-05
94081CI0191_06;1.0;1.0;1.0;0.00117636235026;0.000214527460039;0.000181213765165
94081CI0191_07;1.0;1.0;2.1;0.0242337824595;0.00129936743812;0.00103563165595
94081CI0191_09;1.0;1.0;1.0;0.00613188289536;0.000828652751096;0.00038836411327
94081CI0027_01;1.0;1.0;1.0;1.51542210333e-05;4.45848519313e-06;7.80298547848e-06
94081CI0026_01;1.0;1.0;1.0;0.000232629898434;5.57947827168e-05;6.90518584751e-05
94081CI0277_01;1.0;1.0;2.1;0.0229921821516;0.00131849555099;0.000847710458895
94081CM0019_01;1.0;1.0;1.0;0.00305722846439;0.000431131056084;0.000172622262478
94081CM0065_01;1.0;1.0;1.0;0.0120003151114;0.000644425793357;0.00039317442681
94081CM0098_02;1.0;2.0;1.0;0.00997718165104;0.00061728977402;0.000253622787646
94081CH0313_01;1.0;1.0;1.0;0.0156583211062;0.000650420887262;0.000633940016064
94081CM0156_03;1.0;1.0;1.0;1.77436119887e-08;4.93709464551e-09;1.26997067879e-08
94081CH0254_01;1.0;1.0;1.0;0.000229990098783;3.76955731749e-05;4.33499643739e-05
94081CH0251_01;1.0;1.0;1.0;0.00893474484025;0.000452837708843;0.000197398701411
94081CH0253_01;1.0;1.0;1.0;0.00070073698052;9.93189291692e-05;8.77265740228e-05
94081CN0092_01;1.0;2.0;1.0;0.00913283847412;0.000347329942643;0.000213013269154
94081CN0096_01;1.0;1.0;1.0;0.00931088736815;0.000366141922747;0.000216890204318
94081CN0096_02;1.0;1.0;1.0;0.00450526655433;0.000337744339316;9.66653429052e-05
94081CN0096_03;1.0;1.0;1.0;0.000836251719371;9.88602628474e-05;7.01062541712e-05
94081CN0096_06;1.0;2.0;1.0;0.0097220348163;0.000405309906895;0.000224816688933
94081CN0096_19;1.0;1.0;1.0;0.00944728867724;0.000359832483002;0.000226788253332
94081CN0096_17;1.0;1.0;1.0;0.00953347722975;0.000343693737997;0.00021975424061
94081CN0003_02;1.0;2.0;1.0;0.0085938247776;0.000292016560135;0.000179900056897
94081CN0002_02;1.0;2.0;1.0;0.00671762875205;0.000256472216581;0.000113431729398
94081CN0003_03;1.0;1.0;1.0;0.00807420265494;0.000246172696058;0.000162857193972
94081CN0003_01;1.0;2.0;1.0;0.008210506655;0.000271729745254;0.00016399991412
94081CN0002_01;1.0;2.0;1.0;0.00858627323538;0.000242672913619;0.000177201454823
94081CN0002_03;1.0;2.0;1.0;0.00780911714461;0.000283981698839;0.000133131811955
94081CO0175_01;1.0;1.0;1.0;0.00398842073368;0.000302803246761;9.00465411307e-05
94081BT0134_01;1.0;2.0;1.0;0.00243546348031;0.000210273295444;0.000100264306522
94081BT0141_01;1.0;1.0;1.0;0.000474397135727;5.21855567601e-05;4.16429462146e-05
94081BT0134_03;1.0;1.0;1.0;0.00435387136761;0.000321322446765;0.000106883459282
94081BT0134_04;1.0;2.0;1.0;0.000928421961167;9.8730597025e-05;7.12591052778e-05
94081BQ0235_01;1.0;1.0;1.0;0.0061932550041;0.000382251462281;0.00011670466266
940760U0032_01;1.0;1.0;1.0;0.0112286595452;0.000497502024068;0.000293693599043
940760U0033_01;1.0;1.0;1.0;0.00852564614975;0.000426119713299;0.000189518147924
940760U0037_01;1.0;1.0;1.0;0.00211990810762;0.00020617530406;0.000100318425575
940760U0138_01;1.0;1.0;1.0;0.00821480022162;0.000384895775408;0.000167213704978
940760U0170_01;1.0;1.0;1.0;0.00999891788936;0.000505199252655;0.000238258918091
94076AZ0090_02;1.0;1.0;1.0;0.00146882883819;0.000179140946631;0.000124128857712
94081DI0024_03;1.0;2.0;1.0;2.78794971495e-05;6.49695996516e-06;9.95867604084e-06
94081DI0024_04;1.0;2.0;1.0;0.00699375136826;0.000769648456391;0.000317591079192
94081DJ0131_06;1.0;1.0;2.1;0.0212262682005;0.00102376113973;0.00080372019418
94081DJ0041_01;1.0;2.0;1.0;0.0063022464891;0.000725735674068;0.000298844747475
94081DJ0131_08;1.0;1.0;1.0;4.47018559773e-06;1.18177375842e-06;2.34822410675e-06
94081DJ0131_09;1.0;1.0;1.0;0.000258474579077;5.17873399578e-05;6.75484705094e-05
94081DJ0131_16;1.0;1.0;1.0;4.04145355447e-07;1.21273445514e-07;2.82730511022e-07
94081DJ0131_10;1.0;2.0;1.0;9.98566973306e-06;2.57596628851e-06;4.88075355773e-06
94081DJ0131_11;1.0;1.0;1.0;7.35281859941e-06;1.96143770174e-06;3.83306759634e-06
94081DJ0131_12;1.0;1.0;1.0;5.504984355e-05;1.29499956891e-05;2.09680168447e-05
94081DJ0092_01;1.0;1.0;2.1;0.0242117400499;0.0014125130187;0.0011462525416
94081DJ0122_01;1.0;1.0;1.0;5.81725722874e-10;2.42290893638e-10;7.75574938344e-10
94081DJ0124_01;2.0;1.0;2.2;0.0224697380949;0.00188283951575;0.00157131035094
94081CI0167_01;1.0;1.0;1.0;6.07498668375e-15;3.36231961572e-15;1.44543663414e-14
94081CI0190_01;1.0;1.0;1.0;7.41430334799e-14;3.96941296464e-14;1.63046910826e-13
94081CI0191_01;1.0;1.0;2.1;0.0236489177722;0.00136288963303;0.00110012323823
94081CI0191_02;1.0;1.0;2.1;0.0236961653576;0.00136230579432;0.00110112221888
94081CI0231_01;2.0;2.0;2.1;0.0142821967926;0.00133037689876;0.0004212786052
94081BP0126_01;1.0;1.0;1.0;4.84626276153e-08;1.74876990832e-08;4.6943323483e-08
94081BP0148_01;1.0;1.0;1.0;0.0063508239612;0.000866247610176;0.000298631011101
94081CU0288_01;1.0;1.0;1.0;3.44707809234e-08;1.39313497744e-08;3.93648863188e-08
94081CU0314_03;1.0;1.0;1.0;4.0171380058e-05;1.15568531047e-05;1.98504370456e-05
94081BP0093_04;1.0;1.0;1.0;0.0133791382722;0.00125931030594;0.000400304903292
94081CU0299_01;1.0;1.0;1.0;2.95806375452e-06;9.99946281451e-07;2.0191979097e-06
940810X0237_01;1.0;1.0;1.0;1.06827371618e-13;6.1957225202e-14;2.52083981777e-13
94081AU0171_03;1.0;1.0;1.0;0.000501268463784;9.09569212876e-05;8.30617546762e-05
94081AU0100_02;1.0;1.0;2.1;0.021831034619;0.00114169433542;0.000893965374278
94081AU0040_02;2.0;2.0;2.1;0.0190071420633;0.00117755493283;0.00041421205656
94081AU0047_01;1.0;1.0;1.0;6.0575369944e-06;1.4343831767e-06;2.6496801241e-06
94081AU0092_01;1.0;1.0;1.0;0.00279760366673;0.000360758358856;0.000241803417433
94081BQ0220_01;1.0;2.0;1.0;0.00928679925577;0.00059031317335;0.000182230788361
94081CO0177_01;1.0;1.0;1.0;0.000133663437292;2.10590711516e-05;2.50994533278e-05
94081CU0141_01;1.0;1.0;1.0;0.000214466183219;3.78460708705e-05;4.36209875512e-05
94081BP0150_02;1.0;1.0;1.0;0.00227186686731;0.000295365510187;0.000194423866246
94081CU0141_02;1.0;2.0;1.0;0.000299677088411;5.1883465699e-05;5.82576682206e-05
94081BP0027_01;1.0;2.0;1.0;0.00842621826129;0.000822318976551;0.000273657570783
94081BP0027_02;1.0;2.0;1.0;0.000251110894629;4.49707289096e-05;5.07320932938e-05
94081BP0207_01;1.0;1.0;1.0;0.0129454324052;0.00119865395746;0.000263576031893
94081BP0211_01;1.0;2.0;1.0;0.00226687037807;0.000358189456986;0.000283736657934
94081BP0134_01;1.0;1.0;1.0;0.0075059124309;0.000937072554512;0.000376446625217
94081CU0314_01;1.0;2.0;1.0;0.00128623524934;0.000250019593055;0.000202344376088
94081BP0100_02;3.0;2.0;2.2;0.0209982099871;0.00123008228614;0.000994626804478
94081BP0203_01;2.0;2.0;2.1;0.0140985807361;0.00139066529921;0.000322099098351
940810X0214_01;1.0;1.0;1.0;1.01448757459e-13;5.25568744304e-14;2.09239851134e-13
94081AU0111_01;1.0;1.0;1.0;0.0023442636005;0.000398391599787;0.000312265177593
94081AU0188_01;1.0;2.0;1.0;0.000304307613166;6.75743260768e-05;8.74529117321e-05
94081CI0191_04;1.0;1.0;2.1;0.0232607819203;0.00133727225822;0.00108089074245
94081CI0191_03;1.0;1.0;2.1;0.0245822383143;0.00141353134092;0.000865441270885
94081CI0191_05;1.0;1.0;1.0;0.0193713052886;0.00130597153186;0.000541724616826
94081CI0191_08;2.0;1.0;2.2;0.0227362387214;0.00190466166881;0.00158992820021
94081CM0115_02;1.0;1.0;1.0;0.00786077206403;0.000463689137713;0.00011209368425
94081CM0115_03;1.0;1.0;1.0;0.00988517007003;0.000412104021538;0.000244952817487
94081CM0115_04;1.0;1.0;1.0;0.0117542265772;0.00052675657908;0.000320763742477
94081CM0115_05;1.0;1.0;1.0;0.006099879147;0.000371462466218;0.000114363118875
94081CN0092_02;1.0;1.0;1.0;0.00758257935774;0.000351015633735;0.000149524278559
94081CH0190_01;1.0;1.0;1.0;2.09762752465e-05;4.05829349113e-06;6.13660786088e-06
94081CH0192_01;1.0;1.0;1.0;5.92415514254e-07;1.36518515206e-07;2.83534037081e-07
94081CH0241_01;1.0;1.0;1.0;3.77399995586e-06;7.92013633362e-07;1.41121962339e-06
94081CH0244_01;1.0;1.0;1.0;0.000223121559063;3.40810664272e-05;3.78399185521e-05
94081CH0245_01;1.0;1.0;1.0;0.000575525397449;8.01013357974e-05;7.58076724498e-05
94081CH0246_01;1.0;1.0;1.0;0.0013059109176;0.000163148038583;9.71320717795e-05
94081CH0248_01;1.0;1.0;1.0;0.00245854663165;0.000263324895682;0.000104856306264
94081CH0255_01;1.0;1.0;1.0;1.62573677437e-05;3.19841061871e-06;5.18812693455e-06
94081CH0256_01;1.0;1.0;1.0;6.01820715828e-06;1.25753189239e-06;2.2449187575e-06
94081CN0032_01;1.0;1.0;1.0;3.65363267853e-06;7.2802543236e-07;1.30746525025e-06
94081CN0032_02;1.0;1.0;1.0;2.53557820747e-05;4.39428255149e-06;6.71694854773e-06
94081BT0140_01;1.0;1.0;1.0;2.86773217404e-05;4.22910611759e-06;6.18849084888e-06
94081BT0141_02;1.0;1.0;1.0;0.000129499100682;1.6508172578e-05;1.94198018054e-05
94081AR0124_01;1.0;1.0;1.0;0.0199765841948;0.000685212244726;0.000402344953677
94081AR0128_01;1.0;2.0;1.0;0.0172418332153;0.000667159588181;0.000226823670314
94081AR0289_01;1.0;1.0;1.0;0.0180453396418;0.000691198619576;0.000314785443711
94081AR0340_01;1.0;1.0;1.0;0.0199964645355;0.000689445726314;0.000435500070444
94081AR0340_02;1.0;1.0;1.0;0.00725588854068;0.000526544781975;0.00019908287429
94081AR0399_01;1.0;1.0;1.0;0.0210406286513;0.000606690222739;0.000466286834822
94081AR0401_01;1.0;1.0;1.0;0.0209077829326;0.000665538535144;0.000464154004993
94081AR0413_01;1.0;2.0;1.0;0.0185412380322;0.000661964358592;0.0002952867418
94081AR0452_01;1.0;1.0;1.0;0.0210021208235;0.000596432509819;0.000430509143375
94081AR0456_01;1.0;1.0;1.0;0.0174346897439;0.000662005539531;0.000250566332968
94081AR0523_01;1.0;1.0;1.0;0.0158220975602;0.000674759371798;0.000196456157376
94081AR0523_02;1.0;1.0;1.0;0.00824505255817;0.000567007213354;0.000183098535102
94081AS0139_01;1.0;1.0;1.0;0.018012695107;0.000766494267263;0.000401157093154
94081AS0309_01;1.0;2.0;1.0;0.0090820265626;0.000596148555095;0.000209867254271
94081AR0153_01;1.0;1.0;1.0;0.00723318894254;0.000221306086002;0.000125615861609
94081AR0153_02;1.0;1.0;1.0;0.00729346208516;9.74623625011e-05;0.000160621135305
94081AR0154_01;1.0;1.0;1.0;0.00495945569439;0.000230997501705;5.38008322939e-05
94081AR0157_01;1.0;2.0;1.0;0.00591806824051;0.000217265790538;6.51640643506e-05
94081AR0159_01;1.0;1.0;1.0;0.00615755803299;0.000217265786334;7.29346105269e-05
94081AR0160_01;1.0;1.0;1.0;0.00642582076429;0.000217237823349;8.46336859995e-05
94081AR0162_02;1.0;1.0;1.0;0.00550977548315;0.000213198454697;4.87504317788e-05
94081AR0207_01;1.0;2.0;1.0;0.00763364127384;9.92629826477e-05;0.000141643178023
94081AR0460_01;1.0;1.0;1.0;0.00662531422759;0.000214915647119;9.99623521661e-05
94081AR0460_02;1.0;1.0;1.0;0.00502893494664;0.000213572275535;3.05323689202e-05
94081AR0469_01;1.0;1.0;1.0;0.0063008015653;0.000230503854824;8.36360574528e-05
94081AR0503_01;1.0;1.0;1.0;0.00687632500993;0.000230926535218;0.000117615922214
94081AR0529_01;1.0;1.0;1.0;0.00754488759235;0.000220931955001;0.000157349059765
94081AR0148_01;1.0;1.0;1.0;0.00382789847823;0.000207159025649;5.01685683041e-05
94081AR0150_01;1.0;2.0;1.0;0.00760984017073;0.000143329904999;0.000136822965706
94081AR0532_01;1.0;1.0;1.0;0.00675180975692;0.000212059637615;0.000105503347957
94081AR0161_01;1.0;1.0;1.0;0.00697765809333;0.000202333797438;0.000117442765204
94081AQ0090_01;1.0;1.0;1.0;0.00610171719694;0.000212791536388;7.92141913908e-05
94081AQ0091_01;1.0;2.0;1.0;0.00702004876144;0.000211372944282;0.000124141326835
94081AQ0092_02;1.0;1.0;1.0;0.00692196331707;0.000212706512939;0.000121526222352
94081AQ0097_01;1.0;1.0;1.0;0.00744700125601;0.000221119133341;0.000156878053021
94081AQ0097_03;1.0;1.0;1.0;0.00636867949832;0.000213107153705;9.38014664807e-05
94081AQ0098_01;1.0;1.0;1.0;0.0074236181589;0.000203869159129;0.000158624316773
94081AQ0097_02;1.0;1.0;1.0;0.00730566025963;0.000226487951168;0.000150520165025
94081AQ0099_01;1.0;1.0;1.0;0.00749493260086;0.000230978542548;0.000164651406478
94081AQ0100_01;1.0;1.0;1.0;0.00499244916418;0.000229913810645;4.85709951567e-05
94081AQ0251_02;1.0;1.0;1.0;0.00343250044474;0.000203833908063;6.62557284083e-05
94081AQ0253_01;1.0;1.0;1.0;0.00701771096809;0.000226507524868;0.000137776916592
94081AQ0253_02;1.0;1.0;1.0;0.00734576280203;0.000111071027984;0.000161374399869
94081AQ0251_01;1.0;1.0;1.0;0.00689511421818;0.000237813438494;0.000107580351931
940760U0180_01;2.0;3.0;1.0;0.00414793264069;0.000324342977207;9.95867214447e-05
94076BC0004_02;1.0;1.0;1.0;0.00251744812081;0.000192069039508;7.9238911767e-05
94076BC0018_01;1.0;1.0;1.0;0.00652146662104;0.00027896088989;9.1096726931e-05
94076BC0022_01;1.0;1.0;1.0;0.00613373787081;0.000290105981335;7.62957373682e-05
94076BC0101_01;1.0;1.0;1.0;0.00806631232832;0.000311339938731;0.000172394218339
94076BC0161_01;1.0;1.0;1.0;0.00897503510839;0.000269029283483;0.000221399322357
94076BC0165_01;1.0;1.0;1.0;0.00784383781742;0.00030264364699;0.000181044338328
94076BC0167_01;1.0;1.0;1.0;0.00712095112478;0.000309501550962;0.000112217318178
94076BC0170_01;1.0;1.0;1.0;0.00445959959043;0.000266682875973;7.91559661505e-05
94076BC0181_01;1.0;1.0;1.0;0.00833879431053;0.000251016218259;0.00021370030149
94076BC0183_01;1.0;1.0;1.0;0.00598229041664;0.00028398226097;6.88873685634e-05
94076BC0177_01;1.0;1.0;1.0;0.00887149762227;0.000313438588852;0.000250961743203
94076BC0028_01;1.0;1.0;1.0;0.00253496996378;0.000217601692434;0.000101371762043
94076BC0176_01;1.0;1.0;1.0;0.00907962447549;0.000333920549077;0.00023476289058
94076BC0031_01;1.0;1.0;1.0;0.00907322764449;0.000312473944574;0.000234340177618
940760U0139_01;1.0;1.0;1.0;0.00572108866304;0.00037744976409;9.91523583692e-05
94076BC0128_01;1.0;1.0;1.0;0.00870565712096;0.000372130223895;0.000231671822756
94076BC0217_01;1.0;1.0;1.0;0.00720884519295;0.000374060653482;0.000108632608434
940760U0174_01;1.0;1.0;1.0;0.00956784893657;0.000519916163428;0.00019463523293
94076AZ0089_01;1.0;2.0;1.0;0.00449663870635;0.000445311063396;0.000136659982667
94076AZ0088_01;1.0;2.0;1.0;0.00594574054988;0.000521324290545;0.000143479807094
940760U0172_01;1.0;1.0;1.0;0.00879917161827;0.000503913369034;0.0001642077572
940760U0176_01;1.0;1.0;1.0;0.00631142688142;0.000509410890786;0.000156417527627
94076AZ0126_01;1.0;1.0;1.0;0.00523159540277;0.000474987685831;0.000154492378668
94076AZ0167_01;1.0;2.0;1.0;0.00747993180706;0.000530171054536;0.000160497411001
940760U0167_01;1.0;1.0;1.0;0.00581640700381;0.000507497927724;0.000138873212946
94076AZ0191_01;1.0;1.0;1.0;0.010207466134;0.000542247682248;0.00023119572949
940760U0156_01;1.0;1.0;1.0;0.00419850176001;0.000438576846968;0.000150716866384
94076AZ0109_02;1.0;1.0;1.0;0.00825960265801;0.000545360046375;0.000152734475638
940760V0281_01;1.0;1.0;1.0;0.00309861128946;0.000367743280462;0.000140348895107
94076AZ0081_01;1.0;1.0;1.0;0.00846985187711;0.000551799810424;0.000139705641503
940760V0280_01;1.0;1.0;1.0;0.00278129822333;0.000342408020318;0.00014320061615
94076AZ0078_01;1.0;2.0;1.0;0.0121972504171;0.000549764616259;0.000353134475423
94076AZ0079_01;1.0;2.0;1.0;0.012209322407;0.000581540130416;0.000349978843301
940760V0278_01;1.0;1.0;1.0;0.0026010821482;0.000327722068663;0.000145503299866
94076AZ0077_01;2.0;3.0;2.1;0.0122691159126;0.000578241247855;0.000379745112768
94076AZ0072_01;1.0;1.0;1.0;0.00143179597889;0.000205497584603;0.000126448370144
94076AZ0076_01;1.0;2.0;1.0;0.0129661159078;0.000620483194382;0.000382153058782
940760V0180_01;1.0;1.0;1.0;0.00119503586031;0.000174354281266;0.000130796274
94076AZ0073_01;1.0;2.0;1.0;0.00499913802014;0.000497061372892;0.000144816101737
94076AZ0075_01;2.0;3.0;2.1;0.0130550328022;0.00062366376904;0.00038471986289
94076AZ0072_02;1.0;2.0;1.0;0.0015180670157;0.000215988420699;0.000129277309933
94076AZ0074_01;1.0;1.0;1.0;0.0128068151074;0.000619276244859;0.000379597352812
94081DJ0088_01;1.0;1.0;1.0;0.00536139296815;0.000755378186456;0.000429172531587
94081DJ0088_02;1.0;1.0;1.0;9.1670878434e-05;2.23236130329e-05;3.47916526441e-05
94081DJ0123_01;2.0;1.0;2.2;0.0228403270106;0.00194986042404;0.0015378463109
94081DJ0088_03;1.0;1.0;1.0;4.45465725598e-05;1.21659098102e-05;2.01402507624e-05
94081DJ0088_04;1.0;1.0;1.0;0.00212855300833;0.000389865591515;0.000287353956127
94081CI0175_01;1.0;1.0;1.0;8.12051599213e-07;2.77210945689e-07;6.50776381349e-07
94081CI0178_01;1.0;2.0;1.0;2.99120303603e-05;8.39009529927e-06;1.43427528338e-05
94081CI0097_01;1.0;1.0;1.0;6.00197030283e-06;1.84417651416e-06;3.7102866725e-06
94081CI0190_02;1.0;1.0;1.0;1.47628069161e-15;8.53546089051e-16;3.7945104394e-15
94081CI0221_01;1.0;2.0;1.0;1.6088664057e-06;5.29234298771e-07;1.19640721376e-06
94081AU0092_02;1.0;1.0;1.0;0.00955088245924;0.000815277663697;0.000270607774478
94081AU0029_01;1.0;2.0;1.0;0.00374590106133;0.000441583640844;0.00022350307425
94081AU0030_01;1.0;1.0;1.0;0.0092349866312;0.000838793162418;0.000252925013247
94081AU0031_01;1.0;1.0;1.0;0.0167307520289;0.000963914571662;0.000304148497127
94081AU0104_01;1.0;1.0;1.0;0.0139435265835;0.00088605353917;0.0002703040166
94081AU0205_01;1.0;2.0;1.0;0.0187793471082;0.000893637952232;0.000525385727695
94081AU0022_01;1.0;1.0;1.0;0.00364982370192;0.000419717332239;0.00022248867803
94081AU0032_01;1.0;1.0;1.0;0.0187196876721;0.000884787789651;0.000504047577988
94081AU0033_01;1.0;2.0;1.0;0.0196661929329;0.000841452731272;0.000582744544246
94081AU0034_01;1.0;1.0;1.0;0.0209795849149;0.000945061836992;0.000584608865804
94081AU0021_01;1.0;1.0;1.0;0.00840765779506;0.000711644838504;0.000258263685565
94081AU0014_01;1.0;2.0;1.0;0.00322691400118;0.000377112143857;0.000233544243746
94081AU0020_01;1.0;1.0;1.0;0.012065634007;0.000838690379923;0.000258200967124
94081AU0108_01;1.0;2.0;1.0;0.0131885685444;0.000835882109747;0.000251811920106
94081AS0115_03;1.0;1.0;1.0;0.0196949244694;0.000800561825361;0.000605693453767
94081AS0380_01;1.0;2.0;1.0;0.0192743129424;0.000830808473319;0.000548356216933
94081AV0016_01;1.0;2.0;1.0;0.00982405211255;0.000780500291652;0.000255199620428
94081AV0017_01;1.0;1.0;1.0;0.0062525132562;0.000596311379102;0.000220336871758
94081AS0357_01;1.0;1.0;1.0;0.0198564196028;0.00079289943808;0.000606912750621
94081AS0121_02;1.0;1.0;1.0;0.0191042341971;0.00080776070837;0.000480824658358
94081AS0120_01;1.0;1.0;1.0;0.0171160124476;0.000843636313341;0.000284725871551
94081AS0162_01;1.0;1.0;1.0;0.00687047400843;0.000607485188361;0.000212691777181
94081AS0122_01;1.0;2.0;1.0;0.0174063950506;0.000796060977934;0.000391925458206
94081AS0126_01;1.0;1.0;1.0;0.0194608676539;0.000758989180822;0.000579442460382
94081AS0163_01;1.0;2.0;1.0;0.0197329568922;0.00078867588183;0.000592830924235
94081AS0398_01;1.0;1.0;1.0;0.0202798961459;0.000694997031532;0.000606274912468
94081AS0369_01;1.0;2.0;1.0;0.0196828336963;0.000765802846275;0.000576510234014
94081AS0370_01;1.0;1.0;1.0;0.00484667824015;0.000439307277202;0.000229272458825
94081AS0369_02;1.0;2.0;1.0;0.0191775494815;0.000554663817461;0.000554003251582
94081AS0060_01;1.0;2.0;1.0;0.00626867319108;0.000498139996741;0.00022446381465
94081CI0025_01;1.0;1.0;1.0;0.000831500773728;0.00017409836874;0.00016553418376
94081CI0265_01;1.0;1.0;1.0;0.00248542312227;0.000410423469942;0.000264577903373
94081CI0275_02;1.0;1.0;1.0;0.0117685912942;0.00112233908864;0.000335430909315
94081CI0273_01;1.0;1.0;1.0;0.0179858795473;0.00131849685454;0.000365234729877
94081CI0275_01;1.0;1.0;1.0;0.0205507680264;0.00131849680669;0.000602070555433
94081CI0109_01;1.0;1.0;1.0;0.0107135715784;0.00105097542649;0.000285498189987
94081CI0110_01;1.0;1.0;1.0;0.00322734481594;0.000494127536341;0.000277880301644
94081CI0019_01;1.0;1.0;1.0;0.00455668065428;0.000717400065626;0.000349255578992
94081CI0022_01;1.0;1.0;2.1;0.0193777533872;0.00112766584964;0.000805023522084
94081CI0009_01;1.0;1.0;1.0;0.0194798594317;0.00104180662562;0.000655878352431
94081CI0019_02;1.0;1.0;1.0;0.00175084187055;0.000291506191141;0.000237243936942
94081CI0020_01;1.0;2.0;1.0;0.00491552468833;0.00072529343343;0.000357579332277
94081CI0021_01;1.0;1.0;1.0;0.0101711545083;0.0010829770487;0.000346460463611
94081CL0110_01;1.0;1.0;1.0;0.00107619822719;0.000182570145761;0.00012715774255
94081CL0110_02;1.0;1.0;1.0;0.000985667585887;0.000170184117059;0.000138222765771
94081CM0020_01;1.0;1.0;1.0;0.0125122396545;0.000638658095828;0.00043738996676
94081CI0014_01;1.0;1.0;1.0;0.0171772126347;0.000918350882029;0.000591686060205
94081CM0018_01;1.0;1.0;1.0;0.0126089703931;0.000441539115429;0.000414610116129
94081CM0024_01;1.0;2.0;1.0;0.00427253142536;0.000540412820394;0.000212218004684
94081CM0024_02;1.0;1.0;1.0;0.00241996170638;0.000373873277373;0.000221281759776
94081CM0098_01;1.0;1.0;1.0;0.012816941776;0.000635223838614;0.000420685971085
94081CM0142_01;1.0;1.0;1.0;0.0102640277835;0.00067913974845;0.000228444301887
94081CI0015_01;1.0;1.0;1.0;0.0107742996969;0.000890130933576;0.000235154143709
94081CM0021_01;1.0;1.0;1.0;0.00435110260396;0.000525171209702;0.000198336338413
94081CM0025_01;1.0;2.0;1.0;0.00134197146657;0.000225572588201;0.000174281768747
94081CM0156_01;1.0;1.0;1.0;0.0106150256572;0.000280942447402;0.000432967302771
94081CH0162_01;1.0;2.0;1.0;0.0148118908301;0.000815474498103;0.00051222589942
94081CH0249_01;1.0;1.0;1.0;0.00516198600709;0.000400974789847;0.000107489751194
94081CH0250_01;1.0;1.0;1.0;0.00707889283814;0.000426197758906;0.000106264664085
94081AR0129_01;1.0;1.0;1.0;0.0179085271363;0.000662005594543;0.000278745500455
94081AR0397_01;1.0;1.0;1.0;0.0205581210324;0.000536352499774;0.000420245561564
94081AR0130_01;1.0;1.0;1.0;0.0107489193044;0.000641474066572;0.000187654742725
94081AR0131_01;1.0;1.0;1.0;0.0120830856333;0.000653433620478;0.000174542937513
94081AR0132_01;1.0;1.0;1.0;0.0191179100761;0.000661964367458;0.000327240537852
94081AR0390_01;1.0;1.0;1.0;0.00673564270504;0.000505636187953;0.000192452573044
94081AR0392_01;1.0;1.0;1.0;0.0149025318367;0.000653552982318;0.000118320834812
94081AR0394_01;1.0;1.0;1.0;0.0207342743651;0.000375871305187;0.000426152807606
94081AR0502_01;1.0;2.0;1.0;0.0137989965112;0.000657273546833;0.000118341780593
94081AR0394_02;1.0;1.0;1.0;0.0205097651894;0.000383517085216;0.000464056781302
94081AR0502_02;1.0;1.0;1.0;0.00861474206072;0.000575729240746;0.000188925970025
94081AQ0103_01;1.0;1.0;1.0;0.0063057897112;0.000236028377018;9.02471660462e-05
94081AQ0104_02;1.0;1.0;1.0;0.00445710744878;0.00023845391516;6.75118061356e-05
94081AQ0111_01;1.0;2.0;1.0;0.00495038404809;0.000249129853503;7.27550131275e-05
94081AQ0113_01;1.0;1.0;1.0;0.00380906169598;0.000232357529055;7.29990294124e-05
94081AQ0113_02;1.0;1.0;1.0;0.00741277619048;0.000128660984535;0.00017279067036
94081AQ0114_01;1.0;2.0;1.0;0.00379466466575;0.000234943680827;6.69169195284e-05
94081AQ0115_01;1.0;1.0;1.0;0.00415045171537;0.000242454620259;6.57552571957e-05
94081AQ0115_02;1.0;1.0;1.0;0.0055631478832;0.000239642822318;5.73538750493e-05
94081AQ0116_01;1.0;1.0;1.0;0.00587215494505;0.00024713761441;6.58960449368e-05
94081AQ0119_01;1.0;1.0;1.0;0.00517083738702;0.000251869293591;6.43364553136e-05
94081AQ0121_02;1.0;2.0;1.0;0.00752161893582;0.000241420987005;0.000173069923877
94081AQ0122_01;1.0;1.0;1.0;0.00754342467075;0.0002305448835;0.000173252724981
94081AQ0122_02;1.0;1.0;1.0;0.00723871925747;0.000163117180497;0.000164378622
94081AQ0123_01;1.0;1.0;1.0;0.00750494055112;0.000119301307194;0.000169641507247
94081AQ0129_01;1.0;2.0;1.0;0.00356963037586;0.000229007623902;6.74389379272e-05
94081AQ0190_01;1.0;1.0;1.0;0.00747139449129;0.000242413917655;0.000169075960491
94081AQ0225_01;1.0;1.0;1.0;0.00733295453469;0.00024786411107;0.00015853763927
94081AQ0225_02;1.0;1.0;1.0;0.00577436567532;0.000244371137308;6.61395979332e-05
94081AQ0242_01;1.0;2.0;1.0;0.0029736418762;0.000191761241455;6.91837458352e-05
94081AQ0314_01;1.0;1.0;1.0;0.00610292405113;0.000237225415689;7.80018704323e-05
94081AQ0316_01;1.0;1.0;1.0;0.00372473338832;0.000215274601404;6.2209020833e-05
94081AQ0358_01;1.0;1.0;1.0;0.00753871543942;0.000213212152383;0.000170211209834
94076BC0006_01;1.0;2.0;1.0;0.00678961172803;0.000238671045783;0.000126845880661
94076BC0007_02;1.0;2.0;1.0;0.0051893931296;0.00025722534032;4.18747406822e-05
94076BC0008_01;1.0;1.0;1.0;0.00366059323514;0.000238240535346;6.90418417344e-05
94076BC0098_01;1.0;1.0;1.0;0.00563002310959;0.000261168293952;4.98498086058e-05
94076BC0125_01;1.0;2.0;1.0;0.00775689818991;0.000225592760341;0.000189887346908
94076BC0126_01;1.0;1.0;1.0;0.00787988216696;0.0002328006216;0.000192897960666
94076BC0205_01;1.0;1.0;1.0;0.00359555741688;0.000237320624333;6.93323361187e-05
940760V0053_01;1.0;2.0;1.0;6.51249539993e-23;3.98546565189e-23;2.04819079008e-22
940760V0054_01;2.0;3.0;1.0;3.26271978116e-21;1.91023872895e-21;9.36277343281e-21
940760V0055_02;1.0;2.0;1.0;2.53614542072e-14;1.17530650887e-14;4.46062307537e-14
940760V0056_01;2.0;3.0;1.0;7.97637106146e-15;3.77222202743e-15;1.51249015818e-14
940760V0057_03;1.0;2.0;1.0;4.35551557206e-15;2.08337866881e-15;8.19098783195e-15
940760V0057_04;2.0;3.0;1.0;1.2557567741e-22;7.62391450833e-23;3.88486560505e-22
940760V0152_01;1.0;1.0;1.0;2.15210662734e-05;5.02935271595e-06;7.36086708469e-06
940760V0185_01;1.0;2.0;1.0;1.0257101548e-09;3.70254023787e-10;1.06442499044e-09
940760V0195_01;1.0;1.0;1.0;1.12704273506e-10;4.33276979212e-11;1.35451731555e-10
940760V0199_01;1.0;2.0;1.0;2.1536495458e-09;7.59888625264e-10;2.12282805051e-09
940760V0313_01;1.0;2.0;1.0;0.00124340148856;0.000192621114591;0.000123281531539
940760V0313_02;2.0;3.0;1.0;9.04531323363e-05;1.88756182162e-05;2.27571412209e-05
940760V0313_03;1.0;1.0;1.0;1.930758149e-05;4.51767244689e-06;6.73610689281e-06
94076AY0003_01;2.0;3.0;1.0;2.76282124668e-23;1.70498218998e-23;9.09315087558e-23
94076AZ0013_01;1.0;2.0;1.0;5.67285214561e-07;1.61935552218e-07;3.39686468274e-07
94076AZ0014_01;1.0;2.0;1.0;3.07150436915e-07;9.00539367068e-08;1.96993493944e-07
94076AZ0113_01;1.0;2.0;1.0;2.70268353558e-06;7.12526828943e-07;1.35852328986e-06
94076AZ0114_01;1.0;1.0;1.0;0.00344025216138;0.000403613484775;0.00017109994801
94076AZ0161_01;2.0;3.0;1.0;6.15727482643e-09;2.10739840586e-09;5.67817195429e-09
94076AZ0165_01;1.0;2.0;1.0;7.008081161e-09;2.38208144405e-09;6.3601841959e-09
94076AZ0181_01;1.0;2.0;1.0;0.00143156024114;0.000206954929969;0.000146121905798
94081CJ0255_01;1.0;1.0;2.1;0.018296914025;0.00129151216433;0.00103489134139
94081CJ0255_02;1.0;1.0;2.1;0.0174265602359;0.00119090324529;0.000949158854418
94081CL0108_01;1.0;1.0;1.0;0.00455506465946;0.000507414654618;0.000144599515161
94081CL0162_01;1.0;1.0;1.0;0.0036574394441;0.000451133610938;0.000156323602248
94081CL0158_01;1.0;1.0;1.0;0.000932848803067;0.000163635938498;0.000132284882636
94081CL0159_01;1.0;1.0;1.0;0.00738386566627;0.000546634719957;0.000132629907955
94081CM0156_02;1.0;1.0;1.0;0.00325091615532;0.000396342445658;0.000149725786164
94081CM0093_01;1.0;1.0;1.0;0.000344759227012;6.85885116544e-05;7.13796513921e-05
94081CL0105_01;1.0;1.0;1.0;0.00395049210106;0.000424190013145;0.000118182346041
94081CL0106_01;1.0;1.0;1.0;0.00893268986563;0.000486698374167;0.00031470840988
94081CL0068_01;1.0;1.0;1.0;0.000876782138463;0.000145567903249;9.62358679569e-05
94081CM0075_01;1.0;1.0;1.0;9.07858775703e-05;2.06515289136e-05;2.54489674142e-05
94081CL0104_01;1.0;2.0;1.0;0.00771064357215;0.000412468421163;0.000270664616923
94081CL0169_01;1.0;1.0;1.0;0.00771064357425;0.000418324048086;0.000270664617132
94081CL0069_01;1.0;1.0;1.0;0.00066593113762;0.000115898398866;8.61173133335e-05
94081CL0101_01;1.0;1.0;1.0;0.00409823346103;0.000421846802285;0.000137559088914
94081CL0102_01;1.0;1.0;1.0;0.00780174280641;0.000428265287793;0.000258238011859
94081CL0147_01;1.0;1.0;1.0;0.0014069817455;0.000213335533386;0.000122729664408
94081CL0168_01;1.0;1.0;1.0;0.00283383225913;0.000357710179193;0.000147762160865
94081CL0148_01;1.0;1.0;1.0;0.00964798303349;0.000507107622014;0.000389817474448
94081CL0166_01;1.0;1.0;1.0;0.00440087259173;0.00043136872455;0.000115719870994
94081CL0174_01;1.0;1.0;1.0;0.00134143143573;0.000205788505242;0.000115756999037
94081CL0175_01;1.0;1.0;1.0;0.000360798612626;6.87144620492e-05;6.30029118397e-05
94081CL0072_01;1.0;1.0;1.0;0.00862102047243;0.000456995034947;0.000295654544119
94081CL0063_01;1.0;1.0;1.0;0.00318942793003;0.000374069773231;0.000117328056578
94081CL0073_01;1.0;1.0;1.0;0.00807076461999;0.000451990389631;0.000247576097119
94081CL0074_01;1.0;1.0;1.0;0.00471734603129;0.000452110480552;0.000120406699291
94081CL0063_02;1.0;2.0;1.0;0.00667936633069;0.000468358280447;0.000140229739546
94081CL0062_01;1.0;1.0;1.0;0.0092151077795;0.00048562520732;0.000336564590382
94081CL0076_01;1.0;2.0;1.0;0.000913204360707;0.00015219888078;0.000119097342859
