shapeid;file_name;parcel;bldg_no;sc_lev;z_dem;z_top_tun;overburden;depth_fond;z_fondatio;overburde2;d_min_rang;angle_bldg;stories_un;stories_ov;nb_de_nive;lift_no;footprint;height_ove;comments;pk_min;pk_max;d_min;d_max
1;94028BC0310_08_SEN_ind01.pdf;94028BC0310;8;2;35;26;9;3;32;6;30m < D <= 40m;<30;1;1;0;1;25 X 20;8;NULL;2122526.29043738;2122555.74797876;-63.7600012723973;-39.5219675288149
1.ring1;94028BC0310_08_SEN_ind01.pdf;94028BC0310;8;2;35;26;9;3;32;6;30m < D <= 40m;<30;1;1;0;1;25 X 20;8;NULL;2122536.1254164;2122546.31106613;-56.7464060667556;-47.8611774111159
2;94028BF0252_01_SEN_ind01.pdf;94028BF0252;1;2;35;13;22;Non dtermin;NULL;non dtermin;Au dessus de l'axe;entre 60 et 90;Non dtermin;Non dtermin;Non dtermin;Non dtermin;75 X 40;Non dtermin;NULL;2123537.13146615;2123609.03018941;4.53337146559017;61.726966373669
2.ring1;94028BF0252_01_SEN_ind01.pdf;94028BF0252;1;2;35;13;22;Non dtermin;NULL;non dtermin;Au dessus de l'axe;entre 60 et 90;Non dtermin;Non dtermin;Non dtermin;Non dtermin;75 X 40;Non dtermin;NULL;2123569.85998851;2123585.45515307;25.5929428726781;40.091416211874
3;94028BF0283_05_SEN_ind01.pdf;94028BF0283;5;2;35;12;23;1;34;22;30m < D <= 40m;entre 60 et 90;1;5;0;1;130 X 100;20;NULL;2123557.85274154;2123729.82984192;-211.733270524461;-8.71437025248005
3.ring1;94028BF0283_05_SEN_ind01.pdf;94028BF0283;5;2;35;12;23;1;34;22;30m < D <= 40m;entre 60 et 90;1;5;0;1;130 X 100;20;NULL;2123675.99315074;2123682.2027219;-123.821689634224;-114.012712526874
3.ring2;94028BF0283_05_SEN_ind01.pdf;94028BF0283;5;2;35;12;23;1;34;22;30m < D <= 40m;entre 60 et 90;1;5;0;1;130 X 100;20;NULL;2123642.40168704;2123648.09846421;-148.660660071212;-139.609406964134
3.ring3;94028BF0283_05_SEN_ind01.pdf;94028BF0283;5;2;35;12;23;1;34;22;30m < D <= 40m;entre 60 et 90;1;5;0;1;130 X 100;20;NULL;2123599.33230569;2123605.45083793;-155.456475887759;-146.289843467344
4;94028BF0158_01_SEN_ind01.pdf;94028BF0158;1;1;35;8;27;4;31;23;0m < D <= 10m;entre 60 et 90;1;1;0;1;60 X 41;10;NULL;2123934.35385943;2123988.48222698;-21.5316359928274;34.0595950010243
4.ring1;94028BF0158_01_SEN_ind01.pdf;94028BF0158;1;1;35;8;27;4;31;23;0m < D <= 10m;entre 60 et 90;1;1;0;1;60 X 41;10;NULL;2123943.07994759;2123958.60483517;5.32842746468322;24.7131144295897
5;94081CI0010_01_SEN_ind01.pdf;94081CI0010;1;1;35;15;20;Non dtermin (btiment ferm);NULL;non dtermin;Au dessus de l'axe;entre 60 et 90;Non dtermin (btiment ferm);1;1;0;11 X 10;6;NULL;2126888.71169401;2126918.44699801;-20.5040799373383;-0.175531718706626
5.ring1;94081CI0010_01_SEN_ind01.pdf;94081CI0010;1;1;35;15;20;Non dtermin (btiment ferm);NULL;non dtermin;Au dessus de l'axe;entre 60 et 90;Non dtermin (btiment ferm);1;1;0;11 X 10;6;NULL;2126897.02593207;2126914.86941684;-16.1327062219865;-7.75934385764553
6;94081CM0115_02_SEN_ind01.pdf;94081CM0115;2;1;38;1;37;4;34;33;D > 50m;<30;1;1;1;0;110 X 11;10;NULL;2127168.48478713;2127268.81523941;10.9827458531425;103.12985036751
6.ring1;94081CM0115_02_SEN_ind01.pdf;94081CM0115;2;1;38;1;37;4;34;33;D > 50m;<30;1;1;1;0;110 X 11;10;NULL;2127226.14653468;2127243.13456057;35.1038147072831;51.2407517963179
7;94081BP0093_04_SEN_ind01.pdf;94081BP0093;4;1;48;30;18;0;48;18;D > 50 m;<30;0;2;0;0;35 X 35;12;NULL;2128207.25297127;2128328.62228351;-99.8274928730445;-8.40072284560982
7.ring1;94081BP0093_04_SEN_ind01.pdf;94081BP0093;4;1;48;30;18;0;48;18;D > 50 m;<30;0;2;0;0;35 X 35;12;NULL;2128258.05399233;2128272.25134219;-75.4819501905684;-61.1304864411903
7.ring2;94081BP0093_04_SEN_ind01.pdf;94081BP0093;4;1;48;30;18;0;48;18;D > 50 m;<30;0;2;0;0;35 X 35;12;NULL;2128272.62527312;2128288.83707229;-69.5725550621092;-57.6869377487732
8;94028BE0518_05_SEN_ind01.pdf;94028BE0518;5;1;35;17;18;2;33;16;0m < D <= 10m;entre 60 et 90;1;1;0;0;44 X 44;6;NULL;2123276.74516641;2123360.59453502;-45.5471830102245;48.1994181430463
8.ring1;94028BE0518_05_SEN_ind01.pdf;94028BE0518;5;1;35;17;18;2;33;16;0m < D <= 10m;entre 60 et 90;1;1;0;0;44 X 44;6;NULL;2123312.18312162;2123329.803302;-18.0020591203069;3.24896005185827
8.ring2;94028BE0518_05_SEN_ind01.pdf;94028BE0518;5;1;35;17;18;2;33;16;0m < D <= 10m;entre 60 et 90;1;1;0;0;44 X 44;6;NULL;2123288.3112223;2123301.59678925;-24.8855584913157;-11.6893695766156
8.ring3;94028BE0518_05_SEN_ind01.pdf;94028BE0518;5;1;35;17;18;2;33;16;0m < D <= 10m;entre 60 et 90;1;1;0;0;44 X 44;6;NULL;2123313.78895842;2123327.17500232;23.0251632227492;36.3373166226889
9;94028BE0644_01_SEN_ind01.pdf;94028BE0644;1;3;35;15;20;4;31;16;20m < D <= 30m;entre 60 et 90;1;0;0;0;43 X 42;11;NULL;2123474.98266891;2123501.0517217;-77.3114482998865;-37.1097939625747
9.ring1;94028BE0644_01_SEN_ind01.pdf;94028BE0644;1;3;35;15;20;4;31;16;20m < D <= 30m;entre 60 et 90;1;0;0;0;43 X 42;11;NULL;2123486.83042979;2123490.45040892;-63.8003143998187;-59.5580131279964
10;94076AZ0181_01_SEN_ind01.pdf;94076AZ0181;1;2;99;75;24;0;99;24;10m < D <= 20m;entre 60 et 90;0;1;0;0;50 X 35;4;Parking voitures arien;2129954.58270812;2129992.96317753;-68.6946562802738;-16.5545445733486
11;94046BI0001_03_SEN_ind02.pdf;94046BI0001;3;2;NULL;ND2;ND3;ND4;NULL;ND6;ND7;ND8;NULL;ND10;ND11;ND12;NULL;ND14;ND15;2124267.58918854;2124438.20047078;-74.1578646458682;89.8848028829834
11.ring1;94046BI0001_03_SEN_ind02.pdf;94046BI0001;3;2;NULL;ND2;ND3;ND4;NULL;ND6;ND7;ND8;NULL;ND10;ND11;ND12;NULL;ND14;ND15;2124381.02554339;2124409.01781588;38.6738397642226;80.1672161456077
11.ring2;94046BI0001_03_SEN_ind02.pdf;94046BI0001;3;2;NULL;ND2;ND3;ND4;NULL;ND6;ND7;ND8;NULL;ND10;ND11;ND12;NULL;ND14;ND15;2124285.42489524;2124309.25881847;31.813135164137;71.9534658403537
12;94002AF0134_01_SEN_ind01.pdf;94002AF0134;1;1;35;5;30;1;34;29;0m < D <= 10m;<30;1;0;0;NULL;14 X 4;4;Sous-sol semi-enterr;2124722.89072209;2124736.14033298;26.0496214518781;31.4302109230799
13;94002AE0099_01_SEN_ind01.pdf;94002AE0099;1;1;35;5;30;Non dtermin;NULL;non dtermin;10m < D <= 20m;entre 60 et 90;Non dtermin;1;1;NULL;10 X 10;7;NULL;2124835.6261915;2124845.63217828;-14.7093470655502;-4.71124107322876
14;94002AJ0062_01_SEN_ind01.pdf;94002AJ0062;1;1;35;5;30;4;31;26;30m < D <= 40m;entre 60 et 90;1;5;NULL;2;45 X 30;20;NULL;2125154.74012075;2125171.02277541;-62.510246372725;-46.4763819390181
15;94002AF0031_01_SEN_ind01.pdf;94002AF0031;1;1;35;5;30;3;32;27;0m < D <= 10m;<30;1;1;NULL;NULL;16 X 5;7;NULL;2124720.73402847;2124736.87965832;29.4586169654442;36.2338237883493
16;94002AF0057_01_SEN_ind01.pdf;94002AF0057;1;1;35;5;30;Non dtermin;NULL;non dtermin;30m < D <= 40m;entre 60 et 90;Non dtermin;2;NULL;0;10 X 7;9;NULL;2124576.07160624;2124585.99903733;-26.9383798984152;-12.8241536740859
17;94002AE0174_01_SEN_ind01.pdf;94002AE0174;1;1;35;5;30;0;35;30;30m < D <= 40m;entre 30 et 60;0;0;0;0;21 X 9;3;NULL;2124781.42448783;2124799.28681399;-38.2271837817009;-19.9340520107735
18;94002AJ0014_01_SEN_ind01.pdf;94002AJ0014;1;2;34;5;29;3;31;26;40m < D <= 50m;entre 60 et 90;Nous navons pas pu accder au site;1;1;NULL;10 X 10;8;NULL;2125125.18877173;2125138.47847516;40.1690670826874;52.8405354306006
19;94002AE0084_01_SEN_ind01.pdf;94002AE0084;1;1;35;5;30;2;33;28;Au dessus de l'axe;entre 60 et 90;1;0;1;0;9 X 6;5;NULL;2124853.30889016;2124860.43535072;17.6781527415361;32.1036023167568
20;94002AK0073_01_SEN_ind01.pdf;94002AK0073;1;1;35;6;29;4;31;25;40m < D <= 50m;<30;1;3;NULL;1;60 X 18;13;NULL;2125208.19792864;2125265.2635874;-69.359904152052;-41.6765653367244
21;94002AF0161_01_SEN_ind01.pdf;94002AF0161;1;1;35;5;30;0;35;30;40m < D <= 50m;<30;0;1;1;0;15 X 11;6;NULL;2124556.39736471;2124568.35381247;-26.3207057947282;-17.1030953527352
22;94002AF0156_01_SEN_ind01.pdf;94002AF0156;1;1;35;5;30;1;34;29;40m < D <= 50m;<30;1;0;1;0;12 X 9;4;NULL;2124597.00998171;2124609.33709435;-27.0252702454732;-17.2504619506837
23;94002AF0060_01_SEN_ind01.pdf;94002AF0060;1;1;35;5;30;Non dtermin;NULL;non dtermin;20m < D <= 30m;entre 60 et 90;Non dtermin;1;NULL;NULL;10 X 5;NULL;NULL;2124549.31418452;2124559.25130188;-0.0809069367977902;9.16358091238786
24;94002AE0175_01_SEN_ind01.pdf;94002AE0175;1;1;35;5;30;3;32;27;20m < D <= 30m;entre 60 et 90;Non dtermin;4;0;2;30 X 25;16;NULL;2124807.09651324;2124830.12980025;-39.4129357953708;-10.6704089184358
25;94002AF0034_01_SEN_ind01.pdf;94002AF0034;1;2;35;5;30;Non dtermin;NULL;non dtermin;30m < D <= 40m;entre 60 et 90;Non dtermin;1;1;NULL;11 X 9;6;NULL;2124707.39588839;2124725.87884067;-19.5663217221987;-8.50711154054278
26;94002AE0083_01_SEN_ind01.pdf;94002AE0083;1;1;35;5;30;3;32;27;Au dessus de l'axe;entre 60 et 90;1;1;NULL;NULL;10 X 9;6;NULL;2124861.18600908;2124872.21187688;20.0106532999217;32.71259531317
27;94002AE0101_01_SEN_ind01.pdf;94002AE0101;1;2;35;5;30;3;32;27;10m < D <= 20m;entre 60 et 90;1;1;1;NULL;12 X 10;7;NULL;2124854.43812734;2124866.38192932;-14.9996296304308;-3.8517848162673
28;94002AF0035_01_SEN_ind01.pdf;94002AF0035;1;2;35;5;30;3;32;27;40m < D <= 50m;entre 60 et 90;1;1;0;0;9 X 9;5;NULL;2124712.56107084;2124724.90720211;-27.9216637532668;-17.7124632532995
29;94002AJ0086_01_SEN_ind01.pdf;94002AJ0086;1;1;35;5;30;3;32;27;Au dessus de l'axe;entre 60 et 90;1;1;1;NULL;15 X 6;7;NULL;2125021.45125341;2125029.64872572;-9.08941422947188;2.49546778012387
30;94002AJ0085_03_SEN_ind01.pdf;94002AJ0085;3;3;35;5;30;3;32;27;0m < D <= 10m;entre 60 et 90;1;1;0;0;20 X 11;7;NULL;2125042.33158178;2125058.23739114;-29.9883124898025;-10.5705312586157
31;94002AF0137_01_SEN_ind01.pdf;94002AF0137;1;1;35;5;30;1;34;29;Au-dessus de l'axe;<30;1;0;1;0;10 X 7;6;NULL;2124555.37487762;2124563.12383138;16.795605797401;26.1872198352811
32;94002AF0055_01_SEN_ind01.pdf;94002AF0055;1;1;35;5;30;0;35;30;0m < D <= 10m;<30;0;1;1;0;10 X 10;5;NULL;2124588.03042611;2124598.79529693;13.0270389069179;25.4054027277201
33;94002AF0054_01_SEN_ind01.pdf;94002AF0054;1;1;35;5;30;0;35;30;0m < D <= 10m;<30;0;1;1;0;10 X 10;5;NULL;2124598.06203729;2124608.93563289;11.5847975014334;21.2338608798615
34;94002AJ0016_01_SEN_ind01.pdf;94002AJ0016;1;1;35;5;30;8;27;22;10m < D <= 20m;entre 30 et 60;2;4;NULL;2;40 X 12;16;NULL;2125129.59710357;2125168.632049;14.2847919755369;44.3954998535851
35;94002AE0091_01_SEN_ind01.pdf;94002AE0091;1;1;35;5;30;Non dtermin;NULL;non dtermin;40m < D <= 50m;entre 60 et 90;Non dtermin;1;NULL;NULL;20 X 18;6;NULL;2124856.26171407;2124865.3198186;-47.8004080975863;-26.3674901009114
36;94002AE0100_01_SEN_ind01.pdf;94002AE0100;1;1;35;5;30;1;34;29;10m < D <= 20m;<30;1;1;0;NULL;11 X 11;7;NULL;2124843.85029454;2124855.50391714;-13.0420400380474;-1.77277834584494
37;94002AJ0085_02_SEN_ind01.pdf;94002AJ0085;2;3;35;5;30;0;35;30;0m < D <= 10m;entre 60 et 90;0;0;0;0;30 X 6;3;NULL;2125030.25140507;2125049.43487009;-44.7614113657286;-15.4629203053195
38;94002AF0155_01_SEN_ind01.pdf;94002AF0155;1;2;35;5;30;3;32;27;40m < D <= 50m;entre 60 et 90;1;2;0;0;10 X 10;6;NULL;2124585.29029553;2124597.65089345;-27.964870008745;-17.4565096590787
39;94002AF0128_01_SEN_ind01.pdf;94002AF0128;1;1;35;5;30;0;35;30;0m < D <= 10m;entre 30 et 60;0;2;0;0;11 X 10;8;NULL;2124565.99322793;2124575.98896118;17.1256661223339;25.7274294488583
40;94002AJ0131_01_SEN_ind01.pdf;94002AJ0131;1;1;34;5;29;5;29;24;30m < D <= 40m;entre 30 et 60;1;4;NULL;1;60 X 40;15;NULL;2125086.77264826;2125125.56000188;38.5041365507862;92.6089367375693
41;94002AE0085_01_SEN_ind01.pdf;94002AE0085;1;1;35;5;30;2;33;28;Au dessus de l'axe;entre 60 et 90;1;0;1;0;11 X 10;5;NULL;2124846.33514155;2124856.02263093;12.2701185008359;29.3543005356253
42;94002AF0033_01_SEN_ind01.pdf;94002AF0033;1;1;35;5;30;0;35;30;10m < D <= 20m;NULL;0;2;0;0;11 X 7;8;NULL;2124721.66454898;2124732.34924115;-1.44582851754901;7.0071457975733
43;94002AJ0061_01_SEN_ind01.pdf;94002AJ0061;1;1;35;5;30;4;31;26;30m < D <= 40m;entre 60 et 90;1;5;NULL;2;45 X 30;20;NULL;2125161.96471759;2125177.90473644;-55.2930925632794;-39.5504428287126
44;94002AE0087_01_SEN_ind01.pdf;94002AE0087;1;1;35;5;30;1;34;29;Au dessus de l'axe;entre 60 et 90;1;0;1;NULL;11 X 10;5;NULL;2124829.68587874;2124840.64840819;14.4433895622876;23.6550778809117
45;94002AF0051_01_SEN_ind01.pdf;94002AF0051;1;1;35;5;30;Non dtermin;NULL;non dtermin;30m < D <= 40m;<30;Non dtermin;1;1;NULL;12 X 9;6;NULL;2124609.28488496;2124622.71306927;-19.2271043751408;-3.43483193241578
46;94002AF0125_01_SEN_ind01.pdf;94002AF0125;1;1;35;5;30;1;34;29;20m < D <= 30m;<30;1;2;1;NULL;11 X 9;NULL;NULL;2124716.48999153;2124727.26936574;-9.69419961159489;0.644510907199221
47;94002AJ0101_01_SEN_ind01.pdf;94002AJ0101;1;2;34;5;29;3;31;26;Au dessus de l'axe;entre 60 et 90;1;1;NULL;NULL;15 X 15;5;NULL;2125034.63263778;2125049.47440231;-4.98082435281668;8.26867787162882
48;94002AF0051_02_SEN_ind01.pdf;94002AF0051;2;1;35;5;30;Non dtermin;NULL;non dtermin;40m < D <= 50m;<30;Non dtermin;1;1;NULL;7 X 7;6;NULL;2124608.21455648;2124614.49449305;-30.5677491383508;-20.8014972424887
49;94046BI0036_01_SEN_ind01.pdf;94046BI0036;1;3;35;5;30;3;32;27;Au dessus de l'axe;entre 60 et 90;1;1;1;0;20 X 10;5;NULL;2124434.6582391;2124442.55651819;14.43750265886;21.8842281557803
50;94046BI0001_04_SEN_ind02.pdf;94046BI0001;4;2;NULL;ND2;ND3;ND4;NULL;ND6;ND7;ND8;NULL;ND10;ND11;ND12;NULL;ND14;ND15;2124329.92508065;2124362.71150456;31.455785492065;49.5743171091062
51;94046BI0001_05_SEN_ind02.pdf;94046BI0001;5;2;NULL;ND2;ND3;ND4;NULL;ND6;ND7;ND8;NULL;ND10;ND11;ND12;NULL;ND14;ND15;2124334.4349878;2124367.85045905;-27.4592607981973;-9.4621123166546
52;940760V0180_01_SEN_ind01.pdf;940760V0180;1;1;99;75;24;0;99;24;30m < D <= 40m;entre 60 et 90;0;0;0;0;9 X 6;3;NULL;2129886.85979769;2129893.61458022;28.4101315688669;33.7813114128622
54;940760V0313_01_SEN_ind01.pdf;940760V0313;1;2;100;75;25;5;95;20;20m < D <= 30m;entre 60 et 90;2;10;0;1;21 X 17;30;NULL;2129935.69075541;2129970.34392617;22.9857797885909;48.5296470706862
55;940760V0152_01_SEN_ind01.pdf;940760V0152;1;1;100;75;25;6;94;19;40m < D <= 50m;entre 60 et 90;2;8;0;1;12 X 10;25;NULL;2129936.71667831;2129948.99686685;48.38048345467;61.4770651904133
56;94076BC0161_01_SEN_ind01.pdf;94076BC0161;1;1;100;66;34;2;98;32;Au dessus de l'axe;entre 60 et 90;1;0;1;0;11 X 10;10;/;2129576.18738882;2129587.92528735;-8.15135009441261;3.13290436272984
57;940760U0174_01_SEN_ind01.pdf;940760U0174;1;1;100;72;28;2;98;26;10m < D <= 20m;entre 60 et 90;1;0;1;0;10 X 9;4;NULL;2129757.96743413;2129770.14703223;7.39639708619824;18.106793669775
58;940760U0170_01_SEN_ind01.pdf;940760U0170;1;1;100;72;28;2;98;26;10m < D <= 20m;<30;1;0;1;0;9 X 8;4;NULL;2129736.51617995;2129760.03802442;5.80046982732511;16.9588630250877
59;94076BC0101_01_SEN_ind01.pdf;94076BC0101;1;1;100;64;36;2;98;34;10m < D <= 20m;entre 60 et 90;1;0;1;0;12 X 8;5;NULL;2129541.23148234;2129549.64572206;5.13545268539519;16.6343002687972
60;940760U0180_01_SEN_ind01.pdf;940760U0180;1;3;100;66;34;2;98;32;10m < D <= 20m;<30;1;4;0;0;72 X 10;15;NULL;2129552.03315833;2129624.22044878;20.3829076487171;48.7109723957315
61;94076BC0004_02_SEN_ind01.pdf;94076BC0004;2;1;99;62;37;0;99;37;30m < D <= 40m;entre 60 et 90;0;0;0;0;7 X 2;3;NULL;2129485.35414884;2129493.79779853;27.4661683358167;41.4644025211546
62;94076BC0007_02_SEN_ind01.pdf;94076BC0007;2;2;98;60;38;0;98;38;30m < D <= 40m;<30;0;0;0;0;6 X 3;2;NULL;2129456.21717802;2129470.95807188;-21.8648781379887;-15.4464658081306
64;940760U0139_01_SEN_ind01.pdf;940760U0139;1;1;100;68;32;2;98;30;10m < D <= 20m;<30;1;1;0;0;11 X 9;6;NULL;2129632.2259483;2129641.10864555;14.3858340706617;25.5349823055561
65;940760U0167_01_SEN_ind01.pdf;940760U0167;1;1;100;74;26;2;98;24;20m < D <=30m;<30;1;0;1;0;12 X 9;4;NULL;2129787.3469448;2129800.5088353;14.9069891863122;23.6313110089579
66;94076BC0181_01_SEN_ind01.pdf;94076BC0181;1;1;100;64;36;1;99;35;Au dessus de l'axe;entre 60 et 90;1;0;2;0;13 X 10;4;NULL;2129566.24253786;2129577.73655755;-3.95019654088141;8.63836408175535
68;94076BC0022_01_SEN_ind01.pdf;94076BC0022;1;1;99;62;37;0;99;37;20m < D <= 30m;entre 60 et 90;0;1;1;0;8 X 8;5;/;2129514.83133744;2129523.18423412;12.2484065097683;20.6367902935498
70;94076BC0126_01_SEN_ind01.pdf;94076BC0126;1;1;98;60;38;0;98;38;Au dessus de l'axe;entre 60 et 90;0;1;1;0;11 X 10;9;/;2129459.01651976;2129470.4176686;-0.616899221297087;10.9432073607823
71;94076BC0177_01_SEN_ind01.pdf;94076BC0177;1;1;100;66;34;0;100;34;Au dessus de l'axe;entre 60 et 90;0;2;1;0;14 X 10;11;/;2129586.60640595;2129597.28258045;-10.5668336645879;3.54105057228103
72;94076BC0217_01_SEN_ind01.pdf;94076BC0217;1;1;100;68;32;1;99;31;10m < D <= 20m;entre 60 et 90;prsence d'un sous-sol non visible;0;1;0;11 X 9;4;NULL;2129633.9290275;2129644.03423911;-21.7465253721377;-9.9814038368312
74;940760V0281_01_SEN_ind01.pdf;940760V0281;1;1;100;74;26;3;97;23;20m < D <=30m;entre 60 et 90;1;1;0;0;11 X 7;3;NULL;2129839.94711559;2129846.48661759;21.2964743462252;32.321478575801
75;94076BC0125_01_SEN_ind01.pdf;94076BC0125;1;2;98;60;38;0;98;38;Au dessus de l'axe;entre 60 et 90;0;1;1;0;11 X 10;6;Combles amnags; garages en RDC;2129457.426338;2129469.40026026;-10.6352628036422;1.02443278742024
76;940760V0313_03_SEN_ind01.pdf;940760V0313;3;1;100;75;25;5;95;20;20m < D <= 30m;<30;2;2;0;0;9 X 7;8;NULL;2129976.24534752;2129998.46246658;22.5537685419787;37.1916882457224
77;94076BC0031_01_SEN_ind01.pdf;94076BC0031;1;1;100;66;34;2;98;32;10m < D <= 20m;<30;1;1;1;0;11 X 9;6;/;2129615.8344176;2129624.94965452;-8.58924632523966;-1.65686197271867
78;940760U0176_01_SEN_ind01.pdf;940760U0176;1;1;100;74;26;Non dtermin (btiment ferm);NULL;non dtermin;10m < D <= 20m;<30;Non dtermin (btiment ferm);0;1;0;10 X 7;7;NULL;2129774.89223467;2129787.65044044;13.9757119073546;24.4880851457891
80;94076BC0183_01_SEN_ind01.pdf;94076BC0183;1;1;99;62;37;1;98;36;10m < D <= 20m;entre 60 et 90;1;0;1;0;9 X 7;5;NULL;2129506.23967803;2129514.62762911;12.6099547122611;21.5008636046677
81;94076BC0205_01_SEN_ind01.pdf;94076BC0205;1;1;98;60;38;2;96;36;20m < D <= 30m;<30;1;1;0;0;8 X 7;6;NULL;2129461.75913827;2129470.30620603;22.6902346725414;32.1177325440871
82;940760U0138_01_SEN_ind01.pdf;940760U0138;1;1;100;68;32;2;98;30;10m < D <= 20m;entre 60 et 90;1;0;1;0;17 X 8;5;NULL;2129640.34930645;2129649.17180699;7.11105885892994;24.1930103779133
83;940760U0033_01_SEN_ind01.pdf;940760U0033;1;1;100;70;30;0;100;30;10m < D <= 20m;entre 60 et 90;0;1;0;0;10 X 9;7;NULL;2129686.04072003;2129699.07012184;-19.6922519145975;-7.5339687996671
85;94076BC0008_01_SEN_ind01.pdf;94076BC0008;1;1;98;60;38;2;96;36;30m < D <= 40m;entre 60 et 90;1;0;1;0;9 X 9;4;/;2129457.58721722;2129471.8975393;-33.7179042310542;-22.2374750948506
86;94076BC0018_01_SEN_ind01.pdf;94076BC0018;1;1;99;62;37;2;97;35;30m < D <= 40m;entre 60 et 90;1;1;0;0;9 X 7;6;/;2129498.98136172;2129507.78305956;10.7091667297961;27.7729689171351
87;940760V0280_01_SEN_ind01.pdf;940760V0280;1;1;100;74;26;3;97;23;20m < D <=30m;entre 60 et 90;1;1;1;0;11 X 10;6;NULL;2129845.39228123;2129855.00070938;22.341502890204;32.8935503457044
88;94076BC0170_01_SEN_ind01.pdf;94076BC0170;1;1;99;62;37;0;99;37;20m < D <= 30m;entre 60 et 90;0;1;1;0;11 X 8;0;/;2129492.41454408;2129500.97757514;18.2989628864326;28.6980294483975
89;94076BC0028_01_SEN_ind01.pdf;94076BC0028;1;1;99;66;33;0;99;33;30m < D <= 40m;entre 60 et 90;0;1;1;0;12 X 10;5;/;2129592.81149471;2129603.7980906;-38.1828393970269;-25.9244862942158
90;94076BC0128_01_SEN_ind01.pdf;94076BC0128;1;1;99;68;31;0;99;31;0m < D <= 10m;<30;0;1;1;0;10 X 8;8;/;2129624.8721251;2129635.35185119;-12.9835016013361;-4.82757889326241
91;940760U0032_01_SEN_ind01.pdf;940760U0032;1;1;100;70;30;4;96;26;Au dessus de l'axe;entre 60 et 90;ND9;4;0;ND12;32 X 22;14;NULL;2129686.7399276;2129719.92910288;-11.6610491928914;22.4160901676694
92;940760U0172_01_SEN_ind01.pdf;940760U0172;1;1;100;74;26;0;100;26;10m < D <= 20m;entre 60 et 90;0;1;1;0;10 X 8;6;NULL;2129768.62132318;2129778.46494622;8.73155919457544;17.5281243890238
94;94076BC0167_01_SEN_ind01.pdf;94076BC0167;1;1;99;62;37;2;97;35;0m < D <= 10m;entre 60 et 90;1;0;1;0;13 X 8;7;/;2129531.29225085;2129539.57625219;9.52537084905941;21.1882386443057
95;94076BC0165_01_SEN_ind01.pdf;94076BC0165;1;1;99;62;37;0;99;37;0m < D <= 10m;entre 60 et 90;0;1;1;0;15 X 9;9;/;2129521.63572832;2129532.09666886;5.73517529761818;19.2777262068463
96;940760U0037_01_SEN_ind01.pdf;940760U0037;1;1;100;68;32;2;98;30;30m < D <= 40m;entre 60 et 90;1;0;1;0;11 X 7;5;NULL;2129641.68966463;2129650.243262;27.0191164638048;34.8418460812657
97;94076BC0006_01_SEN_ind01.pdf;94076BC0006;1;2;98;60;38;0;98;38;0m < D <= 10m;<30;0;0;0;0;17 X 6;4;/;2129453.8044459;2129461.50582555;-12.7327957449835;-8.34822526653897
98;940760U0156_01_SEN_ind01.pdf;940760U0156;1;1;100;74;26;1;99;25;30m < D <= 40m;<30;1;1;0;0;9 X 8;6;NULL;2129806.95897319;2129817.67341019;18.4414283516939;30.4378877861579
99;94076BC0098_01_SEN_ind01.pdf;94076BC0098;1;1;98;60;38;2;96;36;10m < D <= 20m;<30;1;0;1;0;10 X 8;5;/;2129460.48692812;2129470.70386834;14.3504400809261;23.8952908730545
100;94076BC0176_01_SEN_ind01.pdf;94076BC0176;1;1;100;66;34;2;98;32;10m < D <= 20m;entre 60 et 90;1;0;1;0;10 X 8;7;/;2129607.36740838;2129616.34433447;-10.1682086390741;4.34742843761914
101;940760V0313_02_SEN_ind01.pdf;940760V0313;2;3;100;75;25;5;95;20;20m < D <= 30m;<30;2;5;0;2;50 X 12;17;NULL;2129970.22286337;2129992.51163697;20.9427966017402;37.1771396777005
103;94028BF0158_02_SEN_ind01.pdf;94028BF0158;2;1;35;8;27;0;35;27;40m < D <= 50m;entre 60 et 90;0;0;0;0;10 X 7;8;NULL;2123938.93567651;2123952.21447878;18.4287709487927;32.183731705999
104;94028BD0047_01_SEN_ind01.pdf;94028BD0047;1;2;35;21;14;3;32;11;30m < D <= 40m;entre 60 et 90;1;0;1;0;20 X 15;5;NULL;2123066.82111957;2123077.82151739;-35.2435164345551;-24.6956589942957
105;94028BE0188_01_SEN_ind01.pdf;94028BE0188;1;2;35;16;19;3;32;16;0m < D <= 10m;entre 60 et 90;1;13;0;2;18 X 18;40;NULL;2123415.03715199;2123437.11911047;-35.2588090347896;-13.1488638482731
106;94028BF0273_03_SEN_ind01.pdf;94028BF0273;3;1;35;11;24;1;34;23;30m < D <= 40m;entre 60 et 90;1;0;0;0;12 X 12;4;NULL;2123726.12619141;2123743.51349918;-42.2581676572681;-4.24546694914842
107;94028BF0087_01_SEN_ind01.pdf;94028BF0087;1;3;35;13;22;1;34;21;40m < D <= 50m;entre 60 et 90;1;5;0;1;90 X 80;20;NULL;2123579.02024103;2123635.59363203;-66.0114473894639;-39.7513538026595
108;94028BD0065_02_SEN_ind01.pdf;94028BD0065;2;3;35;21;14;0;35;14;30m < D <= 40m;entre 60 et 90;0;0;0;0;5 X 8;3;NULL;2123098.84436033;2123104.87783109;-30.0415925746048;-23.6324737599823
109;94028BF0159_02_SEN_ind01.pdf;94028BF0159;2;2;35;8;27;NULL;35;27;0m < D <= 10m;entre 60 et 90;NULL;1;0;NULL;30 X 10;10;NULL;2123922.84556175;2123952.14649442;-51.0460637086261;-24.770725622169
110;94028BD0065_01_SEN_ind01.pdf;94028BD0065;1;2;35;21;14;3;32;11;30m < D <= 40m;entre 60 et 90;1;1;1;0;13 X 10;7;NULL;2123092.05016246;2123101.4332692;-25.9201544671745;-16.0703381700375
111;94028BF0253_01_SEN_ind01.pdf;94028BF0253;1;2;35;14;21;3;32;18;10m < D <= 20m;90;1;18;0;ND12;30 X 20;49;6;Prsence d'un grand vide sanitaire;2123507.21311654;2123536.7831102;25.8764502642543;79.4453261712117
112;94028BF0258_02_SEN_ind01.pdf;94028BF0258;2;1;35;16;19;4;31;15;40m < D <= 50m;entre 60 et 90;1;0;0;0;55 X 32;4;NULL;2123470.48336617;2123486.51671357;41.2949409690397;56.3424921669438
113;94028BD0295_01_SEN_ind01.pdf;94028BD0295;1;2;35;20;15;3;32;12;40m < D <= 50m;entre 60 et 90;1;0;1;0;12 X 10;5;NULL;2123103.01816423;2123115.36497681;-39.2254564796145;-26.2489022840135
114;94028BE0534_01_SEN_ind01.pdf;94028BE0534;1;2;35;16;19;3;32;16;40m < D <= 50m;entre 60 et 90;1;11;NULL;2;40 X 35;33;NULL;2123391.14838407;2123423.07258145;-90.3302128242848;-39.5324560080292
115;94028BF0258_01_SEN_ind01.pdf;94028BF0258;1;1;35;16;19;4;31;15;40m < D <= 50m;entre 60 et 90;1;0;0;0;55 X 32;7;NULL;2123444.98114503;2123469.49156382;44.093649885101;66.6109578682926
116;94028BD0060_01_SEN_ind01.pdf;94028BD0060;1;2;35;22;13;3;32;10;10m < D <= 20m;entre 60 et 90;1;0;1;0;18 X 10;4;NULL;2123012.8541058;2123022.43278882;21.0800748185117;29.5286954516889
117;94028BF0272_01_SEN_ind01.pdf;94028BF0272;1;1;35;12;23;1;34;22;0m < D <= 10m;entre 60 et 90;1;0;0;0;12 X 12;4;NULL;2123716.87125776;2123729.00910298;-12.7146288610076;0.186900994891535
118;94028BF0283_01_SEN_ind01.pdf;94028BF0283;1;2;35;13;22;4;31;18;10m < D <= 20m;entre 60 et 90;1;0;0;0;40 X 30;4;NULL;2123602.04789376;2123641.52624451;-42.0688722832772;-11.4986907247229
119;94028BD0049_01_SEN_ind01.pdf;94028BD0049;1;3;35;22;13;3;32;10;10m < D <= 20m;entre 60 et 90;1;0;1;0;25 X 10;4;NULL;2123047.56620847;2123060.58890269;-18.4580525499563;-5.57728673831583
120;94028BD0294_01_SEN_ind01.pdf;94028BD0294;1;2;35;20;15;3;32;12;40m < D <= 50m;entre 60 et 90;1;1;0;0;15 X 10;6;NULL;2123112.90770592;2123127.58929247;-43.8854892208835;-26.3569712909274
121;94028BD0210_01_SEN_ind01.pdf;94028BD0210;1;2;35;22;13;3;32;10;10m < D <= 20m;entre 60 et 90;1;2;0;0;20 X 10;12;NULL;2123030.10358013;2123052.01336814;23.6771321574331;37.842920515519
122;94028BF0087_02_SEN_ind01.pdf;94028BF0087;2;3;35;13;22;1;34;21;D > 50 m;entre 60 et 90;1;4;0;1;90 X 80;16;NULL;2123556.52932489;2123582.29556635;-81.6415752748644;-45.7950673381748
123;94028BD0046_01_SEN_ind01.pdf;94028BD0046;1;1;35;21;14;0;35;14;40m < D <= 50m;entre 60 et 90;0;0;0;0;6 X 4;3;NULL;2123088.36016757;2123097.23621374;-54.6221302129907;-44.6784562549933
124;94028BD0049_02_SEN_ind01.pdf;94028BD0049;2;1;35;22;13;0;35;13;20m < D <= 30m;entre 60 et 90;0;0;0;0;8 X 3;3;NULL;2123048.10348041;2123054.13338163;-30.3133402915164;-23.7128413415496
125;94028BD0058_01_SEN_ind01.pdf;94028BD0058;1;2;35;22;13;3;32;10;10m < D <= 20m;entre 60 et 90;1;1;0;0;18 X 10;7;NULL;2123010.38244843;2123020.4849845;-5.76000536801906;3.40216686938165
126;94028BD0055_01_SEN_ind01.pdf;94028BD0055;1;2;35;22;13;3;32;10;40m < D <= 50m;entre 60 et 90;1;0;1;0;18 X 10;5;NULL;2123016.06758725;2123025.40954719;-40.1608499535389;-30.1822275864378
127;94028BD0056_01_SEN_ind01.pdf;94028BD0056;1;2;35;22;13;3;32;10;30m < D <= 40m;entre 60 et 90;1;0;1;0;18 X 10;5;NULL;2123013.67024991;2123023.50784881;-31.6887882037701;-22.1432717452776
128;94028BD0064_01_SEN_ind01.pdf;94028BD0064;1;2;35;21;14;3;32;11;20m < D <= 30m;entre 60 et 90;1;0;0;0;20 X 10;3;NULL;2123082.95854593;2123097.36754902;-21.5543619955353;-7.89646351515283
129;94028BD0272_01_SEN_ind01.pdf;94028BD0272;1;2;35;21;14;3;32;11;Au dessus de l'axe;entre 60 et 90;1;0;1;0;16 X 10;5;NULL;2123054.29647282;2123064.67547255;12.8914432497808;25.158471360828
130;94028BD0057_01_SEN_ind01.pdf;94028BD0057;1;3;35;22;13;3;32;10;10m < D <= 20m;entre 60 et 90;1;0;1;0;18 X 10;4;NULL;2123018.9168661;2123028.40953057;-3.84849792524319;5.5162706961395
131;94028BF0157_01_SEN_ind01.pdf;94028BF0157;1;1;35;8;27;3;32;24;40m < D <= 50m;entre 60 et 90;1;2;0;1;30 X 23;9;NULL;2123971.06903912;2124007.55600219;16.0611204180697;52.7928961399416
132;94028BD0060_02_SEN_ind01.pdf;94028BD0060;2;2;35;22;13;0;35;13;10m < D <= 20m;entre 60 et 90;0;0;0;0;5 X 3;3;NULL;2123026.14517793;2123029.78015034;21.084057535566;26.739800109956
133;94028BE0523_03_SEN_ind01.pdf;94028BE0523;3;1;35;20;15;0;35;15;D > 50m;entre 60 et 90;0;0;0;0;11 X 8;4;NULL;2123085.50091056;2123101.7527464;124.485125063658;133.720240897004
134;94028BE0523_01_SEN_ind01.pdf;94028BE0523;1;1;35;20;15;0;35;15;20m < D <= 30m;entre 60 et 90;0;0;0;0;66 X 42;9;NULL;2123086.31309783;2123176.49857446;61.8125458969802;132.067832870523
135;94028BD0048_01_SEN_ind01.pdf;94028BD0048;1;2;35;21;14;3;32;11;30m < D <= 40m;entre 60 et 90;1;0;1;0;20 X 15;5;NULL;2123060.73547832;2123071.20049661;-32.7757774552252;-18.0325293079917
136;94028BD0183_01_SEN_ind01.pdf;94028BD0183;1;2;35;22;13;3;32;10;10m < D <= 20m;entre 60 et 90;1;0;1;0;18 X 10;4;NULL;2123004.47813431;2123014.49878071;19.04200623395;27.5571592263646
137;94028BE0493_01_SEN_ind01.pdf;94028BE0493;1;1;35;17;18;2;33;16;Au dessus de l'axe;entre 60 et 90;1;0;0;0;18 X 15;3;NULL;2123341.27801352;2123358.27835976;-5.40135897127656;10.5726324246393
138;94028BD0098_01_SEN_ind01.pdf;94028BD0098;1;2;35;21;14;3;32;11;0m < D <= 10m;entre 60 et 90;1;0;1;0;20 X 10;5;NULL;2123066.69312395;2123080.87982136;-1.30062557912304;15.2111403784133
139;94028BE0516_01_SEN_ind01.pdf;94028BE0516;1;1;35;20;15;3;32;12;Au dessus de l'axe;entre 60 et 90;1;0;0;0;36 X 26;10;NULL;2123135.53114725;2123174.59799506;8.56061774793183;47.7201538036871
140;94028BD0100_01_SEN_ind01.pdf;94028BD0100;1;2;35;21;14;3;32;11;10m < D <= 20m;entre 60 et 90;1;0;1;0;20 X 10;5;NULL;2123073.56944782;2123084.39264741;-7.17007346616308;3.75815464098659
141;94028BD0050_01_SEN_ind01.pdf;94028BD0050;1;3;35;22;13;3;32;10;10m < D <= 20m;entre 60 et 90;1;0;1;0;25 X 10;4;NULL;2123038.94387982;2123052.1067843;-11.0821094677433;1.75065200477997
142;94028BD0100_02_SEN_ind01.pdf;94028BD0100;2;2;35;21;14;0;35;14;10m < D <= 20m;entre 60 et 90;0;0;0;0;10 X 5;3;NULL;2123088.4673467;2123096.9555973;-3.75550842794728;4.8066872377237
143;94028BD0058_02_SEN_ind01.pdf;94028BD0058;2;3;35;22;13;0;35;13;20m < D <= 30m;entre 60 et 90;0;0;0;0;7 X 3;3;NULL;2123018.60737132;2123023.578212;-19.2658073906056;-15.9913499178677
144;94028BF0159_01_SEN_ind01.pdf;94028BF0159;1;1;35;8;27;4;31;23;Au dessus de l'axe;entre 60 et 90;1;1;0;NULL;60 X 41;10;NULL;2123918.49669007;2123968.71594781;-43.1860211148527;3.58997568522173
145;94028BF0210_01_SEN_ind01.pdf;94028BF0210;1;1;35;13;22;Non dtermin;NULL;non dtermin;10m < D <= 20m;entre 60 et 90;Non dtermin;5;0;Non dtermin;50 X 18;18;NULL;2123625.68831004;2123659.78858538;31.9749120618172;82.7917548241473
146;94028BF0272_02_SEN_ind01.pdf;94028BF0272;2;1;35;12;23;1;34;22;30m < D <= 40m;entre 60 et 90;1;0;0;0;12 X 12;4;NULL;2123715.77505863;2123726.97150724;-41.1833791379024;-27.4798763525645
147;94028BF0159_03_SEN_ind01.pdf;94028BF0159;3;1;35;8;27;4;31;23;20m < D <= 30m;entre 60 et 90;1;0;0;NULL;12 X 12;4;NULL;2123935.81550658;2123946.07975746;-60.3290931498273;-45.8501363196018
148;94028BF0157_02_SEN_ind01.pdf;94028BF0157;2;2;35;8;27;3;32;24;D > 50m;entre 60 et 90;0;0;0;0;55 X 11;7;NULL;2123923.36422394;2123968.46083303;58.4167534364489;103.482475362791
149;94028BC0259_01_SEN_ind03.pdf;94028BC0259;1;2;NULL;ND2;ND3;ND4;NULL;ND6;ND7;ND8;NULL;ND10;ND11;ND12;NULL;ND14;ND15;2122731.47488328;2122757.54912726;-26.8505383010447;-8.37889466313106
150;94028BC0276_01_SEN_ind01.pdf;94028BC0276;1;2;42;26;16;12;30;4;40m < D <= 50m;<30;4;1;0;0;71 X 70;6;NULL;2122434.14912404;2122631.56974657;7.65077373913019;97.2514816998694
151;94028BC0117_01_SEN_ind01.pdf;94028BC0117;1;2;35;26;9;3;32;6;0m < D <= 10m;entre 60 et 90;4;8;0;4;40 X 17;30;NULL;2122624.8072974;2122684.78973108;7.65077373913019;60.8182691537019
152;94028BC0277_02_SEN_ind01.pdf;94028BC0277;2;2;36;26;10;7;29;3;10m < D <= 20m;<30;4;9;0;1;35 X 17;36;8;NULL;2122508.13460863;2122573.65951784;7.31372466341358;47.3922623639558
153;94028BC0255_03_SEN_ind01.pdf;94028BC0255;3;1;35;25;10;Non dtermin;NULL;non dtermin;10m < D <= 20m;entre 60 et 90;Non dtermin;9;0;Non dtermin;80 X 60;32;NULL;2122918.79550807;2122940.59482116;-34.6793344480879;-13.1029811048095
154;94028BC0255_05_SEN_ind01.pdf;94028BC0255;5;1;35;25;10;Non dtermin;NULL;non dtermin;10m < D <= 20m;entre 60 et 90;Non dtermin;0;0;Non dtermin;80 X 60;4;NULL;2122915.01397011;2122932.09415097;-52.3868111016342;-36.271340285062
155;94028BC0300_02_SEN_ind01.pdf;94028BC0300;2;1;35;25;10;Non dtermin;NULL;non dtermin;0m < D <= 10m;entre 60 et 90;Non dtermin;1;0;Non dtermin;40 X 35;3;NULL;2122942.65961367;2122952.61118057;18.1004375838703;19.8226315897355
156;94028BC0300_01_SEN_ind01.pdf;94028BC0300;1;1;35;25;10;3;32;7;0m < D <= 10m;entre 60 et 90;1;8;0;2;40 X 35;24;NULL;2122926.52438993;2122965.24126584;19.7360901766465;50.2877580261657
157;94028BC0255_02_SEN_ind01.pdf;94028BC0255;2;1;35;23;12;Non dtermin;NULL;non dtermin;10m < D <= 20m;entre 60 et 90;Non dtermin;7;0;Non dtermin;80 X 60;25;NULL;2122937.16803005;2122983.76726009;-65.1138460098519;-14.0131803933403
158;94028BC0255_04_SEN_ind01.pdf;94028BC0255;4;1;35;23;12;Non dtermin;NULL;non dtermin;10m < D <= 20m;entre 60 et 90;Non dtermin;0;0;Non dtermin;80 X 60;4;NULL;2122984.22001375;2122995.12899399;-45.1717205041174;-30.3258845027418
178;94028BC0310_03_SEN_ind01.pdf;94028BC0310;3;1;43;24;19;0;43;19;30m < D <= 40m;entre 60 et 90;0;1;0;0;26 X 14;6;NULL;2122284.97885522;2122350.1706131;-101.255199999026;-60.3225774108962
179;94046BH0042_02_SEN_ind01.pdf;94046BH0042;2;1;35;5;30;4;31;26;20m < D <= 30m;entre 60 et 90;1;4;0;1;34 X 34;16;NULL;2124189.67709792;2124225.6312856;21.8210792641848;56.9415551656888
180;94046BH0037_01_SEN_ind01.pdf;94046BH0037;1;3;35;6;29;Non dtermin;NULL;non dtermin;Au dessus de l'axe;entre 60 et 90;Non dtermin;Non dtermin;0;Non dtermin;60 X 53;10;NULL;2124076.54479748;2124154.96137022;-79.4905078203556;-16.1623888292878
181;94046BH0036_03_SEN_ind01.pdf;94046BH0036;3;3;35;5;30;Non dtermin;NULL;non dtermin;D > 50m;entre 60 et 90;Non dtermin;0;0;Non dtermin;60 X 40;3;NULL;2124194.78997269;2124239.3372192;-131.480334629611;-71.4290755832723
182;94046BI0025_01_SEN_ind01.pdf;94046BI0025;1;2;35;5;30;4;31;26;20m < D <= 30m;entre 60 et 90;1;4;0;4;70 X 60;21;NULL;2124426.06983481;2124480.67376608;52.6893266314864;125.72503727747
183;94046BH0052_01_SEN_ind01.pdf;94046BH0052;1;1;35;7;28;3;32;25;20m < D <= 30m;entre 60 et 90;1;1;0;0;35 X 30;10;NULL;2123979.62917185;2124017.18983688;-85.3253421132688;-56.7399497344557
184;94046BH0037_03_SEN_ind01.pdf;94046BH0037;3;3;35;5;30;Non dtermin;NULL;non dtermin;Au dessus de l'axe;entre 60 et 90;Non dtermin;0;0;Non dtermin;60 X 53;10;NULL;2124116.65362334;2124137.07701947;-77.0815066321156;-48.8818943970138
185;94046BH0038_01_SEN_ind01.pdf;94046BH0038;1;1;35;5;30;3;32;27;Au dessus de l'axe;entre 60 et 90;Non dtermin;1;0;Non dtermin;45 X 35;10;NULL;2124194.42733163;2124233.27883236;-42.8569009714974;3.24341377971586
186;94046BH0031_02_SEN_ind01.pdf;94046BH0031;2;2;35;7;28;0;35;28;Au dessus de l'axe;entre 60 et 90;0;1;0;0;60 X 30;13;NULL;2124022.00198492;2124067.20586795;-58.73708061669;-17.7373354048753
187;94046BH0033_01_SEN_ind01.pdf;94046BH0033;1;3;35;6;29;Non dtermin;NULL;non dtermin;20m < D <= 30m;entre 60 et 90;Non dtermin;Non dtermin;Non dtermin;Non dtermin;38 X 27;10;NULL;2124059.92407161;2124109.91178542;-112.04008108636;-69.3085171367743
188;94046BH0053_02_SEN_ind01.pdf;94046BH0053;2;1;35;7;28;NULL;35;28;20m < D <= 30m;entre 60 et 90;0;0;0;0;10 X 10;7;NULL;2123988.66918397;2124030.03673519;-75.5329146180638;-45.2936798261524
189;94046BH0030_02_SEN_ind01.pdf;94046BH0030;2;3;35;7;28;0;35;28;0m < D <= 10m;entre 60 et 90;0;1;0;0;60 X 30;13;NULL;2124038.84895006;2124080.2072631;-31.543889812553;8.91654946040945
190;94046BH0029_01_SEN_ind01.pdf;94046BH0029;1;1;35;6;29;0;35;29;30m < D <= 40m;entre 60 et 90;0;1;NULL;1;90 X 60;NULL;NULL;2124052.8094257;2124147.76456671;-5.2408207699589;83.9022410017044
191;94081DJ0124_01_SEN_ind01.pdf;94081DJ0124;1;1;35;23;12;0;35;12;D > 50m;entre 60 et 90;0;0;0;0;24 X 13;5;/;2126383.89006641;2126396.50641765;54.3865749079186;79.0880425359367
192;94081AU0021_01_SEN_ind01.pdf;94081AU0021;1;1;58;31;27;0;58;27;0m < D <= 10m;entre 60 et 90;Non dtermin ( btiment ferm);0;1;0;9 X 9;3;NULL;2128695.04019834;2128708.18189435;18.9124494837268;30.0674772491134
193;94081AQ0113_01_SEN_ind01.pdf;94081AQ0113;1;1;98;58;40;0;98;40;20m < D <= 30m;<30;0;1;1;0;9 X 9;6;/;2129417.02768415;2129426.51563748;22.4244220430049;36.4473482483656
194;94081AU0030_01_SEN_ind01.pdf;94081AU0030;1;1;57;31;26;2;55;24;0m < D <= 10m;entre 60 et 90;1;0;1;0;11 X 8;3;/;2128668.17115747;2128676.50309181;16.9537904995276;30.5951900999567
195;94081AQ0097_02_SEN_ind01.pdf;94081AQ0097;2;1;96;54;42;0;96;42;0m < D <= 10m;entre 60 et 90;0;1;1;0;28 X 9;8;/;2129290.99897863;2129301.90790335;4.07312142723277;35.8347423234316
196;94081AR0399_01_SEN_ind01.pdf;94081AR0399;1;1;77;42;35;0;77;35;0m < D <= 10m;<30;0;1;1;0;10 X 8;7;NULL;2128993.35646431;2129006.42760229;2.82574530551785;12.554429804358
197;94081CN0096_19_SEN_ind01.pdf;94081CN0096;19;1;41;-3;44;3;38;41;40m < D <= 50m;entre 30 et 60;1;4;0;0;52 X 13;15;NULL;2127320.3518607;2127363.83510066;1.42089779443875;79.4200617953748
198;94081BP0211_01_SEN_ind01.pdf;94081BP0211;1;2;45;29;16;Non dtermin (btiment ferm);NULL;non dtermin;20m < D <= 30m;<30;Non dtermin (btiment ferm);1;1;Non dtermin (btiment ferm);15 X 7;7;/;2128046.7683794;2128061.97142485;-31.7935267772054;-24.1022191491188
199;94081AU0022_01_SEN_ind01.pdf;94081AU0022;1;1;58;31;27;2;56;25;10m < D <= 20m;entre 60 et 90;1;1;0;0;9 X 8;7;/;2128686.42756285;2128699.23876749;27.0806154073365;38.0462261343387
200;94081AQ0251_01_SEN_ind01.pdf;94081AQ0251;1;1;96;56;40;2;94;38;10m < D <= 20m;entre 30 et 60;1;1;1;0;12 X 8;8;/;2129334.32794915;2129348.79595958;8.82167148648192;23.3850345510432
201;94081CM0098_01_SEN_ind01.pdf;94081CM0098;1;1;35;17;18;3;32;15;40m < D <= 50m;entre 30 et 60;1;3;1;0;7 X 7;11;Prsence de sablire;2126941.46853248;2126953.23135666;131.396031676139;141.045232308854
202;940810X0237_01_SEN_ind01.pdf;940810X0237;1;1;46;30;16;Inconnue (pas d'accs  l'immeuble);NULL;non dtermin;D > 50 m;<30;Inconnue (pas d'accs  l'immeuble);5;0;1;30 X 25;20;Dimension du btiment en L;2128288.24668068;2128346.95203134;83.1791418194787;129.083048633974
203;94081AQ0111_01_SEN_ind01.pdf;94081AQ0111;1;2;98;60;38;0;98;38;20m < D <= 30m;entre 60 et 90;0;0;0;0;13 X 6;4;/;2129436.97970562;2129442.53135089;16.9081599464971;30.8275075604333
204;94081AU0031_01_SEN_ind01.pdf;94081AU0031;1;1;57;31;26;2;55;24;0m < D <= 10m;entre 60 et 90;1;0;1;0;11 X 8;4;/;2128672.11674496;2128684.12856882;8.32340374777987;20.9747610113318
205;94081AU0029_01_SEN_ind01.pdf;94081AU0029;1;2;56;30;26;3;53;23;10m < D <= 20m;entre 60 et 90;1;0;1;0;10 X 8;4;NULL;2128656.19084029;2128669.53131558;26.3560005273643;37.3858748842471
206;94081AR0401_01_SEN_ind01.pdf;94081AR0401;1;1;76;42;34;0;76;34;0m < D <= 10m;<30;0;1;0;0;12 X 12;6;Terrain en pente et toiture terrasse;2128979.43066943;2128993.77631422;2.72019375374723;17.2950903787563
207;94081AQ0099_01_SEN_ind01.pdf;94081AQ0099;1;1;96;54;42;0;96;42;30m < D <= 40m;entre 60 et 90;0;1;1;0;15 X 11;8;bti en L;2129309.41255889;2129324.19702494;-1.25465067544366;18.4314823743486
208;94081CH0251_01_SEN_ind01.pdf;94081CH0251;1;1;38;4;34;3;35;31;Au dessus de l'axe;entre 30 et 60;1;1;0;0;10 X 10;5;5;/;2127117.18342236;2127128.28947314;-18.1090584305999;-6.33448291272139
209;94081CM0022_01_SEN_ind01.pdf;94081CM0022;1;2;35;16;19;2;33;17;40m < D <= 50m;entre 60 et 90;1;1;1;0;15 X 7;5;Prsence de sablire;2126930.76830313;2126940.755213;86.1038974849581;103.667976233909
210;94081AQ0129_01_SEN_ind01.pdf;94081AQ0129;1;2;97;60;37;2;95;35;20m < D <= 30m;entre 30 et 60;1;0;1;0;10 X 8;4;NULL;2129410.45145348;2129433.40727845;-34.2774132541631;-23.5060665497329
211;94081CH0245_01_SEN_ind01.pdf;94081CH0245;1;1;39;5;34;0;39;34;20m < D <= 30m;entre 60 et 90;0;1;1;0;10 X 9;6;/;2127154.88005469;2127166.87882958;-54.1719623370721;-35.7566851629503
212;94081AU0104_01_SEN_ind01.pdf;94081AU0104;1;1;58;30;28;Non connus;NULL;non dtermin;20m < D <= 30m;entre 60 et 90;?;1;1;0;14 X 11;5;NULL;2128665.82052224;2128696.26856554;-33.4791565695724;-11.7884217883893
213;94081CI0022_01_SEN_ind01.pdf;94081CI0022;1;1;35;15;20;0;35;20;20m < D <= 30m;<30;0;0;1;0;10 X 7;3;Prsence de sablire;2126914.73917941;2126926.18556079;63.6854181351543;76.8781269317533
214;94081AR0502_01_SEN_ind01.pdf;94081AR0502;1;2;79;44;35;2;77;33;20m < D <= 30m;<30;0;1;1;0;16 X 8;6;NULL;2129033.56792855;2129049.55861122;-24.9821061577861;-16.7663326834102
215;94081CI0009_01_SEN_ind01.pdf;94081CI0009;1;1;35;13;22;3;32;19;Au dessus de l'axe;<30;1;1;1;0;20 X 6;5;Sous-sol semi-enterr.;2126921.35879519;2126943.09983853;-28.0683732665572;3.19556985998632
216;94081CH0244_01_SEN_ind01.pdf;94081CH0244;1;1;39;5;34;0;39;34;30m < D <= 40m;entre 60 et 90;0;0;1;0;10 X 9;6;/;2127156.87434924;2127180.20175324;-68.3726482827063;-42.7277525954762
217;94081DI0027_08_SEN_ind01.pdf;94081DI0027;8;1;NULL;ND2;ND3;ND4;NULL;ND6;ND7;ND8;NULL;ND10;ND11;ND12;NULL;ND14;ND15;2125387.68145389;2125536.64475689;-29.3315308273643;84.2849985700699
218;94081AQ0251_02_SEN_ind01.pdf;94081AQ0251;2;1;97;56;41;0;97;41;30m < D <= 40m;entre 30 et 60;0;0;1;0;11 X 8;3;NULL;2129320.63952982;2129331.94974381;25.0966050377414;38.3479868591445
219;94081DI0027_17_SEN_ind02.pdf;94081DI0027;17;2;NULL;ND2;ND3;ND4;NULL;ND6;ND7;ND8;NULL;ND10;ND11;ND12;NULL;ND14;ND15;2125480.37770585;2125513.79213592;123.621947951463;145.044743623641
220;94081DJ0131_06_SEN_ind01.pdf;94081DJ0131;6;1;35;14;21;0;35;21;Au dessus de l'axe;entre 30 et 60;0;0;0;0;25 X 21;3;NULL;2125922.15030298;2125975.528303;-27.2353708705052;20.2320839640028
221;94081CH0250_01_SEN_ind01.pdf;94081CH0250;1;1;38;4;34;3;35;31;0m < D <= 10m;entre 30 et 60;1;1;0;0;10 X 10;5;5;/;2127123.35908385;2127134.59101908;-22.8701751356099;-11.1484192189341
222;94081CI0020_01_SEN_ind01.pdf;94081CI0020;1;2;35;15;20;0;35;20;40m < D <= 50m;<30;0;1;ND11;0;16 X 6;4;Prsence de sablire;2126926.34051018;2126941.35558284;46.9918130000423;68.1854292906491
223;94081CI0014_01_SEN_ind01.pdf;94081CI0014;1;1;35;13;22;2;33;20;0m < D <= 10m;entre 60 et 90;1;0;1;0;12 X 10;3;NULL;2126928.75963915;2126947.77992779;1.64455406399077;17.973505402471
224;94081AQ0121_02_SEN_ind01.pdf;94081AQ0121;2;2;97;56;41;0;97;41;30m < D <= 40m;entre 30 et 60;0;1;1;0;35 X 9;6;Bti en L;2129371.66631194;2129388.49957511;-17.8933624625825;18.2576488430577
225;94081DI0027_02_SEN_ind02.pdf;94081DI0027;2;2;NULL;ND2;ND3;ND4;NULL;ND6;ND7;ND8;NULL;ND10;ND11;ND12;NULL;ND14;ND15;2125498.51045196;2125564.96356117;47.5769691241612;111.940130267137
226;94081AR0532_01_SEN_ind01.pdf;94081AR0532;1;1;92;50;42;2;90;40;0m < D <= 10m;entre 60 et 90;1;0;1;0;11 X 10;4;/;2129177.26950232;2129192.8310065;8.24624721664273;18.8253589085257
227;94081CH0248_01_SEN_ind01.pdf;94081CH0248;1;1;39;4;35;3;36;32;10m < D <= 20m;entre 30 et 60;1;1;0;0;10 X 10;5;5;/;2127140.14689753;2127151.77745044;-36.4779388751336;-23.8630352035063
228;94081AR0129_01_SEN_ind01.pdf;94081AR0129;1;1;77;42;35;0;77;35;20m < D <= 30m;<30;0;1;1;0;15 X 4;5;NULL;2128999.77845945;2129012.32915151;-28.1604969106506;-10.4355584102824
229;94081AR0529_01_SEN_ind01.pdf;94081AR0529;1;1;88;48;40;0;88;40;0m < D <= 10m;<30;0;2;0;0;22 X 9;9;/;2129122.22180651;2129131.96291467;-24.1762154951889;0.371263566570083
230;94081CU0314_03_SEN_ind01.pdf;94081CU0314;3;1;45;30;15;0;45;15;30m < D <= 40m;<30;A vrifier;6;0;1;47 X 12;20;/;2128206.81064458;2128250.11906117;37.8114724776445;59.7455290690272
231;94081CN0003_03_SEN_ind01.pdf;94081CN0003;3;1;45;4;41;4;41;37;20m < D <= 30m;<30;1;0;0;0;8 X 8;4;/;2127491.484366;2127506.3376165;-12.8849118454438;3.85888826665883
232;94081DI0027_18_SEN_ind02.pdf;94081DI0027;18;2;NULL;ND2;ND3;ND4;NULL;ND6;ND7;ND8;NULL;ND10;ND11;ND12;NULL;ND14;ND15;2125520.86386454;2125565.33321261;146.507470750523;173.633392244063
233;94081CH0246_01_SEN_ind01.pdf;94081CH0246;1;1;39;4;35;3;36;32;20m < D <= 30m;entre 30 et 60;1;1;0;0;10 X 10;5;5;/;2127146.4109766;2127157.96809768;-41.4996628345246;-29.3106311053643
234;94081CM0115_03_SEN_ind01.pdf;94081CM0115;3;1;39;1;38;5;34;33;20m < D <= 30m;<30;1;0;0;0;31 X 20;8;NULL;2127174.19644465;2127218.91789156;-15.211619057479;25.708071258828
235;94081AQ0092_02_SEN_ind01.pdf;94081AQ0092;2;1;94;50;44;0;94;44;Au dessus de l'axe;entre 60 et 90;0;2;1;0;9 X 6;8;/;2129218.13628863;2129231.16183154;-16.9135069717894;-7.70577217391035
236;94081CO0177_01_SEN_ind01.pdf;94081CO0177;1;1;41;18;23;3;38;20;40m < D <= 50m;<30;1;14;0;6;65 X 22;41;/;2127760.95871995;2127826.40713812;50.4350562409339;75.8440694418968
237;94081CU0314_01_SEN_ind01.pdf;94081CU0314;1;2;43;30;13;7;36;6;20m < D <= 30m;entre 60 et 90;2;9;0;2;58 X 14;27;/;2128073.42701623;2128120.57722815;28.254540305784;78.3823454424955
238;94081AS0115_03_SEN_ind01.pdf;94081AS0115;3;1;61;33;28;0;61;28;10m < D <= 20m;entre 60 et 90;0;0;0;0;7 X 6;3;NULL;2128749.63256959;2128774.64382002;-8.55996550961367;36.0783360896824
239;94081AQ0103_01_SEN_ind01.pdf;94081AQ0103;1;1;97;56;41;0;97;41;20m < D <= 30m;<30;0;1;1;0;14 X 8;6;/;2129344.59096985;2129355.65858981;11.1912255013979;28.6728293434193
240;94081CI0012_01_SEN_ind01.pdf;94081CI0012;1;1;35;15;20;Non dtermin;NULL;non dtermin;0m < D <= 10m;entre 60 et 90;Non dtermin;1;1;0;10 X 8;6;NULL;2126894.72044677;2126917.57831028;5.51474755765461;17.2421869652999
241;94081CI0008_01_SEN_ind01.pdf;94081CI0008;1;1;35;15;20;Non dtermin (btiment ferm);NULL;non dtermin;0m < D <= 10m;entre 60 et 90;Non dtermin (btiment ferm);1;1;0;9 X 9;7;NULL;2126884.74531938;2126931.29487314;-33.0707489020482;-9.04324529330456
242;94081CH0249_01_SEN_ind01.pdf;94081CH0249;1;1;38;4;34;3;35;31;0m < D <= 10m;entre 30 et 60;1;1;0;0;10 X 10;5;5;/;2127129.61842838;2127141.78579645;-28.3148748192263;-15.8518652016323
243;94081AU0188_01_SEN_ind01.pdf;94081AU0188;1;2;48;30;18;Non dtermine (btiment ferm);NULL;non dtermin;20m < D <= 30m;entre 60 et 90;?;2;1;0;40 X 8;9;NULL;2128396.16266413;2128424.63738667;34.6316672688333;61.9935897555779
244;94081DJ0131_05_SEN_ind01.pdf;94081DJ0131;5;2;35;17;18;0;35;18;Au dessus de l'axe;entre 60 et 90;0;0;0;0;40 X 15;9;Btiment abandonn;2126042.06624404;2126228.04568596;-54.0886722525926;120.683633867925
245;94081DJ0122_01_SEN_ind01.pdf;94081DJ0122;1;1;35;25;10;0;35;10;Au dessus de l'axe;<30;0;0;0;0;90 X 65;7;NULL;2126376.65651476;2126476.05073656;-144.357200075765;-76.5324664070715
246;94081DI0027_05_SEN_ind02.pdf;94081DI0027;5;2;NULL;ND2;ND3;ND4;NULL;ND6;ND7;ND8;NULL;ND10;ND11;ND12;NULL;ND14;ND15;2125493.8482103;2125510.62005308;55.422010935568;73.4819483615167
247;94081BP0126_01_SEN_ind01.pdf;94081BP0126;1;1;46;30;16;2;44;14;40m < D <= 50m;<30;1;0;0;0;12 X 12;5;Bti semi-entrr;2128131.35833461;2128197.2106594;-106.123845693612;-62.7987510029207
248;94081DI0024_04_SEN_ind01.pdf;94081DI0024;4;2;35;15;20;0;35;20;0m < D <= 10m;<30;0;4;0;2;55 X 35;15;NULL;2125872.663583;2125938.48888996;-74.0189043567715;-18.9208750234099
249;94081CN0092_02_SEN_ind01.pdf;94081CN0092;2;1;40;1;39;0;40;39;0m < D <= 10m;entre 30 et 60;0;1;0;0;46 X 30;6;NULL;2127216.27192163;2127267.65940627;-58.6265035813076;-8.68478365162823
250;94081CU0288_01_SEN_ind01.pdf;94081CU0288;1;1;43;30;13;4;39;9;40m < D <= 50m;<30;1;1;0;0;50 X 50;7;/;2128199.23882132;2128248.46073914;57.8811153729738;106.77191862637
251;94081CM0115_04_SEN_ind01.pdf;94081CM0115;4;1;38;5;33;4;34;29;10m < D <= 20m;entre 30 et 60;1;1;0;1;40 X 30;12;NULL;2127122.41932204;2127168.79641242;-0.863407284801967;57.9326228457788
252;94081DI0005_02_SEN_ind01.pdf;94081DI0005;2;1;35;11;24;Non dtermin;NULL;non dtermin;20m < D <= 30m;entre 60 et 90;Non dtermin;Non dtermin;Non dtermin;Non dtermin;27 X 14;8;NULL;2125729.52854281;2125847.53614561;-87.2963191903107;-11.0003422116227
253;94081BP0203_01_SEN_ind01.pdf;94081BP0203;1;2;50;30;20;6;44;14;10m < D <= 20m;entre 60 et 90;2;10;0;4;65 X 12;30;NULL;2128345.23781687;2128379.7366719;-80.5952437606292;-10.7914689931374
254;94081CN0096_17_SEN_ind01.pdf;94081CN0096;17;1;40;-1;41;3;37;38;D > 50m;entre 60 et 90;1;9;0;3;41 X 14;27;NULL;2127377.95503043;2127458.09375076;-78.3471984503057;101.281758724417
255;94081BT0134_03_SEN_ind01.pdf;94081BT0134;3;1;45;11;34;0;45;34;0m < D <= 10m;non dtermin;0;10;0;1;17 X 17;3;NULL;2127661.02866784;2127677.48529374;-37.5833144553205;-20.1776280848728
256;94081CI0231_01_SEN_ind01.pdf;94081CI0231;1;2;35;17;18;0;35;18;10m < D <= 20m;<30;0;0;0;0;17 X 13;6;/;2126552.23567453;2126592.17283932;-32.3853540588082;-10.1033022299585
257;94081CN0002_02_SEN_ind01.pdf;94081CN0002;2;2;45;6;39;0;45;39;30m < D <= 40m;<30;0;0;0;0;11 X 5;3;/;2127479.35890318;2127545.20210394;10.0551200550144;148.007441299633
258;94081BQ0220_01_SEN_ind01.pdf;94081BQ0220;1;2;44;18;26;0;44;26;10m < D <= 20m;entre 60 et 90;0;1;0;3;126 X 100;10;NULL;2127755.99804467;2127887.26667669;-107.386482377928;-11.0863690082467
259;94081BT0134_04_SEN_ind01.pdf;94081BT0134;4;2;46;11;35;2;44;33;30m < D <= 40m;entre 60 et 90;Caves dsafectes;9;0;2;50 X 11;30;NULL;2127661.8544808;2127678.36678559;-139.374416017833;-39.0537529245848
260;94081AU0171_01_SEN_ind01.pdf;94081AU0171;1;1;51;30;21;8;43;13;40m < D <= 50m;<30;3;R+8;0;2;150 X 70;25;NULL;2128455.21047915;2128516.17537893;34.6295041482184;76.5647723030233
261;94081DI0027_19_SEN_ind02.pdf;94081DI0027;19;2;NULL;ND2;ND3;ND4;NULL;ND6;ND7;ND8;NULL;ND10;ND11;ND12;NULL;ND14;ND15;2125571.27740954;2125594.67486079;128.99816558772;152.329762478344
262;94081DI0027_20_SEN_ind02.pdf;94081DI0027;20;2;NULL;ND2;ND3;ND4;NULL;ND6;ND7;ND8;NULL;ND10;ND11;ND12;NULL;ND14;ND15;2125594.80349822;2125618.13797543;113.014118684518;136.307996147244
263;94081CI0178_02_SEN_ind01.pdf;94081CI0178;2;2;35;25;10;0;35;10;20m < D <= 30m;entre 60 et 90;0;0;0;0;21 X 5;3;/;2126527.10928808;2126548.66562547;-56.6747174983731;-49.4703225528781
264;94081AR0207_01_SEN_ind01.pdf;94081AR0207;1;2;84;46;38;3;81;35;Au dessus de l'axe;<30;1;1;0;0;9 X 8;6;/;2129075.67034345;2129083.77299895;-4.91915465130412;2.27368425243225
265;94081DJ0131_08_SEN_ind01.pdf;94081DJ0131;8;1;35;15;20;2;33;18;40m < D <= 50m;entre 30 et 60;1;1;1;0;13 X 10;6;NULL;2126010.86012917;2126022.4165732;-69.1459800617451;-57.0268051999479
266;94081AU0111_01_SEN_ind01.pdf;94081AU0111;1;1;51;30;21;Non identifi (btiment ferm);NULL;non dtermin;30m < D <= 40m;entre 60 et 90;Non identifi (btiment ferm);1;1;Non connus (btiment ferm);17 X 10;7;NULL;2128402.01856112;2128419.19476521;-44.7917097755352;-24.1108413401272
267;94081CI0191_05_SEN_ind01.pdf;94081CI0191;5;1;35;17;18;0;35;18;0m < D <= 10m;entre 60 et 90;0;1;0;0;35 X 22;7;/;2126698.41101865;2126728.49742816;6.41780383134896;45.2823567456853
268;94081CN0096_02_SEN_ind01.pdf;94081CN0096;2;1;41;-1;42;3;38;39;Au dessus de l'axe;entre 30 et 60;1;4;0;0;15 X 13;15;NULL;2127287.23528962;2127306.97115359;-40.751367439606;-19.6405007509298
269;94081CI0025_01_SEN_ind01.pdf;94081CI0025;1;1;35;15;20;2;33;18;10m < D <= 20m;<30;1;1;1;0;8 X 8;5;Prsence de sablire;2126870.02894145;2126878.29096441;77.0845019689375;85.3123717666092
270;94081CN0002_03_SEN_ind01.pdf;94081CN0002;3;2;45;6;39;4;41;35;40m < D <= 50m;entre 60 et 90;1;4;0;0;12 X 10;14;/;2127551.39547981;2127564.16164162;7.56433219715474;15.3454377204658
271;94081CM0025_01_SEN_ind01.pdf;94081CM0025;1;2;35;16;19;0;35;19;D > 50m;<30;0;1;1;0;16 X 6;4;Prsence de sablire;2126949.72550669;2126958.50082616;77.0416522539083;86.5356191602846
272;94081AR0502_02_SEN_ind01.pdf;94081AR0502;2;1;79;44;35;0;79;35;20m < D <= 30m;entre 30 et 60;0;0;0;0;7 X 6;2;/;2129043.3649167;2129051.07529503;-32.1286944637796;-24.9387007784219
273;94081CL0110_02_SEN_ind01.pdf;94081CL0110;2;1;35;17;18;0;35;18;0m < D <= 10m;<30;0;0;0;0;17 X 8;3;/;2126918.47210698;2126926.44100924;145.107109715667;150.277971482979
274;94081DJ0131_11_SEN_ind01.pdf;94081DJ0131;11;1;35;17;18;0;35;18;20m < D <= 30m;<30;0;0;0;0;13 X 10;3;/;2126169.22086728;2126181.17960666;-69.2922468444178;-53.36977948737
275;94081CI0191_08_SEN_ind01.pdf;94081CI0191;8;1;35;17;18;0;35;18;30m < D <= 40m;<30;0;0;1;0;11 X 11;6;/;2126733.37502703;2126745.63732645;-41.5271956125738;-30.3369236715215
276;94081CH0162_01_SEN_ind01.pdf;94081CH0162;1;2;36;13;23;0;36;23;0m < D <= 10m;<30;0;1;1;0;10 X 7;7;5;NULL;2126959.14696605;2126970.00211369;-14.1404973002414;-4.30635580656264
277;94081CH0255_01_SEN_ind01.pdf;94081CH0255;1;1;39;4;35;0;39;35;40m < D <= 50m;entre 30 et 60;0;1;0;0;10 X 8;5;/;2127142.88359392;2127154.82996606;-70.3101746181572;-56.7655842097634
278;94081CN0032_02_SEN_ind01.pdf;94081CN0032;2;1;41;5;36;0;41;36;20m < D <= 30m;entre 60 et 90;0;0;0;0;15 X 7;3;/;2127258.29866001;2127272.19278946;-76.7193329249479;-60.2623592253622
279;94081CI0191_02_SEN_ind01.pdf;94081CI0191;2;1;35;17;18;0;35;18;0m < D <= 10m;<30;0;1;0;0;80 X 22;7;/;2126603.55303038;2126684.37540446;-30.687382567252;9.41641271565213
280;94081DJ0131_12_SEN_ind01.pdf;94081DJ0131;12;1;35;17;18;0;35;18;20m < D <= 30m;<30;0;0;0;0;25 X 8;4;/;2126189.189074;2126202.880755;-69.9029570431681;-45.1583852670886
281;94081AR0130_01_SEN_ind01.pdf;94081AR0130;1;1;77;41;36;Non dtermine;NULL;non dtermin;30m < D <= 40m;<30;Non dtermine;1;0;0;8 X 7;6;NULL;2129008.60166561;2129017.70959402;-30.0894396837208;-21.8922301195435
282;94081CH0256_01_SEN_ind01.pdf;94081CH0256;1;1;40;4;36;0;40;36;D > 50m;entre 30 et 60;0;1;1;0;10 X 10;6;/;2127149.24828956;2127161.18864288;-75.675026278767;-62.1120955737428
283;94081CN0096_03_SEN_ind01.pdf;94081CN0096;3;1;41;-1;42;3;38;39;Au dessus de l'axe;entre 30 et 60;1;4;0;0;15 X 13;15;NULL;2127267.67314604;2127286.80937615;-57.9363062362921;-36.9153818714764
284;94081CI0275_02_SEN_ind01.pdf;94081CI0275;2;1;35;16;19;0;35;19;Au dessus de l'axe;entre 60 et 90;0;0;0;0;5 X 4;3;/;2126878.30998032;2126884.33185162;59.4559495723244;63.6326640382598
285;94081CI0109_01_SEN_ind01.pdf;94081CI0109;1;1;35;15;20;2;33;18;10m < D <= 20m;<30;1;0;1;0;10 X 9;5;NULL;2126901.66295463;2126914.5933053;12.1801244663349;25.221747565758
286;94081BP0148_01_SEN_ind01.pdf;94081BP0148;1;1;46;30;16;3;43;13;10m < D <= 20m;<30;1;3;0;0;18 X 18;12;NULL;2128145.23018092;2128165.00301813;-33.7980401626282;-14.8980216637367
287;94081AR0160_01_SEN_ind01.pdf;94081AR0160;1;1;89;48;41;2;87;39;10m < D <= 20m;<30;1;0;1;0;12 X 12;8;NULL;2129151.25225488;2129163.21754695;-20.4709105855003;-11.2078328426724
288;94081AS0126_01_SEN_ind01.pdf;94081AS0126;1;1;64;35;29;0;64;29;Au dessus de l'axe;entre 30 et 60;0;0;0;0;9 X 5;3;/;2128815.56303414;2128822.06548627;1.51369959018586;11.7462921587095
289;94081AU0047_01_SEN_ind01.pdf;94081AU0047;1;1;55;30;25;2;53;23;40m < D <= 50m;entre 60 et 90;1;1;1;0;10 X 7;7;NULL;2128631.10542587;2128640.11762465;61.0303852660181;72.5862041166283
290;94081AQ0100_01_SEN_ind01.pdf;94081AQ0100;1;1;96;54;42;2;94;40;10m < D <= 20m;<30;1;1;1;0;9 X 9;7;/;2129311.04892664;2129320.27924128;18.491621127126;27.5834683073703
291;94081AQ0225_01_SEN_ind01.pdf;94081AQ0225;1;1;98;60;38;0;98;38;10m < D <= 20m;entre 60 et 90;0;1;1;0;12 X 7;7;/;2129420.28477612;2129432.24589817;-15.5670804160457;-5.12944354075094
292;94081CH0192_01_SEN_ind01.pdf;94081CH0192;1;1;41;5;36;4;37;32;40m < D <= 50m;entre 60 et 90;1;1;1;0;14 X 9;6;/;2127196.15428304;2127207.02602031;-86.1390160537268;-73.801808899936
293;94081CM0156_01_SEN_ind01.pdf;94081CM0156;1;1;35;17;18;0;35;18;40m < D <= 50m;entre 30 et 60;0;0;0;0;6 X 3;3;Prsence de sablire;2126953.24896938;2126958.90231255;156.24877564504;163.544011716661
294;94081AQ0090_01_SEN_ind01.pdf;94081AQ0090;1;1;93;50;43;0;93;43;10m < D <= 20m;<30;0;0;1;0;9 X 8;5;/;2129209.82965229;2129217.63405885;12.3216673318732;20.7217949003363
295;94081CM0024_02_SEN_ind01.pdf;94081CM0024;2;1;35;16;19;0;35;19;40m < D <= 50m;entre 60 et 90;0;0;0;0;3 X 2;2;Prsence de sablire;2126942.57972733;2126947.93803765;73.8721712147686;83.3017485787829
296;94081CN0032_01_SEN_ind01.pdf;94081CN0032;1;1;42;5;37;4;38;33;30m < D <= 40m;entre 60 et 90;1;1;1;0;16 X 12;8;/;2127243.40030214;2127260.51037972;-89.3510057316072;-69.8866378100872
297;94081AU0092_02_SEN_ind01.pdf;94081AU0092;2;1;55;30;25;Non dtermin (btiment ferm);NULL;non dtermin;0m < D <= 10m;entre 60 et 90;?;0;0;0;7 X 5;3;/;2128632.16753677;2128640.08705354;16.1729447989935;24.7812422652441
298;94081DJ0088_04_SEN_ind01.pdf;94081DJ0088;4;1;35;17;18;2;33;16;10m < D <= 20m;<30;1;0;0;0;13 X 7;4;NULL;2126487.80105685;2126495.1095642;-32.4073877472522;-23.1207649674808
299;94081CH0313_01_SEN_ind01.pdf;94081CH0313;1;1;36;13;23;0;36;23;Au dessus de l'axe;entre 30 et 60;0;1;0;0;11 X 7;5;NULL;2126962.80181558;2126974.86557903;-6.27002655446812;4.36505344881708
300;94081CI0190_02_SEN_ind01.pdf;94081CI0190;2;1;35;22;13;NULL;35;13;40m < D <= 50m;entre 60 et 90;0;NULL;NULL;NULL;42 X 14;5;Prsence de sablire;2126555.75588681;2126563.46379334;97.7986451483346;111.761916910354
301;94081DI0027_15_SEN_ind02.pdf;94081DI0027;15;2;NULL;ND2;ND3;ND4;NULL;ND6;ND7;ND8;NULL;ND10;ND11;ND12;NULL;ND14;ND15;2125449.05435148;2125462.84835811;94.8266880918596;107.216003243187
302;94081CN0096_01_SEN_ind01.pdf;94081CN0096;1;1;42;-1;43;3;39;40;20m < D <= 30m;entre 30 et 60;1;4;0;0;15 X 13;15;NULL;2127308.06229568;2127327.95035636;-24.3091837778434;-3.38706405904011
303;94081AR0452_01_SEN_ind01.pdf;94081AR0452;1;1;73;41;32;2;71;30;0m < D <= 10m;<30;1;1;0;0;9 X 9;8;NULL;2128955.91785395;2128966.63670879;-11.3508323780555;-0.962531900586235
304;94081AR0340_02_SEN_ind01.pdf;94081AR0340;2;1;73;41;32;0;73;32;20m < D <= 30m;entre 60 et 90;0;0;0;0;7 X 6;3;NULL;2128933.35151148;2128942.97697599;27.0564907180755;35.6584685937137
305;94081CI0191_06_SEN_ind01.pdf;94081CI0191;6;1;35;17;18;0;35;18;30m < D <= 40m;<30;0;0;0;0;35 X 10;6;/;2126747.67728585;2126785.19876338;30.8769106660593;47.9382960865447
306;94081CI0026_01_SEN_ind01.pdf;94081CI0026;1;1;35;15;20;2;33;18;20m < D <= 30m;<30;1;1;1;0;8 X 8;5;Prsence de sablire;2126863.51005985;2126871.30497683;78.5109249098069;86.5477237884677
307;94081AR0413_01_SEN_ind01.pdf;94081AR0413;1;2;75;41;34;2;73;32;10m < D <= 20m;<30;1;1;0;0;10 X 8;7;/;2128971.60814448;2128982.11306578;-20.2893712042558;-8.97531977682533
308;94081AR0503_01_SEN_ind01.pdf;94081AR0503;1;1;83;44;39;Non dtermin (btiment ferm);NULL;non dtermin;10m < D <= 20m;entre 60 et 90;Non dtermin (btiment ferm);1;1;0;16 X 9;9;/;2129058.5853426;2129068.39335247;-25.1518012506407;-8.59340646094986
309;94081AQ0091_01_SEN_ind01.pdf;94081AQ0091;1;2;93;50;43;0;93;43;10m < D <= 20m;entre 60 et 90;0;2;1;0;11 X 9;10;/;2129210.45692919;2129217.56715162;-16.2394472906003;-7.4776436676425
310;94081BP0134_01_SEN_ind01.pdf;94081BP0134;1;1;45;29;16;ND4;NULL;non dtermin;10m < D <= 20m;<30;?;2;0;?;38 X 11;10;NULL;2128065.05562766;2128103.33820034;-28.032244528954;-15.9677586425724
311;94081CI0191_09_SEN_ind01.pdf;94081CI0191;9;1;35;17;18;0;35;18;10m < D <= 20m;<30;0;0;0;0;16 X 7;3;/;2126752.74217094;2126761.45450698;-24.4001401733958;-17.5629691917465
312;94081CI0191_03_SEN_ind01.pdf;94081CI0191;3;1;35;17;18;4;31;14;Au dessus de l'axe;entre 60 et 90;1;1;0;0;35 X 22;7;/;2126686.98436901;2126717.89443024;-38.0326257271908;1.71844864530915
313;94081AQ0113_02_SEN_ind01.pdf;94081AQ0113;2;1;98;58;40;0;98;40;Au-dessus de l'axe;<30;0;0;0;0;5 X 3;2;NULL;2129419.82545898;2129424.76647462;-5.89957873914658;-1.12343633038105
314;94081CI0191_01_SEN_ind01.pdf;94081CI0191;1;1;35;17;18;0;35;18;0m < D <= 10m;<30;0;1;0;0;55 X 25;7;/;2126541.50183049;2126601.09941926;-9.8671824339677;25.6674222306292
315;94081AR0153_01_SEN_ind01.pdf;94081AR0153;1;1;83;44;39;3;80;36;0m < D <= 10m;<30;1;1;1;0;11 X 10;3;/;2129054.20313973;2129065.41209803;5.47269930373889;14.4852139791212
316;94081AQ0225_02_SEN_ind01.pdf;94081AQ0225;2;1;97;60;37;0;97;37;10m < D <= 20m;entre 60 et 90;0;1;1;0;5 X 4;4;NULL;2129411.47271997;2129417.4350103;-20.2480760918068;-13.3558996156794
317;94081DI0027_10_SEN_ind02.pdf;94081DI0027;10;2;NULL;ND2;ND3;ND4;NULL;ND6;ND7;ND8;NULL;ND10;ND11;ND12;NULL;ND14;ND15;2125508.76433825;2125522.93069283;108.169047109801;121.539715283552
318;94081AU0033_01_SEN_ind01.pdf;94081AU0033;1;2;58;31;27;2;56;25;0m < D <= 10m;entre 60 et 90;1;0;1;0;8 X 8;5;/;2128691.62156851;2128701.74219151;-0.414983072343518;9.70683741065761
319;94081AU0092_01_SEN_ind01.pdf;94081AU0092;1;1;55;30;25;Non dtermin (btiment ferm);NULL;non dtermin;20m < D <= 30m;entre 60 et 90;?;1;1;0;9 X 9;6;/;2128629.13225073;2128639.84309451;27.9035148289192;39.676135540222
320;94081CN0096_06_SEN_ind01.pdf;94081CN0096;6;2;42;-1;43;3;39;40;10m < D <= 20m;entre 30 et 60;1;9;0;2;32 X 9;27;NULL;2127265.76015749;2127395.28049112;-152.946879924977;-4.30694586855237
321;94081CU0141_02_SEN_ind01.pdf;94081CU0141;2;2;43;27;16;3;40;13;30m < D <= 40m;entre 60 et 90;1;14;0;2;22 X 17;42;/;2127920.40587292;2128010.08534775;40.6832384150523;94.5762272529007
322;94081CN0003_02_SEN_ind01.pdf;94081CN0003;2;2;45;4;41;4;41;37;30m < D <= 40m;<30;1;4;0;0;11 X 10;14;/;2127446.84934704;2127516.92021506;0.599848383532846;137.497089155241
323;94081AQ0097_01_SEN_ind01.pdf;94081AQ0097;1;1;95;52;43;0;95;43;Au dessus de l'axe;entre 60 et 90;0;1;1;0;41 X 12;8;/;2129248.32561931;2129276.9382088;-15.9100105316382;29.0392453994322
324;94081AS0357_01_SEN_ind01.pdf;94081AS0357;1;1;62;33;29;0;62;29;10m < D <= 20m;<30;0;1;1;0;9 X 7;5;/;2128769.89896752;2128780.71125583;-11.8507021757181;-1.06595579554108
325;94081AQ0119_01_SEN_ind01.pdf;94081AQ0119;1;1;97;60;37;0;97;37;20m < D <= 30m;entre 60 et 90;0;2;0;0;14 X 10;8;/;2129413.01504654;2129429.29262373;-26.708786892834;-16.6808028542454
326;94081CM0019_02_SEN_ind01.pdf;94081CM0019;2;2;35;16;19;0;35;19;40m < D <= 50m;entre 60 et 90;0;1;1;0;19 X 9;6;Prsence de sablire;2126935.92797128;2126944.23686699;112.747940762943;121.140724663631
327;94081AU0032_01_SEN_ind01.pdf;94081AU0032;1;1;58;31;27;2;56;25;0m < D <= 10m;entre 60 et 90;1;0;1;0;8 X 8;5;/;2128685.34476957;2128695.76556506;4.03212115569233;14.6350496427599
328;94081AS0369_02_SEN_ind01.pdf;94081AS0369;2;2;65;37;28;0;65;28;0m < D <= 10m;entre 60 et 90;0;0;0;0;7 X 4;3;NULL;2128858.64173502;2128864.32244714;-7.38425750897183;-1.25444839508871
329;94081CI0221_01_SEN_ind01.pdf;94081CI0221;1;2;35;17;18;0;35;18;D > 50 m;entre 60 et 90;0;1;0;0;30 X 14;7;/;2126561.46920842;2126577.25622469;-84.517298893961;-51.8597168502486
330;94081CM0021_01_SEN_ind01.pdf;94081CM0021;1;1;35;16;19;0;35;19;40m < D <= 50m;entre 60 et 90;0;0;1;0;11 X 9;4;Prsence de sablire;2126953.82476502;2126966.82405068;99.4985108911179;107.839562121402
331;94081AQ0314_01_SEN_ind01.pdf;94081AQ0314;1;1;96;56;40;Non dtermin;NULL;non dtermin;10m < D <= 20m;<30;Non dtermin;1;1;0;8 X 7;7;/;2129344.64199162;2129355.20771439;-22.842821544398;-12.4817741704084
332;94081AR0469_01_SEN_ind01.pdf;94081AR0469;1;1;84;46;38;2;82;36;10m < D <= 20m;<30;1;0;1;0;10 X 8;7;/;2129080.49135492;2129092.81211973;-21.1501146172633;-11.2242660135552
333;94081CM0065_02_SEN_ind01.pdf;94081CM0065;2;1;35;17;18;0;35;18;D > 50m;entre 60 et 90;0;0;0;0;26 X 8;4;/;2126978.80184582;2126988.83224529;125.673202364973;135.240091288543
334;94081CM0020_01_SEN_ind01.pdf;94081CM0020;1;1;35;16;19;2;33;17;20m < D <= 30m;entre 60 et 90;1;0;1;0;11 X 9;4;Prsence de sablire;2126934.1153884;2126946.12901896;101.057713628345;114.301770718386
335;94081BP0027_01_SEN_ind01.pdf;94081BP0027;1;2;45;24;21;0;45;21;10m < D <= 20m;<30;1;4;0;0;40 X 9;17;/;2127954.692864;2127996.29837735;-22.0886973118648;-14.1446089964923
336;94081AR0394_02_SEN_ind01.pdf;94081AR0394;2;1;82;44;38;0;82;38;Au dessus de l'axe;entre 60 et 90;0;0;0;0;12 X 4;2;NULL;2129049.99434358;2129053.27958293;0.989305577320252;6.89588692585361
337;94081AS0121_02_SEN_ind01.pdf;94081AS0121;2;1;63;35;28;2;61;26;10m < D <= 20m;<30;1;1;0;0;12 X 9;6;Sous sol semi enterr;2128776.73350938;2128791.43686151;-16.6960323728318;-3.73910266229856
338;94081AS0060_01_SEN_ind01.pdf;94081AS0060;1;2;68;39;29;Non dtermin (btiment ferm);NULL;non dtermin;20m < D <= 30m;<30;Non dtermin (btiment ferm);1;1;0;15 X 5;7;/;2128882.61455133;2128898.37596033;26.003987469681;32.6122842955987
339;94081CI0015_01_SEN_ind01.pdf;94081CI0015;1;1;35;13;22;2;33;20;10m < D <= 20m;entre 60 et 90;1;1;1;0;11 X 5;6;NULL;2126942.96150871;2126950.61627703;10.600325320898;22.7765759653061
340;94081CH0190_01_SEN_ind01.pdf;94081CH0190;1;1;40;5;35;4;36;31;40m < D <= 50m;entre 60 et 90;0;1;1;0;11 X 9;6;/;2127176.2921681;2127189.60907436;-70.2854823699955;-56.0812603589231
341;94081AR0162_02_SEN_ind01.pdf;94081AR0162;2;1;90;48;42;Non dtermin;NULL;non dtermin;10m < D <= 20m;<30;Non dtermin;2;1;0;12 X 8;6;NULL;2129165.68926397;2129197.49349483;-24.7511078669498;-15.5403610296228
342;94081AR0460_01_SEN_ind01.pdf;94081AR0460;1;1;85;46;39;2;83;37;0m < D <= 10m;<30;1;1;0;0;12 X 6;7;Terrain en pente;2129094.82618587;2129107.40113059;-16.907515940358;-9.27237964521337
343;94081CL0110_01_SEN_ind01.pdf;94081CL0110;1;1;35;17;18;2;33;16;0m < D <= 10m;entre 60 et 90;1;0;1;0;13 X 9;3;NULL;2126918.58786925;2126930.54085497;147.310296378139;159.951436770712
344;94081BP0027_02_SEN_ind01.pdf;94081BP0027;2;2;46;24;22;3;43;19;40m < D <= 50m;entre 60 et 90;1;5;0;0;68 X 9;20;/;2127953.15387937;2127963.21398424;-101.678351150499;-40.526847838662
345;94081AQ0316_01_SEN_ind01.pdf;94081AQ0316;1;1;96;56;40;2;94;38;20m < D <= 30m;entre 30 et 60;1;0;1;0;12 X 6;6;/;2129338.66045713;2129350.60759702;-33.256782723537;-24.012432404608
346;94081AV0016_01_SEN_ind01.pdf;94081AV0016;1;2;60;31;29;Non dtermin (btiment ferm);NULL;non dtermin;20m < D <= 30m;entre 30 et 60;Non dtermin (btiment ferm);1;1;0;10 X 8;7;/;2128728.8900167;2128741.34597073;-28.8283666406974;-17.6564345004054
347;94081AS0122_01_SEN_ind01.pdf;94081AS0122;1;2;63;35;28;Non determin (btiment ferm);NULL;non dtermin;0m < D <= 10m;entre 30 et 60;?;1;1;0;10 X 7;5;/;2128800.36730368;2128812.09487908;7.37816377028394;18.7878876102785
348;94081AQ0104_02_SEN_ind01.pdf;94081AQ0104;2;1;97;58;39;1;96;38;30m < D <= 40m;<30;1;1;1;0;9 X 5;8;Bti coll derrire la maison;2129354.1076003;2129364.96904286;20.6587290484128;32.5774924041542
349;94081AS0139_01_SEN_ind01.pdf;94081AS0139;1;1;67;39;28;Non dtermine (btiment ferm);NULL;non dtermin;0m < D <= 10m;<30;?;2;1;?;23 X 11;10;/;2128874.12309491;2128880.63278301;-0.387948681069958;4.98868019766314
350;94081CI0019_02_SEN_ind01.pdf;94081CI0019;2;1;35;15;20;0;35;20;40m < D <= 50m;<30;0;0;0;0;11 X 8;4;/;2126921.58976827;2126935.08963036;25.4573363340872;37.0661515054544
351;94081CM0142_01_SEN_ind01.pdf;94081CM0142;1;1;35;16;19;2;33;17;40m < D <= 50m;entre 60 et 90;1;1;1;0;6 X 4;5;Prsence de sablire;2126938.94595166;2126949.81161359;92.9468310975127;100.480034316869
352;94081DI0024_03_SEN_ind01.pdf;94081DI0024;3;2;35;15;20;8;27;12;D > 50 m;<30;3;4 (en comptant le rez de jardin);0;1;30 X 30;15;NULL;2125936.3603995;2126027.36007224;-123.313911838953;-50.0845294422497
353;94081BP0100_02_SEN_ind01.pdf;94081BP0100;2;2;NULL;ND2;ND3;ND4;NULL;ND6;ND7;ND8;NULL;ND10;ND11;ND12;NULL;ND14;ND15;2128352.64731978;2128388.73658364;-16.1507024702428;52.7997450435345
354;94081CO0175_01_SEN_ind01.pdf;94081CO0175;1;1;43;11;32;3;40;29;30m < D <= 40m;<30;1;4;0;Non connus (halls inaccessibles);30 X 7;14;NULL;2127596.00927627;2127650.93477385;22.330040390657;179.732179649359
355;94081CU0299_01_SEN_ind01.pdf;94081CU0299;1;1;45;30;15;7;38;8;40m < D <= 50m;<30;2 partiel;6;0;2;35 X 11;20;NULL;2128247.59366519;2128279.98753605;45.3534462648529;115.169450008665
356;94081BP0150_02_SEN_ind01.pdf;94081BP0150;2;1;45;22;23;0;45;23;30m < D <= 40m;entre 60 et 90;0;3;0;0;12 X 12;14;/;2127899.10717224;2127929.80080853;-106.146416606609;-26.04017561132
357;94081AU0171_03_SEN_ind01.pdf;94081AU0171;3;1;52;30;22;8;44;14;40m < D <= 50m;<30;3;R+9;0;2;150 X 70;28;NULL;2128531.24965593;2128592.26340459;36.757397809387;119.556229864895
358;94081AU0100_02_SEN_ind01.pdf;94081AU0100;2;1;56;30;26;0;56;26;10m < D <= 20m;entre 60 et 90;0;1 niveau partiel (logement gardien);0;0;50 X 30;6;NULL;2128558.34287647;2128653.69008296;-62.5127749220455;34.179509133085
359;94081AR0161_01_SEN_ind01.pdf;94081AR0161;1;1;92;50;42;2;90;40;10m < D <= 20m;<30;1;0;1;0;8 X 7;4;NULL;2129186.44979154;2129195.51374093;-15.3939379398203;-6.36332079213158
360;94081AS0369_01_SEN_ind01.pdf;94081AS0369;1;2;65;37;28;ND4;NULL;non dtermin;0m < D <= 10m;entre 30 et 60;?;ND10;1;0;10 X 10;ND14;NULL;2128842.24414303;2128853.37283283;-12.8113797109182;-1.20421900055585
361;94081DJ0123_01_SEN_ind01.pdf;94081DJ0123;1;1;35;17;18;ND4;NULL;non dtermin;0m < D <= 10m;<30;?;?;0;0;105 X 40;8;NULL;2126386.30797661;2126490.94815515;8.11761779744265;49.5033868032994
362;940810X0214_01_SEN_ind01.pdf;940810X0214;1;1;47;30;17;Inconnue (pas d'accs  l'immeuble);NULL;non dtermin;D > 50 m;<30;Inconnue (pas d'accs  l'immeuble);5;0;2;30 X 25;20;Dimension du btiment en L;2128358.77417532;2128393.09639856;93.9359798695903;131.652315495851
363;94081AR0124_01_SEN_ind01.pdf;94081AR0124;1;1;73;41;32;0;73;32;0m < D <= 10m;<30;0;1;1;0;11 X 6;6;/;2128931.18599597;2128946.08030412;6.21601299292612;20.9961180470257
364;94081CI0265_01_SEN_ind01.pdf;94081CI0265;1;1;35;15;20;3;32;17;20m < D <= 30m;entre 60 et 90;1;1;1;0;9 X 9;6;NULL;2126877.08551853;2126903.06765878;-41.4122477766652;-23.8617335046682
365;94081BT0141_02_SEN_ind01.pdf;94081BT0141;2;1;48;4;44;0;48;44;20m < D <= 30m;<30;0;0;0;0;30 X 8;4;/;2127514.27490399;2127543.48992981;-74.205183372297;-57.6710216064483
366;94081AU0034_01_SEN_ind01.pdf;94081AU0034;1;1;59;31;28;3;56;25;10m < D <= 20m;non dtermin;1;?;?;?;24 X 15;?;en cour de construction;2128691.70195036;2128715.84597802;-19.1870681952935;-1.0478444325767
367;94081AR0392_01_SEN_ind01.pdf;94081AR0392;1;1;82;44;38;2;80;36;10m < D <= 20m;entre 60 et 90;1;0;1;0;10 X 9;4;NULL;2129037.93304582;2129046.65491639;14.9406058701622;24.5984276611301
368;94081CI0019_01_SEN_ind01.pdf;94081CI0019;1;1;35;15;20;2;33;18;40m < D <= 50m;<30;1;1;0;0;18 X 11;6;NULL;2126911.7547558;2126927.96524768;29.6992397268862;50.7359761033786
369;94081CI0275_01_SEN_ind01.pdf;94081CI0275;1;1;35;16;19;2;33;17;0m < D <= 10m;<30;1;1;1;0;8 X 8;5;Prsence de sablire;2126889.32775189;2126899.55920591;62.8522158682286;72.1934608607476
370;94081AR0159_01_SEN_ind01.pdf;94081AR0159;1;1;88;48;40;2;86;38;10m < D <= 20m;entre 60 et 90;1;1;0;0;12 X 10;7;Sous sol semi enterr;2129134.03018919;2129144.18090041;-22.3093664249617;-12.5455233691391
371;94081AU0205_01_SEN_ind01.pdf;94081AU0205;1;2;58;30;28;Non connus;NULL;non dtermin;10m < D <= 20m;entre 60 et 90;?;1;1;0;12 X 9;6;/;2128677.38529323;2128690.64789344;-19.0985369923969;-5.26044707414437
372;94081CI0027_01_SEN_ind01.pdf;94081CI0027;1;1;35;15;20;2;33;18;30m < D <= 40m;<30;1;1;1;0;8 X 8;5;Prsence de sablire;2126848.94444986;2126857.66290025;80.3254210662633;89.2714797748458
373;94081AR0131_01_SEN_ind01.pdf;94081AR0131;1;1;78;44;34;2;76;32;30m < D <= 40m;<30;1;1;1;0;16 X 6;6;NULL;2129024.79244438;2129034.13733862;-35.4330730537463;-19.3735520641696
374;94081AR0523_02_SEN_ind01.pdf;94081AR0523;2;1;70;41;29;2;68;27;20m < D <= 30m;<30;1;1;0;0;10 X 9;6;NULL;2128923.83502636;2128936.38770835;-35.276574353812;-25.1390930810935
375;94081BT0140_01_SEN_ind01.pdf;94081BT0140;1;1;48;4;44;1;47;43;30m < D <= 40m;<30;1;14;0;2;40 X 15;42;NULL;2127521.95496835;2127560.25535297;-97.4933191021398;-69.419501552817
376;94081AQ0253_01_SEN_ind01.pdf;94081AQ0253;1;1;96;56;40;0;96;40;10m < D <= 20m;entre 30 et 60;0;1;1;0;8 X 7;6;/;2129326.18574043;2129335.91457;6.38193742009235;15.7979510098665
377;94081AS0370_01_SEN_ind01.pdf;94081AS0370;1;1;64;37;27;0;64;27;40m < D <= 50m;<30;0;0;1;0;20 X 7;4;/;2128845.38827813;2128861.882041;-47.8356030678941;-27.6551451095112
378;94081DJ0131_10_SEN_ind01.pdf;94081DJ0131;10;2;35;17;18;0;35;18;20m < D <= 30m;<30;0;1;0;0;22 X 14;6;Btiment abandonn et ferm;2126110.26523717;2126149.29529753;-78.736591102402;-52.9240999759981
379;94081AU0108_01_SEN_ind01.pdf;94081AU0108;1;2;60;31;29;Non dtermin ( btiment ferm);NULL;non dtermin;0m < D <= 10m;entre 60 et 90;?;0;1;0;9 X 7;5;/;2128721.34220247;2128731.99256601;13.193667916929;23.3611078003309
380;94081CM0019_01_SEN_ind01.pdf;94081CM0019;1;1;35;16;19;3;32;16;20m < D <= 30m;entre 60 et 90;1;1;1;0;7 X 7;6;Prsence de sablire;2126959.06063663;2126981.65791897;99.4716433630655;115.794752448408
381;94081DJ0131_09_SEN_ind01.pdf;94081DJ0131;9;1;35;17;18;0;35;18;20m < D <= 30m;<30;0;2;0;0;19 X 16;9;Btiment ferm;2126068.271973;2126106.99931914;-63.2113245994897;-39.1146895026612
382;94081AS0162_01_SEN_ind01.pdf;94081AS0162;1;1;63;35;28;2;61;26;20m < D <= 30m;<30;1;0;0;0;11 X 10;3;/;2128796.70619627;2128811.28683462;-34.664301442869;-22.283819023318
383;94081CI0273_01_SEN_ind01.pdf;94081CI0273;1;1;35;16;19;2;33;17;0m < D <= 10m;<30;1;1;0;0;8 X 8;5;Prsence de sablire;2126891.94039723;2126901.48503139;69.2584696669589;78.8771594460029
384;94081DJ0088_01_SEN_ind01.pdf;94081DJ0088;1;1;35;17;18;0;35;18;10m < D <= 20m;<30;0;0;0;0;86 X 16;6;NULL;2126390.25164392;2126452.99586939;-31.3323412221681;-19.1987423519413
385;94081AS0309_01_SEN_ind01.pdf;94081AS0309;1;2;70;39;31;0;70;31;20m < D <= 30m;<30;0;1;1;0;15 X 9;6;/;2128901.9345735;2128917.39680435;23.0120023998856;29.5515731766998
386;94081CM0065_01_SEN_ind01.pdf;94081CM0065;1;1;35;17;18;3;32;15;40m < D <= 50m;entre 30 et 60;1;0;1;0;12 X 7;6;Prsence de sablire;2126947.95442043;2126981.66023022;128.311453193718;146.378414089169
387;94081CL0140_02_SEN_ind01.pdf;94081CL0140;2;2;35;16;19;0;35;19;Au dessus de l'axe;entre 30 et 60;0;1 partiel);1;0;55 X 11;7 (R+1) - 4 m (RDC);NULL;2126732.28001081;2126904.62548438;95.5950163501177;177.955758117811
388;94081BP0207_01_SEN_ind01.pdf;94081BP0207;1;1;45;27;18;7;38;11;0m < D <= 10m;<30;2;7;0;1;30 X 23;22;NULL;2127996.06976313;2128026.45047364;-36.3970691272426;-11.1127639533278
389;94081AQ0115_02_SEN_ind01.pdf;94081AQ0115;2;1;97;58;39;0;97;39;30m < D <= 40m;<30;0;0;0;0;7 X 3;2;NULL;2129404.69529256;2129408.25404427;14.1191368416478;19.6238082709823
390;94081AV0017_01_SEN_ind01.pdf;94081AV0017;1;1;60;31;29;2;58;27;40m < D <= 50m;entre 30 et 60;1;1;1;0;8 X 7;7;NULL;2128734.91921672;2128747.00762635;-35.0435927599282;-22.8060906887011
391;94081AQ0114_01_SEN_ind01.pdf;94081AQ0114;1;2;98;58;40;2;96;38;30m < D <= 40m;<30;1;0;1;0;10 X 8;5;/;2129408.82462807;2129417.99421332;22.5556322333891;32.7282079904231
392;94081AQ0097_03_SEN_ind01.pdf;94081AQ0097;3;1;95;54;41;0;95;41;10m < D <= 20m;entre 60 et 90;0;0;0;0;25 X 10;5;/;2129257.78309438;2129268.42448536;-16.8919265320892;-10.7698860672105
393;94081CI0110_01_SEN_ind01.pdf;94081CI0110;1;1;35;15;20;2;33;18;20m < D <= 30m;entre 60 et 90;1;0;1;0;10 X 10;5;NULL;2126905.37186426;2126921.13189118;21.6393993786352;34.5641025712713
394;94081AR0394_01_SEN_ind01.pdf;94081AR0394;1;1;82;44;38;2;80;36;Au-dessus de l'axe;<30;1;0;1;0;12 X 7;6;NULL;2129034.12684449;2129044.87565158;-4.23027476864308;6.57552795041625
395;94081CI0021_01_SEN_ind01.pdf;94081CI0021;1;1;35;15;20;0;35;20;30m < D <= 40m;<30;0;0;0;0;5 X 4;3;Prsence de sablire;2126922.36725611;2126932.57872387;60.9232068508432;71.4511496838337
396;94081AS0398_01_SEN_ind01.pdf;94081AS0398;1;1;65;37;28;0;65;28;0m < D <= 10m;<30;0;3;0;0;13 X 8;11;Toiture terrasse;2128826.84092874;2128838.74191837;-9.06281188201346;7.38178305030567
397;94081AR0456_01_SEN_ind01.pdf;94081AR0456;1;1;73;41;32;0;73;32;10m < D <= 20m;<30;0;1;1;0;12 X 9;5;NULL;2128945.73579233;2128960.01528081;11.3119413830199;27.4446528512156
398;94081AQ0358_01_SEN_ind01.pdf;94081AQ0358;1;1;96;56;40;0;96;40;Au dessus de l'axe;<30;0;1;1;0;11 X 8;8;/;2129340.00119754;2129353.33666793;-12.2899177424326;-0.610647457441289
399;94081AU0014_01_SEN_ind01.pdf;94081AU0014;1;2;59;31;28;Non dtermin ( btiment ferm);NULL;non dtermin;10m < D <= 20m;entre 60 et 90;?;1;1;0;12 X 10;5;/;2128714.0461706;2128722.7864483;28.7803891861989;41.2632922457834
400;94081AR0153_02_SEN_ind01.pdf;94081AR0153;2;1;81;44;37;0;81;37;Au dessus de l'axe;entre 60 et 90;0;0;0;0;8 X 4;2;5;extension;2129053.27613105;2129059.39107032;-4.917106528152;2.12730358212628
401;94081AR0340_01_SEN_ind01.pdf;94081AR0340;1;1;71;41;30;2;69;28;0m < D <= 10m;<30;1;1;1;0;8 X 7;7;NULL;2128921.43027675;2128932.83551082;2.61545310568418;16.9867735744975
402;94081AR0132_01_SEN_ind01.pdf;94081AR0132;1;1;78;44;34;2;76;32;10m < D <= 20m;entre 60 et 90;1;2;0;0;12 X 10;7;NULL;2129024.23280008;2129033.86183531;-19.3918028510129;-7.72407715991292
403;94081DJ0088_03_SEN_ind01.pdf;94081DJ0088;3;1;35;17;18;2;33;16;10m < D <= 20m;<30;1;0;0;0;13 X 5;4;NULL;2126484.11064596;2126492.98008128;-54.6220290934133;-40.0365889846239
404;94081BT0134_01_SEN_ind01.pdf;94081BT0134;1;2;46;8;38;2;44;36;10m < D <= 20m;<30;Caves dsafectes;9;0;2;60 X 11;30;NULL;2127574.12264807;2127657.45305597;-61.358212927973;-29.4023036387893
405;94081BQ0235_01_SEN_ind01.pdf;94081BQ0235;1;1;44;13;31;0;44;31;10m < D <= 20m;entre 60 et 90;0;0;0;0;32 X 6;4;/;2127692.20304826;2127708.85438311;-59.3508471523587;-14.7935598679316
406;94081CM0156_03_SEN_ind01.pdf;94081CM0156;3;1;35;35;35;0;35;non dtermin;D > 50m;entre 30 et 60;0;0;1;0;19 X 8;3;Prsence de sablire;2127107.43341306;2127148.14135879;84.9301809710949;128.463071837775
407;94081CI0175_01_SEN_ind01.pdf;94081CI0175;1;1;35;25;10;Non dtermin (btiment ferm);NULL;non dtermin;10m < D <= 20m;entre 60 et 90;?;1;1;0;8 X 8;5;/;2126515.48400203;2126526.5425832;-63.4552593666539;-53.5803774146654
408;94081AR0523_01_SEN_ind01.pdf;94081AR0523;1;1;70;41;29;0;70;29;10m < D <= 20m;<30;0;0;0;0;7 X 7;3;NULL;2128924.26994417;2128932.29056879;-21.3667822166479;-12.5402844731561
409;94081CI0191_04_SEN_ind01.pdf;94081CI0191;4;1;35;17;18;0;35;18;Au dessus de l'axe;entre 60 et 90;0;0;0;0;60 X 11;5;NULL;2126677.17194496;2126701.54326899;-1.2550804480023;58.8669876921862
410;94081AQ0123_01_SEN_ind01.pdf;94081AQ0123;1;1;97;56;41;0;97;41;Au dessus de l'axe;entre 30 et 60;0;1;1;0;8 X 8;7;/;2129349.15080439;2129357.73491273;-5.71180033153721;5.52500517124366
411;94081CH0254_01_SEN_ind01.pdf;94081CH0254;1;1;39;5;34;0;39;34;30m < D <= 40m;entre 60 et 90;0;1;0;0;9 X 9;6;/;2127111.13261676;2127122.6122082;-52.9800885010482;-41.3026165884763
412;94081DJ0131_16_SEN_ind01.pdf;94081DJ0131;16;1;35;16;19;5;30;14;40m < D <= 50m;entre 60 et 90;1;0;0;0;40 X 30;4;Btiment ferm;2126065.26079226;2126102.54734665;-105.220649526049;-64.6140310991312
413;94081AQ0253_02_SEN_ind01.pdf;94081AQ0253;2;1;96;56;40;0;96;40;Au dessus de l'axe;entre 30 et 60;0;0;0;0;7 X 5;4;/;2129323.57589892;2129328.23507656;-2.03471368394926;5.71104213867139
414;94081CH0241_01_SEN_ind01.pdf;94081CH0241;1;1;41;5;36;4;37;32;40m < D <= 50m;entre 60 et 90;1;1;1;0;12 X 11;6;/;2127182.6309901;2127196.20330727;-80.1314979392145;-64.9042649562787
415;94081AS0163_01_SEN_ind01.pdf;94081AS0163;1;2;63;35;28;Non determin (btiment ferm);NULL;non dtermin;Au dessus de l'axe;entre 30 et 60;?;1;1;0;9 X 8;5;NULL;2128807.52021273;2128819.08257253;0.645794580812359;14.7425513038064
416;94081CN0092_01_SEN_ind01.pdf;94081CN0092;1;2;40;-1;41;4;36;37;30m < D <= 40m;<30;1;1;1;0;46 X 11;7;NULL;2127261.73959629;2127300.08627567;-9.77574992530161;30.7013578818429
417;94081AR0390_01_SEN_ind01.pdf;94081AR0390;1;1;82;44;38;Non dtermin (btiment ferm);NULL;non dtermin;20m < D <= 30m;entre 30 et 60;Non dtermin (btiment ferm);0;1;0;12 X 10;4;NULL;2129038.45744705;2129050.5248424;28.613560455176;38.9963248607267
418;94081AQ0115_01_SEN_ind01.pdf;94081AQ0115;1;1;98;58;40;2;96;38;20m < D <= 30m;<30;1;1;1;0;10 X 6;7;/;2129404.09242361;2129410.18953319;21.2978942085832;30.7317575092759
419;94081CU0141_01_SEN_ind01.pdf;94081CU0141;1;1;43;22;21;4;39;17;30m < D <= 40m;entre 60 et 90;2;14;0;2;22 X 17;42;/;2127901.70296188;2127919.17274163;42.6356789467494;65.5595077271393
420;94081CI0277_01_SEN_ind01.pdf;94081CI0277;1;1;35;15;20;2;33;18;40m < D <= 50m;<30;1;1;0;0;8 X 8;5;Prsence de sablire;2126863.58543794;2126884.99411868;38.9607977405228;51.9019546031674
421;94081CI0178_01_SEN_ind01.pdf;94081CI0178;1;2;35;25;10;3;32;7;0m < D <= 10m;<30;1;1;0;0;10 X 10;6;/;2126515.73863376;2126525.80018892;-53.9775701864326;-41.850169350756
422;94081AR0148_01_SEN_ind01.pdf;94081AR0148;1;1;92;50;42;Non dterminrmin (btiment ferm);NULL;non dtermin;20m < D <= 30m;<30;Non dterminrmin (btiment ferm);0;1;0;9 X 5;7;/;2129176.54025401;2129192.95586331;23.6694619315447;29.0817187577615
423;94081AS0120_01_SEN_ind01.pdf;94081AS0120;1;1;63;35;28;3;60;25;0m < D <= 10m;entre 30 et 60;1;1;1;0;10 X 5;5;NULL;2128790.01387829;2128803.25222981;8.79649894291312;23.0978926765134
424;94081CI0097_01_SEN_ind01.pdf;94081CI0097;1;1;35;25;10;3;32;7;40m < D <= 50m;entre 60 et 90;1;0;1;0;8 X 7;4;/;2126553.20866628;2126561.52143025;-66.4710817843415;-47.5062977354599
425;94081AR0154_01_SEN_ind01.pdf;94081AR0154;1;1;85;46;39;2;83;37;20m < D <= 30m;<30;1;1;1;0;18 X 10;6;NULL;2129065.35660383;2129083.77950823;17.8239573795896;28.5045703000218
426;94081AS0380_01_SEN_ind01.pdf;94081AS0380;1;2;60;33;27;Non dtermine (btiment ferm);NULL;non dtermin;10m < D <= 20m;entre 30 et 60;Non dtermine (btiment ferm);1;0;0;8 X 7;6;/;2128744.45852423;2128755.84271814;-15.2068636714645;-4.17016879218145
427;94081AQ0242_01_SEN_ind01.pdf;94081AQ0242;1;2;97;56;41;0;97;41;20m < D <= 30m;<30;0;0;1;0;13 X 4;3;NULL;2129373.37220007;2129381.15163855;27.0354534189251;39.413957412536
428;94081CM0098_02_SEN_ind01.pdf;94081CM0098;2;2;35;17;18;2;33;16;40m < D <= 50m;<30;1;1;1;0;28 X 5;6;/;2126953.81241509;2126982.94948681;118.994035218648;132.55422627339
429;94081AU0020_01_SEN_ind01.pdf;94081AU0020;1;1;59;31;28;Non dtermin ( btiment ferm);NULL;non dtermin;0m < D <= 10m;entre 60 et 90;?;1;1;0;9 X 9;5;/;2128706.42316583;2128716.45180249;14.4963733066338;25.3677542718477
430;94081CH0253_01_SEN_ind01.pdf;94081CH0253;1;1;38;5;33;0;38;33;30m < D <= 40m;entre 60 et 90;0;1;0;0;9 X 9;6;/;2127115.79546802;2127127.44610014;-46.3730625284873;-34.0150166833518
431;94081AR0460_02_SEN_ind01.pdf;94081AR0460;2;1;85;46;39;1;84;38;0m < D <= 10m;<30;0;0;0;0;9 X 5;3;garage semi-enterr;2129104.35983972;2129114.05278354;-23.4507877186094;-17.3033733284613
432;94081DJ0088_02_SEN_ind01.pdf;94081DJ0088;2;1;35;17;18;0;35;18;30m < D <= 40m;<30;0;0;0;0;75 X 15;6;NULL;2126387.96135582;2126457.84499482;-54.6348381788378;-40.218384909939
433;94081AR0397_01_SEN_ind01.pdf;94081AR0397;1;1;79;42;37;2;77;35;0m < D <= 10m;<30;1;0;1;0;11 X 5;3;NULL;2129005.9243779;2129016.48218402;1.38750787970192;10.4979913668941
434;94081AU0040_02_SEN_ind01.pdf;94081AU0040;2;2;56;30;26;2;54;24;D > 50m;entre 60 et 90;1;6;1;3 (1 par cage d'escaliers);35 X 10;19;NULL;2128563.80245691;2128625.58899797;-101.522377116417;-6.81256747774473
435;94081CN0002_01_SEN_ind01.pdf;94081CN0002;1;2;45;6;39;4;41;35;20m < D <= 30m;<30;1;4;0;0;30 X 16;14;/;2127535.4167908;2127567.94315104;-10.3843398679618;4.88182709161673
436;94081AQ0116_01_SEN_ind01.pdf;94081AQ0116;1;1;97;58;39;0;97;39;20m < D <= 30m;<30;0;1;1;0;11 X 7;8;/;2129392.02181701;2129405.56868209;13.5963273501188;23.9641115766252
437;94081CI0011_01_SEN_ind01.pdf;94081CI0011;1;1;35;15;20;Non dtermin;NULL;non dtermin;Au dessus de l'axe;entre 60 et 90;Non dtermin;1;0;0;9 X 8;6;NULL;2126893.29089953;2126908.09050889;-3.81288934226312;7.98454138686832
438;94081CI0016_01_SEN_ind01.pdf;94081CI0016;1;1;35;13;22;Non dtermin;NULL;non dtermin;20m < D <= 30m;entre 60 et 90;Non dtermin;1;0;0;13 X 5;5;NULL;2126946.94404594;2126956.98731427;18.9421168973189;35.5716318240254
439;94081AQ0190_01_SEN_ind01.pdf;94081AQ0190;1;1;97;58;39;0;97;39;10m < D <= 20m;entre 60 et 90;0;1;1;0;16 X 11;6;/;2129382.7539711;2129396.35650992;2.47186164629634;21.5266297651309
440;94081AR0128_01_SEN_ind01.pdf;94081AR0128;1;2;76;42;34;1;75;33;20m < D <= 30m;<30;1;1;0;0;8 X 10;7;NULL;2128983.51408178;2128998.01163147;-21.6389061455323;-11.7592832134113
441;94081CM0018_01_SEN_ind01.pdf;94081CM0018;1;1;35;16;19;3;32;16;30m < D <= 40m;entre 60 et 90;1;1;1;0;10 X 6;5;Prsence de sablire;2126940.79064494;2126951.53233287;121.282434957424;133.134822251682
442;94081AR0157_01_SEN_ind01.pdf;94081AR0157;1;2;86;46;40;2;84;38;10m < D <= 20m;<30;1;1;0;0;11 X 8;7;NULL;2129113.03980339;2129122.82137388;-23.6432840500271;-13.2920941791786
443;94081BT0141_01_SEN_ind01.pdf;94081BT0141;1;1;47;4;43;4;43;39;20m < D <= 30m;<30;1;2;0;0;30 X 20;8;/;2127542.06077341;2127573.41485315;-70.5948941497434;-46.3948002251797
444;94081CN0003_01_SEN_ind01.pdf;94081CN0003;1;2;46;4;42;4;42;38;0m < D <= 10m;<30;1;4;0;0;30 X 16;14;/;2127495.88149831;2127522.90358382;-29.0588619240045;-2.43260011286732
445;94081AR0289_01_SEN_ind01.pdf;94081AR0289;1;1;70;39;31;Non dtermine (btiment ferm);NULL;non dtermin;0m < D <= 10m;<30;?;1;1;0;8 X 7;6;NULL;2128914.53372299;2128925.7448695;-17.4254259056856;-9.06215343355495
446;94081AR0150_01_SEN_ind01.pdf;94081AR0150;1;2;92;50;42;3;89;39;Au dessus de l'axe;<30;1;1;1;0;9 X 6;7;Courrier info. Du 27/10/14;2129182.17901624;2129196.75312065;-0.399902162207009;8.33019699633818
447;94081CM0024_01_SEN_ind01.pdf;94081CM0024;1;2;35;16;19;0;35;19;40m < D <= 50m;<30;0;0;0;0;12 X 3;2;Prsence de sablire;2126946.60769369;2126953.76747614;84.8759061326091;97.1071539812269
448;94081AQ0098_01_SEN_ind01.pdf;94081AQ0098;1;1;96;54;42;0;96;42;Au dessus de l'axe;entre 60 et 90;0;1;1;0;16 X 10;7;/;2129286.21238693;2129296.55599446;-13.4959403067089;3.37724381546712
449;94081CM0115_05_SEN_ind01.pdf;94081CM0115;5;1;40;3;37;0;40;37;Au dessus de l'axe;entre 60 et 90;0;0;0;0;25 X 10;4;NULL;2127177.9536835;2127201.99096033;-35.0862401096919;-12.1414100768778
450;94081DI0027_16_SEN_ind02.pdf;94081DI0027;16;2;NULL;ND2;ND3;ND4;NULL;ND6;ND7;ND8;NULL;ND10;ND11;ND12;NULL;ND14;ND15;2125471.94392902;2125481.83283173;120.332248380024;129.7309053393
451;94081DI0027_13_SEN_ind02.pdf;94081DI0027;13;2;NULL;ND2;ND3;ND4;NULL;ND6;ND7;ND8;NULL;ND10;ND11;ND12;NULL;ND14;ND15;2125461.24781875;2125474.07475538;78.7186544973938;91.0570873421971
452;94076AZ0014_01_SEN_ind01.pdf;94076AZ0014;1;2;99;75;24;2;97;22;10m < D <= 20m;<30;1;0;1;0;10 X 10;5;sous-sol partiellement enterr;2129996.68351715;2129999.89088721;-20.0478996523172;-16.003661184867
453;94076AZ0075_01_SEN_ind01.pdf;94076AZ0075;1;3;99;75;24;3;96;21;Au-dessus de l'axe;<30;1;4;1;0;22 X 10;15;NULL;2129887.04455923;2129908.86438116;-10.580348779792;0.364311003958215
454;94076AZ0090_02_SEN_ind01.pdf;94076AZ0090;2;1;99;72;27;0;99;27;20m < D <= 30m;entre 60 et 90;0;0;0;0;4 X 3;3;NULL;2129745.55688498;2129754.39735206;-39.2341588724897;-28.0999393929169
455;94076AZ0013_01_SEN_ind01.pdf;94076AZ0013;1;2;99;75;24;3;96;21;20m < D <= 30m;<30;1;1;1;0;12 X 7;6;NULL;2129989.00192005;2129993.71665121;-36.5460891999495;-30.0468253097741
456;94076AZ0074_01_SEN_ind01.pdf;94076AZ0074;1;1;99;75;24;3;96;21;Au dessus de l'axe;entre 60 et 90;1;4;1;0;16 X 8;13;NULL;2129908.72700417;2129918.80170618;-17.091625739608;0.364311003958215
457;94076AZ0073_01_SEN_ind01.pdf;94076AZ0073;1;2;99;75;24;3;96;21;20m < D <=30m;entre 60 et 90;1;0;1;0;11 X 9;5;NULL;2129892.18864912;2129907.84274729;-27.0251922054992;-17.0109967537399
458;94076AZ0109_02_SEN_ind01.pdf;94076AZ0109;2;1;99;74;25;1;98;24;20m < D <=30m;entre 30 et 60;1;1;1;0;9 X 8;7;sous-sol partiellement enterr;2129825.19334684;2129839.75660295;-29.0480971492103;-10.5898394285756
459;94076AZ0113_01_SEN_ind01.pdf;94076AZ0113;1;2;99;75;24;0;99;24;Au dessus de l'axe;<30;0;1;1;0;21 X 17;5;NULL;2129990.21283545;2129999.83977691;-16.2675344556543;0.419250164248543
460;94076AZ0161_01_SEN_ind01.pdf;94076AZ0161;1;3;99;75;24;3;96;21;D > 50m;entre 60 et 90;1;5;1;1;18 X 15;20;NULL;2129988.9543642;2129990.56294221;-59.3848402976586;-54.4016741570142
461;94076AZ0114_01_SEN_ind01.pdf;94076AZ0114;1;1;99;75;24;0;99;24;Au dessus de l'axe;<30;0;2;0;0;20 X 20;8;NULL;2129953.7404906;2129989.29031669;-16.4783437699842;0.537410686448666
462;94076AZ0167_01_SEN_ind01.pdf;94076AZ0167;1;2;99;74;25;0;99;25;10m < D <= 20m;<30;1;1;1;0;14 X 12;6;NULL;2129784.05503718;2129804.60513793;-69.032548857323;-11.8298336662226
463;94076AZ0072_01_SEN_ind01.pdf;94076AZ0072;1;1;99;75;24;3;96;21;30m < D <= 40m;entre 60 et 90;1;1;0;0;13 X 10;7;NULL;2129875.78499612;2129888.1586694;-37.5254500888009;-27.352653035763
464;94076AZ0077_01_SEN_ind01.pdf;94076AZ0077;1;3;99;74;25;2;97;23;Au dessus de l'axe;<30;1;1;1;0;11 X 10;7;NULL;2129869.1284219;2129876.64651606;-10.2836931002215;-0.125373772002611
465;94076AZ0126_01_SEN_ind01.pdf;94076AZ0126;1;1;99;74;25;0;99;25;10m < D <= 20m;<30;0;1;0;0;17 X 11;5;NULL;2129771.61577412;2129785.12876651;-29.2267174071044;-16.005355483301
466;94076AZ0191_01_SEN_ind01.pdf;94076AZ0191;1;1;99;74;25;2;97;23;10m < D <= 20m;entre 60 et 90;1;1;1;0;13 X 9;7;NULL;2129804.30411036;2129813.51999117;-18.2415584273917;-6.452640261677
467;94076AZ0081_01_SEN_ind01.pdf;94076AZ0081;1;1;99;74;25;2;97;23;10m < D <= 20m;entre 60 et 90;1;1;1;0;13 X 6;6;NULL;2129838.09095327;2129844.70465829;-20.7609142974751;-10.007296107976
468;94076AZ0089_01_SEN_ind01.pdf;94076AZ0089;1;2;99;72;27;2;97;25;10m < D <= 20m;<30;1;2;1;0;12 X 9;9;NULL;2129755.64196082;2129763.05468363;-30.1808718150102;-17.892558209715
470;94076AZ0088_01_SEN_ind01.pdf;94076AZ0088;1;2;99;72;27;2;97;25;10m < D <= 20m;<30;1;3;0;0;12 X 10;12;NULL;2129762.10956921;2129771.66841608;-30.0896971984985;-15.2470387973316
471;94076AZ0072_02_SEN_ind01.pdf;94076AZ0072;2;2;99;75;24;3;96;21;30m < D <= 40m;entre 60 et 90;1;1;0;0;8 X 8;7;NULL;2129900.52030547;2129908.25163011;-33.401951448062;-26.906293374218
472;94076AZ0076_01_SEN_ind01.pdf;94076AZ0076;1;2;99;75;24;3;96;21;Au dessus de l'axe;<30;1;4;1;0;12 X 10;14;NULL;2129876.10063838;2129887.20467316;-10.7039784696359;0.209605896165505
473;94076AZ0079_01_SEN_ind01.pdf;94076AZ0079;1;2;99;74;25;3;96;22;Au dessus de l'axe;<30;1;1;0;0;12 X 9;6;NULL;2129846.1774689;2129855.50502162;-12.2588268589246;-1.39518743502876
474;94076AZ0078_01_SEN_ind01.pdf;94076AZ0078;1;2;99;74;25;3;96;22;Au dessus de l'axe;entre 60 et 90;1;0;1;0;9 X 8;5;NULL;2129854.71285502;2129865.78949676;-9.02426744719855;-0.652657116947057
476;94028BC0310_07_SEN_ind01.pdf;94028BC0310;7;2;43;24;19;0;43;19;20m < D <= 30m;entre 60 et 90;0;4;0;1;28 X 10;20;NULL;2122326.09445371;2122357.89675486;-79.5537046024823;-49.0028182178419
477;94028BC0310_05_SEN_ind01.pdf;94028BC0310;5;2;40;25;15;7;33;8;10m < D <= 20m;entre 60 et 90;2;3;0;3;74 X 20;15;NULL;2122395.53071046;2122453.16430615;-107.836905704464;-30.8454598528381
478;94028BC0310_04_SEN_ind01.pdf;94028BC0310;4;2;41;24;17;7;34;10;10m < D <= 20m;entre 60 et 90;2;3;0;3;74 X 20;15;NULL;2122343.17594479;2122410.38679656;-113.705864106371;-37.4913103390954
479;94028BC0310_06_SEN_ind01.pdf;94028BC0310;6;3;38;25;13;7;31;6;10m < D <= 20m;entre 60 et 90;2;3;0;3;85 X 20;12;NULL;2122302.32358077;2122706.5486874;-246.862140229288;-29.9625226089937
480;94002AF0058_01_SEN_ind01.pdf;94002AF0058;1;1;35;5;30;0;35;30;0m < D <= 10m;entre 60 et 90;0;0;0;0;23 X 6;3;NULL;2124577.38660453;2124581.02801931;-0.814504814369604;2.36892727697726
481;94028BF0234_01_SEN_ind01.pdf;94028BF0234;1;1;35;10;25;Non dtermin;NULL;non dtermin;Au dessus de l'axe;entre 60 et 90;Non dtermin;Non dtermin;Non dtermin;0;17 X 10;6;NULL;2123817.18964343;2123836.2470014;-19.4361897551692;16.383395664651
482;94081AQ0122_01_SEN_ind01.pdf;94081AQ0122;1;1;97;56;41;0;97;41;Au dessus de l'axe;<30;0;2;1;0;16 X 7;7;Nouvelle construction;2129360.83194671;2129378.57288569;-5.50859592348211;14.0016393237109
483;94081AQ0122_02_SEN_ind01.pdf;94081AQ0122;2;1;97;56;41;0;97;41;Au-dessus de l'axe;<30;0;0;0;0;0 X 0;0;lot arrire NON visible depuis le rue;2129370.42281323;2129379.76958671;-8.33646290493463;-1.926937613672
484;940760V0278_01_SEN_ind01.pdf;940760V0278;1;1;100;74;26;3;97;23;20m < D <= 30m;entre 60 et 90;1;2;0;0;17 X 12;9;NULL;2129864.03396293;2129879.30005098;23.0353269094292;33.6216545876096
485;94081CI0167_01_SEN_ind01.pdf;94081CI0167;1;1;35;22;13;NULL;35;13;Au dessus de l'axe;entre 60 et 90;0;NULL;NULL;NULL;91 X 13;5;Prsence de sablire;2126559.34312458;2126638.00655231;97.1999736282567;125.367120199353
486;94081CI0190_01_SEN_ind01.pdf;94081CI0190;1;1;35;22;13;NULL;35;13;Au dessus de l'axe;entre 60 et 90;0;NULL;NULL;NULL;43 X 12;5;Prsence de sablire;2126562.5853669;2126598.90497554;91.4953121322647;110.649225576766
487;94081DJ0092_01_SEN_ind01.pdf;94081DJ0092;1;1;35;17;18;0;35;18;0m < D <= 10m;<30;0;1;0;0;75 X 14;8;NULL;2126370.73351971;2126499.15867664;-5.41222392497089;9.08584170247629
488;94081CI0191_07_SEN_ind01.pdf;94081CI0191;7;1;35;17;18;0;35;18;Au dessus de l'axe;<30;0;1;0;0;60 X 30;8;/;2126793.5565903;2126866.18708448;-30.7238786999651;13.2972148756706
489;94081DJ0090_01_SEN_ind01.pdf;94081DJ0090;1;1;35;17;18;Non connus (btiment ferm);NULL;non dtermin;0m < D <= 10m;<30;Non identifi (btiment ferm);0;0;0;100 X 13;7;NULL;2126370.27681189;2126496.23828955;-19.3980737804017;-5.14522698571597
490;94081DJ0135_01_SEN_ind01.pdf;94081DJ0135;1;2;35;25;10;0;35;10;30m < D <= 40m;entre 60 et 90;0;0;0;0;35 X 15;8;NULL;2126371.60356514;2126488.05065653;-68.9426168285041;-54.4309068786821
491;94002AJ0059_02_SEN_ind01.pdf;94002AJ0059;2;1;35;5;30;4;31;26;20m < D <= 30m;entre 60 et 90;1;6;NULL;2;45 X 30;23;NULL;2125165.74844996;2125184.75825715;-31.4884098800978;-11.769707783888
492;94002AJ0059_01_SEN_ind01.pdf;94002AJ0059;1;1;35;5;30;4;31;26;30m < D <= 40m;entre 60 et 90;1;6;NULL;2;45 X 30;23;NULL;2125174.77583455;2125194.77267597;-41.2512149763288;-21.1955892008468
493;94002AJ0060_01_SEN_ind01.pdf;94002AJ0060;1;1;35;5;30;4;31;26;30m < D <= 40m;entre 60 et 90;1;5;NULL;2;45 X 30;20;NULL;2125168.83352592;2125184.77804826;-48.2571323313841;-32.4978730979658
494;94002AE0088_01_SEN_ind01.pdf;94002AE0088;1;1;35;5;30;Non dtermin;NULL;non dtermin;Au dessus de l'axe;entre 60 et 90;Non dtermin;1;1;NULL;13 X 8;5;NULL;2124824.81681813;2124830.89642099;9.66226550413512;26.7218286604116
495;94002AE0088_02_SEN_ind01.pdf;94002AE0088;2;1;35;5;30;0;35;30;Au-dessus de l'axe;entre 60 et 90;Non dtermin;1;1;0;13 X 8;5;NULL;2124823.35647811;2124826.72759247;9.32704613114157;17.4397911169028
496;94028BC0310_01_SEN_ind01.pdf;94028BC0310;1;2;35;26;9;3;32;6;0m < D <= 10m;<30;1;2;0;1;70 X 32;10;NULL;2122514.63291192;2122585.17928915;-46.6233144945458;-9.57367580275089
