ID;Descrizione;PK;x;y;z
Falda;Falda;2122088.00;1659996.62;8177877.58;30.82
Falda;Falda;2122098.00;1659987.31;8177874.06;30.82
Falda;Falda;2122108.00;1659977.95;8177870.52;30.82
Falda;Falda;2122118.00;1659968.60;8177866.99;30.83
Falda;Falda;2122128.00;1659959.24;8177863.46;30.83
Falda;Falda;2122138.00;1659949.89;8177859.92;30.83
Falda;Falda;2122148.00;1659940.53;8177856.39;30.84
Falda;Falda;2122158.00;1659931.18;8177852.86;30.84
Falda;Falda;2122168.00;1659921.82;8177849.32;30.84
Falda;Falda;2122178.00;1659912.47;8177845.79;30.85
Falda;Falda;2122188.00;1659903.11;8177842.25;30.85
Falda;Falda;2122198.00;1659893.76;8177838.72;30.85
Falda;Falda;2122208.00;1659884.40;8177835.19;30.86
Falda;Falda;2122218.00;1659875.05;8177831.65;30.86
Falda;Falda;2122228.00;1659865.71;8177828.08;30.85
Falda;Falda;2122238.00;1659856.40;8177824.43;30.84
Falda;Falda;2122248.00;1659847.14;8177820.65;30.82
Falda;Falda;2122258.00;1659837.96;8177816.68;30.81
Falda;Falda;2122268.00;1659828.89;8177812.48;30.79
Falda;Falda;2122278.00;1659819.94;8177808.01;30.78
Falda;Falda;2122288.00;1659811.16;8177803.24;30.76
Falda;Falda;2122298.00;1659802.53;8177798.18;30.75
Falda;Falda;2122308.00;1659794.08;8177792.84;30.73
Falda;Falda;2122318.00;1659785.80;8177787.23;30.72
Falda;Falda;2122328.00;1659777.72;8177781.34;30.70
Falda;Falda;2122338.00;1659769.84;8177775.18;30.69
Falda;Falda;2122348.00;1659762.16;8177768.77;30.67
Falda;Falda;2122358.00;1659754.71;8177762.11;30.66
Falda;Falda;2122368.00;1659747.47;8177755.21;30.64
Falda;Falda;2122378.00;1659740.47;8177748.06;30.63
Falda;Falda;2122388.00;1659733.72;8177740.70;30.61
Falda;Falda;2122398.00;1659727.20;8177733.11;30.60
Falda;Falda;2122408.00;1659720.95;8177725.31;30.58
Falda;Falda;2122418.00;1659714.95;8177717.30;30.57
Falda;Falda;2122428.00;1659709.23;8177709.11;30.55
Falda;Falda;2122438.00;1659703.78;8177700.72;30.54
Falda;Falda;2122448.00;1659698.60;8177692.16;30.52
Falda;Falda;2122458.00;1659693.70;8177683.45;30.51
Falda;Falda;2122468.00;1659689.01;8177674.62;30.49
Falda;Falda;2122478.00;1659684.49;8177665.70;30.48
Falda;Falda;2122488.00;1659680.11;8177656.71;30.46
Falda;Falda;2122498.00;1659675.79;8177647.69;30.45
Falda;Falda;2122508.00;1659671.51;8177638.65;30.43
Falda;Falda;2122518.00;1659667.23;8177629.61;30.42
Falda;Falda;2122528.00;1659662.95;8177620.58;30.40
Falda;Falda;2122538.00;1659658.67;8177611.54;30.39
Falda;Falda;2122548.00;1659654.39;8177602.50;30.37
Falda;Falda;2122558.00;1659650.11;8177593.46;30.36
Falda;Falda;2122568.00;1659645.83;8177584.43;30.37
Falda;Falda;2122578.00;1659641.55;8177575.39;30.39
Falda;Falda;2122588.00;1659637.27;8177566.35;30.40
Falda;Falda;2122598.00;1659633.03;8177557.29;30.41
Falda;Falda;2122608.00;1659628.91;8177548.18;30.42
Falda;Falda;2122618.00;1659624.99;8177538.98;30.43
Falda;Falda;2122628.00;1659621.29;8177529.69;30.44
Falda;Falda;2122638.00;1659617.82;8177520.31;30.45
Falda;Falda;2122648.00;1659614.59;8177510.85;30.46
Falda;Falda;2122658.00;1659611.59;8177501.31;30.47
Falda;Falda;2122668.00;1659608.84;8177491.70;30.48
Falda;Falda;2122678.00;1659606.28;8177482.03;30.50
Falda;Falda;2122688.00;1659603.85;8177472.33;30.51
Falda;Falda;2122698.00;1659601.46;8177462.62;30.52
Falda;Falda;2122708.00;1659599.07;8177452.91;30.53
Falda;Falda;2122718.00;1659596.69;8177443.20;30.54
Falda;Falda;2122728.00;1659594.30;8177433.49;30.55
Falda;Falda;2122738.00;1659591.91;8177423.77;30.56
Falda;Falda;2122748.00;1659589.53;8177414.06;30.54
Falda;Falda;2122758.00;1659587.14;8177404.35;30.52
Falda;Falda;2122768.00;1659584.76;8177394.64;30.50
Falda;Falda;2122778.00;1659582.37;8177384.93;30.49
Falda;Falda;2122788.00;1659579.99;8177375.22;30.47
Falda;Falda;2122798.00;1659577.60;8177365.51;30.45
Falda;Falda;2122808.00;1659575.21;8177355.80;30.43
Falda;Falda;2122818.00;1659572.83;8177346.09;30.41
Falda;Falda;2122828.00;1659570.44;8177336.37;30.40
Falda;Falda;2122838.00;1659568.06;8177326.66;30.38
Falda;Falda;2122848.00;1659565.67;8177316.95;30.36
Falda;Falda;2122858.00;1659563.29;8177307.24;30.35
Falda;Falda;2122868.00;1659560.90;8177297.53;30.36
Falda;Falda;2122878.00;1659558.51;8177287.82;30.37
Falda;Falda;2122888.00;1659556.13;8177278.11;30.37
Falda;Falda;2122898.00;1659553.74;8177268.40;30.38
Falda;Falda;2122908.00;1659551.36;8177258.68;30.39
Falda;Falda;2122918.00;1659548.97;8177248.97;30.40
Falda;Falda;2122928.00;1659546.59;8177239.26;30.40
Falda;Falda;2122938.00;1659544.20;8177229.55;30.41
Falda;Falda;2122948.00;1659541.81;8177219.84;30.42
Falda;Falda;2122958.00;1659539.43;8177210.13;30.43
Falda;Falda;2122968.00;1659537.04;8177200.42;30.43
Falda;Falda;2122978.00;1659534.66;8177190.71;30.44
Falda;Falda;2122988.00;1659532.27;8177180.99;30.45
Falda;Falda;2122998.00;1659529.88;8177171.28;30.45
Falda;Falda;2123008.00;1659527.50;8177161.57;30.46
Falda;Falda;2123018.00;1659525.08;8177151.87;30.47
Falda;Falda;2123028.00;1659522.62;8177142.18;30.48
Falda;Falda;2123038.00;1659520.08;8177132.50;30.48
Falda;Falda;2123048.00;1659517.43;8177122.86;30.49
Falda;Falda;2123058.00;1659514.66;8177113.25;30.50
Falda;Falda;2123068.00;1659511.73;8177103.69;30.51
Falda;Falda;2123078.00;1659508.62;8177094.19;30.51
Falda;Falda;2123088.00;1659505.30;8177084.75;30.52
Falda;Falda;2123098.00;1659501.76;8177075.40;30.53
Falda;Falda;2123108.00;1659497.98;8177066.15;30.53
Falda;Falda;2123118.00;1659493.97;8177056.98;30.54
Falda;Falda;2123128.00;1659489.74;8177047.92;30.55
Falda;Falda;2123138.00;1659485.29;8177038.97;30.56
Falda;Falda;2123148.00;1659480.61;8177030.13;30.56
Falda;Falda;2123158.00;1659475.71;8177021.41;30.57
Falda;Falda;2123168.00;1659470.60;8177012.82;30.58
Falda;Falda;2123178.00;1659465.27;8177004.36;30.59
Falda;Falda;2123188.00;1659459.74;8176996.03;30.59
Falda;Falda;2123198.00;1659454.00;8176987.84;30.60
Falda;Falda;2123208.00;1659448.06;8176979.79;30.61
Falda;Falda;2123218.00;1659441.92;8176971.90;30.61
Falda;Falda;2123228.00;1659435.59;8176964.16;30.62
Falda;Falda;2123238.00;1659429.09;8176956.56;30.63
Falda;Falda;2123248.00;1659422.44;8176949.09;30.64
Falda;Falda;2123258.00;1659415.67;8176941.74;30.64
Falda;Falda;2123268.00;1659408.79;8176934.47;30.65
Falda;Falda;2123278.00;1659401.84;8176927.29;30.66
Falda;Falda;2123288.00;1659394.82;8176920.16;30.67
Falda;Falda;2123298.00;1659387.77;8176913.07;30.67
Falda;Falda;2123308.00;1659380.69;8176906.01;30.68
Falda;Falda;2123318.00;1659373.61;8176898.94;30.69
Falda;Falda;2123328.00;1659366.53;8176891.88;30.69
Falda;Falda;2123338.00;1659359.45;8176884.82;30.70
Falda;Falda;2123348.00;1659352.38;8176877.76;30.71
Falda;Falda;2123358.00;1659345.30;8176870.69;30.72
Falda;Falda;2123368.00;1659338.22;8176863.63;30.72
Falda;Falda;2123378.00;1659331.14;8176856.57;30.72
Falda;Falda;2123388.00;1659324.06;8176849.51;30.66
Falda;Falda;2123398.00;1659316.98;8176842.45;30.59
Falda;Falda;2123408.00;1659309.90;8176835.38;30.52
Falda;Falda;2123418.00;1659302.82;8176828.32;30.45
Falda;Falda;2123428.00;1659295.74;8176821.26;30.39
Falda;Falda;2123438.00;1659288.64;8176814.21;30.32
Falda;Falda;2123448.00;1659281.50;8176807.21;30.25
Falda;Falda;2123458.00;1659274.28;8176800.29;30.18
Falda;Falda;2123468.00;1659266.97;8176793.47;30.12
Falda;Falda;2123478.00;1659259.52;8176786.79;30.05
Falda;Falda;2123488.00;1659251.93;8176780.29;29.99
Falda;Falda;2123498.00;1659244.16;8176773.99;29.97
Falda;Falda;2123508.00;1659236.20;8176767.94;29.95
Falda;Falda;2123518.00;1659228.05;8176762.15;29.93
Falda;Falda;2123528.00;1659219.71;8176756.64;29.91
Falda;Falda;2123538.00;1659211.19;8176751.40;29.89
Falda;Falda;2123548.00;1659202.50;8176746.45;29.87
Falda;Falda;2123558.00;1659193.65;8176741.80;29.85
Falda;Falda;2123568.00;1659184.65;8176737.43;29.83
Falda;Falda;2123578.00;1659175.51;8176733.37;29.81
Falda;Falda;2123588.00;1659166.25;8176729.61;29.79
Falda;Falda;2123598.00;1659156.86;8176726.17;29.77
Falda;Falda;2123608.00;1659147.37;8176723.03;29.75
Falda;Falda;2123618.00;1659137.77;8176720.21;29.73
Falda;Falda;2123628.00;1659128.09;8176717.71;29.71
Falda;Falda;2123638.00;1659118.33;8176715.53;29.69
Falda;Falda;2123648.00;1659108.50;8176713.68;29.68
Falda;Falda;2123658.00;1659098.62;8176712.16;29.70
Falda;Falda;2123668.00;1659088.69;8176710.96;29.71
Falda;Falda;2123678.00;1659078.73;8176710.09;29.73
Falda;Falda;2123688.00;1659068.75;8176709.55;29.74
Falda;Falda;2123698.00;1659058.75;8176709.35;29.76
Falda;Falda;2123708.00;1659048.75;8176709.47;29.77
Falda;Falda;2123718.00;1659038.76;8176709.93;29.79
Falda;Falda;2123728.00;1659028.79;8176710.71;29.80
Falda;Falda;2123738.00;1659018.86;8176711.83;29.82
Falda;Falda;2123748.00;1659008.96;8176713.28;29.83
Falda;Falda;2123758.00;1658999.12;8176715.04;29.85
Falda;Falda;2123768.00;1658989.33;8176717.07;29.86
Falda;Falda;2123778.00;1658979.59;8176719.34;29.87
Falda;Falda;2123788.00;1658969.89;8176721.80;29.86
Falda;Falda;2123798.00;1658960.24;8176724.41;29.85
Falda;Falda;2123808.00;1658950.62;8176727.13;29.85
Falda;Falda;2123818.00;1658941.02;8176729.92;29.84
Falda;Falda;2123828.00;1658931.42;8176732.74;29.83
Falda;Falda;2123838.00;1658921.83;8176735.56;29.83
Falda;Falda;2123848.00;1658912.24;8176738.39;29.82
Falda;Falda;2123858.00;1658902.64;8176741.21;29.81
Falda;Falda;2123868.00;1658893.05;8176744.04;29.81
Falda;Falda;2123878.00;1658883.46;8176746.86;29.80
Falda;Falda;2123888.00;1658873.87;8176749.69;29.79
Falda;Falda;2123898.00;1658864.27;8176752.51;29.79
Falda;Falda;2123908.00;1658854.68;8176755.34;29.78
Falda;Falda;2123918.00;1658845.09;8176758.16;29.77
Falda;Falda;2123928.00;1658835.49;8176760.99;29.77
Falda;Falda;2123938.00;1658825.90;8176763.81;29.76
Falda;Falda;2123948.00;1658816.31;8176766.63;29.75
Falda;Falda;2123958.00;1658806.70;8176769.41;29.74
Falda;Falda;2123968.00;1658797.08;8176772.13;29.74
Falda;Falda;2123978.00;1658787.43;8176774.77;29.73
Falda;Falda;2123988.00;1658777.76;8176777.29;29.72
Falda;Falda;2123998.00;1658768.04;8176779.67;29.72
Falda;Falda;2124008.00;1658758.29;8176781.89;29.71
Falda;Falda;2124018.00;1658748.50;8176783.91;29.70
Falda;Falda;2124028.00;1658738.66;8176785.71;29.70
Falda;Falda;2124038.00;1658728.78;8176787.26;29.69
Falda;Falda;2124048.00;1658718.87;8176788.57;29.68
Falda;Falda;2124058.00;1658708.93;8176789.63;29.68
Falda;Falda;2124068.00;1658698.96;8176790.45;29.67
Falda;Falda;2124078.00;1658688.98;8176791.01;29.66
Falda;Falda;2124088.00;1658678.98;8176791.33;29.66
Falda;Falda;2124098.00;1658668.98;8176791.40;29.65
Falda;Falda;2124108.00;1658658.99;8176791.22;29.64
Falda;Falda;2124118.00;1658648.99;8176790.79;29.64
Falda;Falda;2124128.00;1658639.02;8176790.11;29.63
Falda;Falda;2124138.00;1658629.06;8176789.18;29.62
Falda;Falda;2124148.00;1658619.13;8176788.01;29.62
Falda;Falda;2124158.00;1658609.23;8176786.59;29.61
Falda;Falda;2124168.00;1658599.37;8176784.96;29.60
Falda;Falda;2124178.00;1658589.53;8176783.13;29.59
Falda;Falda;2124188.00;1658579.73;8176781.15;29.59
Falda;Falda;2124198.00;1658569.96;8176779.02;29.58
Falda;Falda;2124208.00;1658560.21;8176776.79;29.57
Falda;Falda;2124218.00;1658550.49;8176774.47;29.57
Falda;Falda;2124228.00;1658540.77;8176772.10;29.56
Falda;Falda;2124238.00;1658531.06;8176769.70;29.55
Falda;Falda;2124248.00;1658521.36;8176767.30;29.55
Falda;Falda;2124258.00;1658511.65;8176764.89;29.55
Falda;Falda;2124268.00;1658501.94;8176762.49;29.55
Falda;Falda;2124278.00;1658492.24;8176760.08;29.55
Falda;Falda;2124288.00;1658482.53;8176757.68;29.55
Falda;Falda;2124298.00;1658472.82;8176755.27;29.55
Falda;Falda;2124308.00;1658463.12;8176752.87;29.55
Falda;Falda;2124318.00;1658453.41;8176750.46;29.55
Falda;Falda;2124328.00;1658443.70;8176748.06;29.56
Falda;Falda;2124338.00;1658434.00;8176745.65;29.56
Falda;Falda;2124348.00;1658424.29;8176743.25;29.56
Falda;Falda;2124358.00;1658414.59;8176740.84;29.56
Falda;Falda;2124368.00;1658404.88;8176738.44;29.56
Falda;Falda;2124378.00;1658395.17;8176736.03;29.56
Falda;Falda;2124388.00;1658385.47;8176733.63;29.56
Falda;Falda;2124398.00;1658375.76;8176731.22;29.56
Falda;Falda;2124408.00;1658366.05;8176728.82;29.56
Falda;Falda;2124418.00;1658356.35;8176726.42;29.48
Falda;Falda;2124428.00;1658346.64;8176724.01;29.33
Falda;Falda;2124438.00;1658336.93;8176721.61;29.30
Falda;Falda;2124448.00;1658327.23;8176719.20;29.32
Falda;Falda;2124458.00;1658317.52;8176716.80;29.34
Falda;Falda;2124468.00;1658307.81;8176714.39;29.35
Falda;Falda;2124478.00;1658298.11;8176711.99;29.37
Falda;Falda;2124488.00;1658288.40;8176709.58;29.39
Falda;Falda;2124498.00;1658278.69;8176707.18;29.68
Falda;Falda;2124508.00;1658268.99;8176704.77;30.04
Falda;Falda;2124518.00;1658259.28;8176702.37;30.40
Falda;Falda;2124528.00;1658249.56;8176700.00;30.76
Falda;Falda;2124538.00;1658239.84;8176697.67;31.13
Falda;Falda;2124548.00;1658230.10;8176695.40;31.49
Falda;Falda;2124558.00;1658220.34;8176693.22;31.85
Falda;Falda;2124568.00;1658210.56;8176691.12;31.97
Falda;Falda;2124578.00;1658200.76;8176689.14;31.87
Falda;Falda;2124588.00;1658190.94;8176687.26;31.77
Falda;Falda;2124598.00;1658181.10;8176685.50;31.67
Falda;Falda;2124608.00;1658171.24;8176683.84;31.57
Falda;Falda;2124618.00;1658161.36;8176682.29;31.47
Falda;Falda;2124628.00;1658151.46;8176680.85;31.37
Falda;Falda;2124638.00;1658141.55;8176679.52;31.27
Falda;Falda;2124648.00;1658131.62;8176678.30;31.17
Falda;Falda;2124658.00;1658121.69;8176677.17;31.07
Falda;Falda;2124668.00;1658111.74;8176676.12;30.97
Falda;Falda;2124678.00;1658101.79;8176675.12;30.87
Falda;Falda;2124688.00;1658091.84;8176674.15;30.77
Falda;Falda;2124698.00;1658081.89;8176673.21;30.67
Falda;Falda;2124708.00;1658071.93;8176672.27;30.57
Falda;Falda;2124718.00;1658061.97;8176671.32;30.47
Falda;Falda;2124728.00;1658052.02;8176670.38;30.37
Falda;Falda;2124738.00;1658042.06;8176669.44;30.27
Falda;Falda;2124748.00;1658032.11;8176668.50;30.17
Falda;Falda;2124758.00;1658022.15;8176667.56;30.07
Falda;Falda;2124768.00;1658012.20;8176666.60;29.97
Falda;Falda;2124778.00;1658002.25;8176665.61;29.87
Falda;Falda;2124788.00;1657992.30;8176664.59;29.88
Falda;Falda;2124798.00;1657982.36;8176663.51;29.88
Falda;Falda;2124808.00;1657972.43;8176662.36;29.89
Falda;Falda;2124818.00;1657962.50;8176661.12;29.90
Falda;Falda;2124828.00;1657952.59;8176659.79;29.91
Falda;Falda;2124838.00;1657942.69;8176658.35;29.91
Falda;Falda;2124848.00;1657932.82;8176656.79;29.92
Falda;Falda;2124858.00;1657922.96;8176655.09;29.93
Falda;Falda;2124868.00;1657913.14;8176653.24;29.94
Falda;Falda;2124878.00;1657903.34;8176651.24;29.94
Falda;Falda;2124888.00;1657893.57;8176649.09;29.95
Falda;Falda;2124898.00;1657883.84;8176646.79;29.96
Falda;Falda;2124908.00;1657874.15;8176644.34;29.97
Falda;Falda;2124918.00;1657864.49;8176641.74;29.97
Falda;Falda;2124928.00;1657854.87;8176639.00;29.98
Falda;Falda;2124938.00;1657845.30;8176636.11;29.99
Falda;Falda;2124948.00;1657835.77;8176633.07;30.00
Falda;Falda;2124958.00;1657826.29;8176629.88;30.00
Falda;Falda;2124968.00;1657816.86;8176626.55;30.01
Falda;Falda;2124978.00;1657807.49;8176623.08;30.02
Falda;Falda;2124988.00;1657798.16;8176619.46;30.03
Falda;Falda;2124998.00;1657788.90;8176615.70;30.03
Falda;Falda;2125008.00;1657779.69;8176611.80;30.04
Falda;Falda;2125018.00;1657770.54;8176607.76;30.05
Falda;Falda;2125028.00;1657761.46;8176603.57;30.05
Falda;Falda;2125038.00;1657752.44;8176599.25;30.06
Falda;Falda;2125048.00;1657743.49;8176594.79;30.07
Falda;Falda;2125058.00;1657734.61;8176590.20;30.08
Falda;Falda;2125068.00;1657725.80;8176585.47;30.08
Falda;Falda;2125078.00;1657717.06;8176580.60;30.09
Falda;Falda;2125088.00;1657708.40;8176575.62;30.10
Falda;Falda;2125098.00;1657699.79;8176570.52;30.11
Falda;Falda;2125108.00;1657691.24;8176565.33;30.11
Falda;Falda;2125118.00;1657682.75;8176560.06;30.12
Falda;Falda;2125128.00;1657674.29;8176554.72;30.13
Falda;Falda;2125138.00;1657665.88;8176549.31;30.14
Falda;Falda;2125148.00;1657657.50;8176543.86;30.14
Falda;Falda;2125158.00;1657649.13;8176538.38;30.15
Falda;Falda;2125168.00;1657640.79;8176532.87;30.16
Falda;Falda;2125178.00;1657632.45;8176527.35;30.17
Falda;Falda;2125188.00;1657624.11;8176521.83;30.17
Falda;Falda;2125198.00;1657615.78;8176516.30;30.18
Falda;Falda;2125208.00;1657607.44;8176510.78;30.19
Falda;Falda;2125218.00;1657599.10;8176505.26;30.20
Falda;Falda;2125228.00;1657590.77;8176499.74;30.20
Falda;Falda;2125238.00;1657582.43;8176494.22;30.21
Falda;Falda;2125248.00;1657574.09;8176488.69;30.24
Falda;Falda;2125258.00;1657565.75;8176483.17;30.27
Falda;Falda;2125268.00;1657557.42;8176477.65;30.30
Falda;Falda;2125278.00;1657549.08;8176472.13;30.33
Falda;Falda;2125288.00;1657540.74;8176466.60;32.09
Falda;Falda;2125298.00;1657532.41;8176461.08;32.09
Falda;Falda;2125308.00;1657524.07;8176455.56;32.09
Falda;Falda;2125318.00;1657515.73;8176450.04;32.09
Falda;Falda;2125328.00;1657507.40;8176444.51;32.09
Falda;Falda;2125338.00;1657499.06;8176438.99;32.09
Falda;Falda;2125348.00;1657490.72;8176433.47;32.09
Falda;Falda;2125358.00;1657482.39;8176427.95;32.09
Falda;Falda;2125368.00;1657474.05;8176422.43;32.09
Falda;Falda;2125378.00;1657465.70;8176416.92;32.09
Falda;Falda;2125388.00;1657457.35;8176411.42;32.09
Falda;Falda;2125398.00;1657448.98;8176405.94;32.09
Falda;Falda;2125408.00;1657440.60;8176400.50;32.09
Falda;Falda;2125418.00;1657432.19;8176395.08;32.09
Falda;Falda;2125428.00;1657423.76;8176389.71;32.09
Falda;Falda;2125438.00;1657415.30;8176384.37;32.09
Falda;Falda;2125448.00;1657406.82;8176379.07;32.09
Falda;Falda;2125458.00;1657398.31;8176373.81;32.09
Falda;Falda;2125468.00;1657389.78;8176368.59;32.09
Falda;Falda;2125478.00;1657381.23;8176363.41;32.09
Falda;Falda;2125488.00;1657372.66;8176358.26;32.09
Falda;Falda;2125498.00;1657364.07;8176353.14;30.40
Falda;Falda;2125508.00;1657355.47;8176348.04;30.40
Falda;Falda;2125518.00;1657346.85;8176342.96;30.40
Falda;Falda;2125528.00;1657338.24;8176337.89;30.40
Falda;Falda;2125538.00;1657329.62;8176332.82;30.40
Falda;Falda;2125548.00;1657321.00;8176327.75;30.40
Falda;Falda;2125558.00;1657312.38;8176322.68;30.40
Falda;Falda;2125568.00;1657303.76;8176317.61;30.40
Falda;Falda;2125578.00;1657295.14;8176312.54;30.40
Falda;Falda;2125588.00;1657286.52;8176307.47;30.40
Falda;Falda;2125598.00;1657277.90;8176302.40;30.40
Falda;Falda;2125608.00;1657269.28;8176297.33;30.40
Falda;Falda;2125618.00;1657260.66;8176292.26;30.41
Falda;Falda;2125628.00;1657252.04;8176287.19;30.41
Falda;Falda;2125638.00;1657243.42;8176282.12;30.41
Falda;Falda;2125648.00;1657234.80;8176277.05;30.41
Falda;Falda;2125658.00;1657226.18;8176271.98;30.41
Falda;Falda;2125668.00;1657217.56;8176266.91;30.41
Falda;Falda;2125678.00;1657208.94;8176261.84;30.40
Falda;Falda;2125688.00;1657200.32;8176256.77;30.36
Falda;Falda;2125698.00;1657191.70;8176251.70;30.32
Falda;Falda;2125708.00;1657183.09;8176246.63;30.28
Falda;Falda;2125718.00;1657174.47;8176241.56;30.26
Falda;Falda;2125728.00;1657165.85;8176236.49;30.26
Falda;Falda;2125738.00;1657157.23;8176231.42;30.27
Falda;Falda;2125748.00;1657148.61;8176226.35;30.27
Falda;Falda;2125758.00;1657139.99;8176221.28;30.27
Falda;Falda;2125768.00;1657131.38;8176216.19;30.27
Falda;Falda;2125778.00;1657122.79;8176211.07;30.28
Falda;Falda;2125788.00;1657114.22;8176205.91;30.28
Falda;Falda;2125798.00;1657105.69;8176200.69;30.28
Falda;Falda;2125808.00;1657097.21;8176195.40;30.28
Falda;Falda;2125818.00;1657088.78;8176190.02;30.29
Falda;Falda;2125828.00;1657080.40;8176184.56;30.29
Falda;Falda;2125838.00;1657072.09;8176179.00;30.29
Falda;Falda;2125848.00;1657063.83;8176173.36;30.29
Falda;Falda;2125858.00;1657055.63;8176167.63;30.30
Falda;Falda;2125868.00;1657047.50;8176161.82;30.30
Falda;Falda;2125878.00;1657039.42;8176155.92;30.30
Falda;Falda;2125888.00;1657031.41;8176149.94;30.31
Falda;Falda;2125898.00;1657023.45;8176143.88;30.31
Falda;Falda;2125908.00;1657015.54;8176137.76;30.32
Falda;Falda;2125918.00;1657007.67;8176131.60;30.36
Falda;Falda;2125928.00;1656999.82;8176125.40;30.39
Falda;Falda;2125938.00;1656991.98;8176119.19;30.42
Falda;Falda;2125948.00;1656984.15;8176112.97;30.45
Falda;Falda;2125958.00;1656976.32;8176106.75;30.49
Falda;Falda;2125968.00;1656968.49;8176100.53;30.52
Falda;Falda;2125978.00;1656960.66;8176094.31;30.55
Falda;Falda;2125988.00;1656952.83;8176088.09;30.58
Falda;Falda;2125998.00;1656945.00;8176081.87;30.62
Falda;Falda;2126008.00;1656937.17;8176075.66;30.65
Falda;Falda;2126018.00;1656929.31;8176069.47;30.68
Falda;Falda;2126028.00;1656921.41;8176063.34;30.69
Falda;Falda;2126038.00;1656913.45;8176057.28;30.69
Falda;Falda;2126048.00;1656905.42;8176051.33;30.69
Falda;Falda;2126058.00;1656897.29;8176045.51;30.69
Falda;Falda;2126068.00;1656889.05;8176039.84;30.69
Falda;Falda;2126078.00;1656880.68;8176034.36;30.68
Falda;Falda;2126088.00;1656872.19;8176029.09;30.68
Falda;Falda;2126098.00;1656863.56;8176024.03;30.68
Falda;Falda;2126108.00;1656854.82;8176019.18;30.68
Falda;Falda;2126118.00;1656845.95;8176014.55;30.68
Falda;Falda;2126128.00;1656836.97;8176010.15;30.68
Falda;Falda;2126138.00;1656827.89;8176005.97;30.68
Falda;Falda;2126148.00;1656818.70;8176002.02;30.68
Falda;Falda;2126158.00;1656809.42;8175998.30;30.68
Falda;Falda;2126168.00;1656800.05;8175994.81;30.68
Falda;Falda;2126178.00;1656790.60;8175991.55;30.67
Falda;Falda;2126188.00;1656781.06;8175988.53;30.67
Falda;Falda;2126198.00;1656771.46;8175985.75;30.67
Falda;Falda;2126208.00;1656761.79;8175983.21;30.67
Falda;Falda;2126218.00;1656752.05;8175980.91;30.67
Falda;Falda;2126228.00;1656742.27;8175978.85;30.68
Falda;Falda;2126238.00;1656732.43;8175977.04;30.69
Falda;Falda;2126248.00;1656722.56;8175975.47;30.70
Falda;Falda;2126258.00;1656712.65;8175974.10;30.71
Falda;Falda;2126268.00;1656702.72;8175972.91;30.73
Falda;Falda;2126278.00;1656692.78;8175971.87;30.74
Falda;Falda;2126288.00;1656682.82;8175970.95;30.75
Falda;Falda;2126298.00;1656672.86;8175970.11;30.76
Falda;Falda;2126308.00;1656662.89;8175969.33;30.78
Falda;Falda;2126318.00;1656652.92;8175968.57;30.79
Falda;Falda;2126328.00;1656642.94;8175967.82;30.80
Falda;Falda;2126338.00;1656632.97;8175967.07;30.81
Falda;Falda;2126348.00;1656623.00;8175966.31;30.83
Falda;Falda;2126358.00;1656613.03;8175965.56;30.84
Falda;Falda;2126368.00;1656603.06;8175964.81;30.85
Falda;Falda;2126378.00;1656593.09;8175964.06;30.86
Falda;Falda;2126388.00;1656583.11;8175963.30;30.88
Falda;Falda;2126398.00;1656573.14;8175962.55;30.89
Falda;Falda;2126408.00;1656563.17;8175961.80;30.90
Falda;Falda;2126418.00;1656553.20;8175961.04;30.91
Falda;Falda;2126428.00;1656543.23;8175960.29;30.93
Falda;Falda;2126438.00;1656533.26;8175959.54;30.94
Falda;Falda;2126448.00;1656523.28;8175958.79;30.95
Falda;Falda;2126458.00;1656513.31;8175958.03;30.97
Falda;Falda;2126468.00;1656503.34;8175957.28;30.98
Falda;Falda;2126478.00;1656493.37;8175956.53;30.94
Falda;Falda;2126488.00;1656483.40;8175955.77;30.89
Falda;Falda;2126498.00;1656473.43;8175955.02;30.83
Falda;Falda;2126508.00;1656463.45;8175954.27;30.78
Falda;Falda;2126518.00;1656453.48;8175953.51;30.73
Falda;Falda;2126528.00;1656443.51;8175952.76;30.63
Falda;Falda;2126538.00;1656433.54;8175952.01;30.52
Falda;Falda;2126548.00;1656423.57;8175951.26;30.41
Falda;Falda;2126558.00;1656413.60;8175950.50;30.30
Falda;Falda;2126568.00;1656403.62;8175949.75;30.19
Falda;Falda;2126578.00;1656393.65;8175949.00;30.08
Falda;Falda;2126588.00;1656383.68;8175948.24;29.98
Falda;Falda;2126598.00;1656373.71;8175947.49;29.94
Falda;Falda;2126608.00;1656363.74;8175946.74;30.20
Falda;Falda;2126618.00;1656353.77;8175945.99;30.45
Falda;Falda;2126628.00;1656343.80;8175945.23;30.70
Falda;Falda;2126638.00;1656333.82;8175944.48;30.95
Falda;Falda;2126648.00;1656323.85;8175943.73;31.06
Falda;Falda;2126658.00;1656313.88;8175942.97;31.01
Falda;Falda;2126668.00;1656303.91;8175942.22;30.96
Falda;Falda;2126678.00;1656293.94;8175941.47;30.91
Falda;Falda;2126688.00;1656283.97;8175940.71;30.86
Falda;Falda;2126698.00;1656273.99;8175939.96;30.81
Falda;Falda;2126708.00;1656264.02;8175939.21;30.76
Falda;Falda;2126718.00;1656254.05;8175938.46;30.85
Falda;Falda;2126728.00;1656244.08;8175937.70;30.93
Falda;Falda;2126738.00;1656234.11;8175936.95;30.91
Falda;Falda;2126748.00;1656224.14;8175936.20;30.88
Falda;Falda;2126758.00;1656214.16;8175935.44;30.85
Falda;Falda;2126768.00;1656204.19;8175934.69;30.82
Falda;Falda;2126778.00;1656194.22;8175933.94;30.80
Falda;Falda;2126788.00;1656184.25;8175933.18;30.77
Falda;Falda;2126798.00;1656174.28;8175932.43;30.74
Falda;Falda;2126808.00;1656164.31;8175931.68;30.72
Falda;Falda;2126818.00;1656154.33;8175930.93;30.69
Falda;Falda;2126828.00;1656144.36;8175930.17;30.67
Falda;Falda;2126838.00;1656134.39;8175929.42;30.64
Falda;Falda;2126848.00;1656124.42;8175928.67;30.62
Falda;Falda;2126858.00;1656114.45;8175927.91;30.59
Falda;Falda;2126868.00;1656104.48;8175927.16;30.57
Falda;Falda;2126878.00;1656094.50;8175926.41;30.55
Falda;Falda;2126888.00;1656084.53;8175925.66;30.52
Falda;Falda;2126898.00;1656074.56;8175924.90;30.50
Falda;Falda;2126908.00;1656064.59;8175924.15;30.47
Falda;Falda;2126918.00;1656054.62;8175923.40;30.45
Falda;Falda;2126928.00;1656044.65;8175922.64;30.42
Falda;Falda;2126938.00;1656034.68;8175921.89;30.40
Falda;Falda;2126948.00;1656024.70;8175921.14;30.37
Falda;Falda;2126958.00;1656014.73;8175920.38;30.36
Falda;Falda;2126968.00;1656004.76;8175919.63;30.44
Falda;Falda;2126978.00;1655994.79;8175918.88;30.53
Falda;Falda;2126988.00;1655984.82;8175918.13;30.61
Falda;Falda;2126998.00;1655974.84;8175917.41;30.69
Falda;Falda;2127008.00;1655964.87;8175916.72;30.77
Falda;Falda;2127018.00;1655954.89;8175916.09;30.86
Falda;Falda;2127028.00;1655944.90;8175915.52;30.94
Falda;Falda;2127038.00;1655934.91;8175915.03;31.02
Falda;Falda;2127048.00;1655924.92;8175914.64;31.10
Falda;Falda;2127058.00;1655914.93;8175914.36;31.18
Falda;Falda;2127068.00;1655904.93;8175914.21;31.27
Falda;Falda;2127078.00;1655894.93;8175914.21;31.35
Falda;Falda;2127088.00;1655884.93;8175914.35;31.43
Falda;Falda;2127098.00;1655874.93;8175914.67;31.51
Falda;Falda;2127108.00;1655864.95;8175915.15;31.60
Falda;Falda;2127118.00;1655854.97;8175915.80;31.68
Falda;Falda;2127128.00;1655845.00;8175916.61;31.76
Falda;Falda;2127138.00;1655835.05;8175917.59;31.84
Falda;Falda;2127148.00;1655825.11;8175918.73;31.93
Falda;Falda;2127158.00;1655815.20;8175920.04;31.97
Falda;Falda;2127168.00;1655805.31;8175921.51;31.86
Falda;Falda;2127178.00;1655795.44;8175923.15;31.75
Falda;Falda;2127188.00;1655785.61;8175924.95;31.65
Falda;Falda;2127198.00;1655775.80;8175926.91;31.54
Falda;Falda;2127208.00;1655766.03;8175929.04;31.43
Falda;Falda;2127218.00;1655756.30;8175931.33;31.33
Falda;Falda;2127228.00;1655746.60;8175933.78;31.22
Falda;Falda;2127238.00;1655736.95;8175936.39;31.11
Falda;Falda;2127248.00;1655727.34;8175939.16;31.01
Falda;Falda;2127258.00;1655717.78;8175942.09;30.90
Falda;Falda;2127268.00;1655708.27;8175945.18;30.80
Falda;Falda;2127278.00;1655698.81;8175948.43;30.69
Falda;Falda;2127288.00;1655689.41;8175951.83;30.58
Falda;Falda;2127298.00;1655680.06;8175955.39;30.48
Falda;Falda;2127308.00;1655670.78;8175959.10;30.37
Falda;Falda;2127318.00;1655661.56;8175962.97;30.37
Falda;Falda;2127328.00;1655652.40;8175966.99;30.42
Falda;Falda;2127338.00;1655643.31;8175971.16;30.46
Falda;Falda;2127348.00;1655634.29;8175975.48;30.51
Falda;Falda;2127358.00;1655625.35;8175979.96;30.55
Falda;Falda;2127368.00;1655616.48;8175984.58;30.60
Falda;Falda;2127378.00;1655607.69;8175989.34;30.64
Falda;Falda;2127388.00;1655598.98;8175994.25;30.69
Falda;Falda;2127398.00;1655590.35;8175999.31;30.73
Falda;Falda;2127408.00;1655581.81;8176004.51;30.77
Falda;Falda;2127418.00;1655573.35;8176009.85;30.82
Falda;Falda;2127428.00;1655564.99;8176015.33;30.86
Falda;Falda;2127438.00;1655556.72;8176020.94;30.91
Falda;Falda;2127448.00;1655548.54;8176026.70;30.95
Falda;Falda;2127458.00;1655540.46;8176032.59;31.00
Falda;Falda;2127468.00;1655532.47;8176038.61;31.04
Falda;Falda;2127478.00;1655524.59;8176044.76;31.09
Falda;Falda;2127488.00;1655516.81;8176051.05;31.13
Falda;Falda;2127498.00;1655509.14;8176057.46;31.18
Falda;Falda;2127508.00;1655501.58;8176064.00;31.22
Falda;Falda;2127518.00;1655494.12;8176070.67;31.27
Falda;Falda;2127528.00;1655486.78;8176077.45;31.31
Falda;Falda;2127538.00;1655479.55;8176084.36;31.36
Falda;Falda;2127548.00;1655472.43;8176091.39;31.40
Falda;Falda;2127558.00;1655465.44;8176098.54;31.45
Falda;Falda;2127568.00;1655458.56;8176105.80;31.50
Falda;Falda;2127578.00;1655451.81;8176113.17;31.59
Falda;Falda;2127588.00;1655445.18;8176120.66;31.67
Falda;Falda;2127598.00;1655438.67;8176128.25;31.76
Falda;Falda;2127608.00;1655432.29;8176135.95;31.85
Falda;Falda;2127618.00;1655426.04;8176143.76;31.93
Falda;Falda;2127628.00;1655419.92;8176151.67;32.02
Falda;Falda;2127638.00;1655413.93;8176159.67;32.11
Falda;Falda;2127648.00;1655408.08;8176167.78;32.19
Falda;Falda;2127658.00;1655402.36;8176175.99;32.28
Falda;Falda;2127668.00;1655396.78;8176184.28;32.37
Falda;Falda;2127678.00;1655391.34;8176192.67;32.45
Falda;Falda;2127688.00;1655386.04;8176201.15;32.54
Falda;Falda;2127698.00;1655380.88;8176209.72;32.63
Falda;Falda;2127708.00;1655375.86;8176218.37;32.71
Falda;Falda;2127718.00;1655370.99;8176227.10;32.68
Falda;Falda;2127728.00;1655366.25;8176235.91;32.61
Falda;Falda;2127738.00;1655361.65;8176244.79;32.54
Falda;Falda;2127748.00;1655357.16;8176253.72;32.48
Falda;Falda;2127758.00;1655352.77;8176262.71;32.41
Falda;Falda;2127768.00;1655348.48;8176271.74;32.34
Falda;Falda;2127778.00;1655344.26;8176280.80;32.28
Falda;Falda;2127788.00;1655340.10;8176289.90;32.21
Falda;Falda;2127798.00;1655335.99;8176299.02;32.15
Falda;Falda;2127808.00;1655331.92;8176308.15;32.08
Falda;Falda;2127818.00;1655327.87;8176317.29;32.01
Falda;Falda;2127828.00;1655323.83;8176326.44;31.95
Falda;Falda;2127838.00;1655319.79;8176335.59;31.88
Falda;Falda;2127848.00;1655315.75;8176344.74;31.81
Falda;Falda;2127858.00;1655311.71;8176353.88;31.75
Falda;Falda;2127868.00;1655307.67;8176363.03;31.68
Falda;Falda;2127878.00;1655303.63;8176372.18;31.61
Falda;Falda;2127888.00;1655299.58;8176381.32;31.55
Falda;Falda;2127898.00;1655295.50;8176390.45;31.48
Falda;Falda;2127908.00;1655291.40;8176399.57;31.41
Falda;Falda;2127918.00;1655287.26;8176408.67;31.35
Falda;Falda;2127928.00;1655283.06;8176417.75;31.28
Falda;Falda;2127938.00;1655278.80;8176426.80;31.21
Falda;Falda;2127948.00;1655274.48;8176435.82;31.15
Falda;Falda;2127958.00;1655270.10;8176444.81;31.08
Falda;Falda;2127968.00;1655265.66;8176453.77;31.01
Falda;Falda;2127978.00;1655261.17;8176462.70;30.95
Falda;Falda;2127988.00;1655256.61;8176471.60;30.88
Falda;Falda;2127998.00;1655251.99;8176480.47;30.82
Falda;Falda;2128008.00;1655247.32;8176489.31;30.75
Falda;Falda;2128018.00;1655242.60;8176498.13;30.75
Falda;Falda;2128028.00;1655237.85;8176506.93;30.76
Falda;Falda;2128038.00;1655233.08;8176515.72;30.77
Falda;Falda;2128048.00;1655228.29;8176524.49;30.78
Falda;Falda;2128058.00;1655223.50;8176533.27;30.79
Falda;Falda;2128068.00;1655218.70;8176542.05;30.81
Falda;Falda;2128078.00;1655213.91;8176550.83;30.82
Falda;Falda;2128088.00;1655209.12;8176559.60;30.83
Falda;Falda;2128098.00;1655204.33;8176568.38;30.84
Falda;Falda;2128108.00;1655199.53;8176577.16;30.85
Falda;Falda;2128118.00;1655194.74;8176585.93;30.86
Falda;Falda;2128128.00;1655189.93;8176594.70;30.87
Falda;Falda;2128138.00;1655185.08;8176603.44;30.88
Falda;Falda;2128148.00;1655180.16;8176612.15;30.89
Falda;Falda;2128158.00;1655175.14;8176620.80;30.91
Falda;Falda;2128168.00;1655169.99;8176629.37;30.92
Falda;Falda;2128178.00;1655164.69;8176637.85;30.93
Falda;Falda;2128188.00;1655159.22;8176646.22;30.94
Falda;Falda;2128198.00;1655153.56;8176654.46;30.94
Falda;Falda;2128208.00;1655147.67;8176662.55;30.95
Falda;Falda;2128218.00;1655141.57;8176670.47;30.95
Falda;Falda;2128228.00;1655135.26;8176678.23;30.95
Falda;Falda;2128238.00;1655128.74;8176685.81;30.96
Falda;Falda;2128248.00;1655122.03;8176693.22;30.96
Falda;Falda;2128258.00;1655115.11;8176700.44;30.96
Falda;Falda;2128268.00;1655108.01;8176707.49;30.97
Falda;Falda;2128278.00;1655100.76;8176714.38;30.97
Falda;Falda;2128288.00;1655093.39;8176721.12;30.97
Falda;Falda;2128298.00;1655085.90;8176727.75;30.98
Falda;Falda;2128308.00;1655078.33;8176734.29;30.98
Falda;Falda;2128318.00;1655070.70;8176740.75;30.98
Falda;Falda;2128328.00;1655063.03;8176747.16;30.99
Falda;Falda;2128338.00;1655055.33;8176753.55;30.99
Falda;Falda;2128348.00;1655047.64;8176759.94;31.83
Falda;Falda;2128358.00;1655039.94;8176766.32;33.15
Falda;Falda;2128368.00;1655032.24;8176772.70;34.46
Falda;Falda;2128378.00;1655024.54;8176779.09;35.77
Falda;Falda;2128388.00;1655016.85;8176785.47;37.08
Falda;Falda;2128398.00;1655009.15;8176791.86;37.81
Falda;Falda;2128408.00;1655001.45;8176798.24;38.32
Falda;Falda;2128418.00;1654993.76;8176804.62;38.83
Falda;Falda;2128428.00;1654986.06;8176811.01;39.34
Falda;Falda;2128438.00;1654978.36;8176817.39;39.85
Falda;Falda;2128448.00;1654970.66;8176823.78;40.36
Falda;Falda;2128458.00;1654962.97;8176830.16;40.87
Falda;Falda;2128468.00;1654955.27;8176836.54;41.23
Falda;Falda;2128478.00;1654947.57;8176842.93;41.26
Falda;Falda;2128488.00;1654939.88;8176849.31;41.30
Falda;Falda;2128498.00;1654932.18;8176855.69;41.33
Falda;Falda;2128508.00;1654924.48;8176862.08;41.37
Falda;Falda;2128518.00;1654916.78;8176868.46;41.40
Falda;Falda;2128528.00;1654909.09;8176874.85;41.43
Falda;Falda;2128538.00;1654901.39;8176881.23;41.47
Falda;Falda;2128548.00;1654893.69;8176887.61;41.50
Falda;Falda;2128558.00;1654885.98;8176893.97;41.54
Falda;Falda;2128568.00;1654878.22;8176900.28;41.57
Falda;Falda;2128578.00;1654870.39;8176906.50;41.60
Falda;Falda;2128588.00;1654862.46;8176912.60;41.64
Falda;Falda;2128598.00;1654854.42;8176918.55;41.67
Falda;Falda;2128608.00;1654846.25;8176924.31;41.71
Falda;Falda;2128618.00;1654837.92;8176929.84;41.74
Falda;Falda;2128628.00;1654829.42;8176935.10;41.77
Falda;Falda;2128638.00;1654820.74;8176940.08;41.81
Falda;Falda;2128648.00;1654811.91;8176944.77;41.84
Falda;Falda;2128658.00;1654802.93;8176949.17;41.88
Falda;Falda;2128668.00;1654793.81;8176953.26;41.91
Falda;Falda;2128678.00;1654784.56;8176957.05;41.94
Falda;Falda;2128688.00;1654775.18;8176960.54;41.98
Falda;Falda;2128698.00;1654765.70;8176963.71;42.01
Falda;Falda;2128708.00;1654756.11;8176966.56;42.04
Falda;Falda;2128718.00;1654746.44;8176969.09;42.08
Falda;Falda;2128728.00;1654736.69;8176971.31;42.11
Falda;Falda;2128738.00;1654726.87;8176973.19;42.15
Falda;Falda;2128748.00;1654716.99;8176974.76;42.18
Falda;Falda;2128758.00;1654707.07;8176975.99;42.21
Falda;Falda;2128768.00;1654697.11;8176976.89;42.25
Falda;Falda;2128778.00;1654687.13;8176977.47;42.28
Falda;Falda;2128788.00;1654677.13;8176977.71;42.32
Falda;Falda;2128798.00;1654667.13;8176977.62;42.35
Falda;Falda;2128808.00;1654657.14;8176977.20;42.38
Falda;Falda;2128818.00;1654647.17;8176976.45;42.42
Falda;Falda;2128828.00;1654637.23;8176975.37;42.45
Falda;Falda;2128838.00;1654627.33;8176973.96;42.49
Falda;Falda;2128848.00;1654617.48;8176972.22;42.52
Falda;Falda;2128858.00;1654607.70;8176970.17;42.55
Falda;Falda;2128868.00;1654597.97;8176967.85;42.59
Falda;Falda;2128878.00;1654588.30;8176965.28;42.62
Falda;Falda;2128888.00;1654578.69;8176962.53;42.66
Falda;Falda;2128898.00;1654569.12;8176959.62;42.69
Falda;Falda;2128908.00;1654559.59;8176956.60;42.72
Falda;Falda;2128918.00;1654550.08;8176953.51;42.76
Falda;Falda;2128928.00;1654540.58;8176950.39;43.18
Falda;Falda;2128938.00;1654531.08;8176947.26;43.75
Falda;Falda;2128948.00;1654521.59;8176944.13;44.31
Falda;Falda;2128958.00;1654512.09;8176941.00;44.87
Falda;Falda;2128968.00;1654502.59;8176937.87;45.44
Falda;Falda;2128978.00;1654493.09;8176934.74;46.00
Falda;Falda;2128988.00;1654483.59;8176931.61;46.57
Falda;Falda;2128998.00;1654474.10;8176928.48;47.13
Falda;Falda;2129008.00;1654464.60;8176925.35;47.70
Falda;Falda;2129018.00;1654455.10;8176922.22;48.26
Falda;Falda;2129028.00;1654445.60;8176919.09;48.83
Falda;Falda;2129038.00;1654436.11;8176915.96;49.39
Falda;Falda;2129048.00;1654426.61;8176912.83;49.96
Falda;Falda;2129058.00;1654417.11;8176909.70;50.52
Falda;Falda;2129068.00;1654407.61;8176906.57;51.09
Falda;Falda;2129078.00;1654398.11;8176903.44;51.65
Falda;Falda;2129088.00;1654388.62;8176900.32;52.22
Falda;Falda;2129098.00;1654379.12;8176897.19;52.78
Falda;Falda;2129108.00;1654369.62;8176894.06;53.34
Falda;Falda;2129118.00;1654360.12;8176890.93;53.91
Falda;Falda;2129128.00;1654350.63;8176887.80;54.47
Falda;Falda;2129138.00;1654341.13;8176884.67;55.04
Falda;Falda;2129148.00;1654331.63;8176881.54;55.60
Falda;Falda;2129158.00;1654322.13;8176878.41;56.17
Falda;Falda;2129168.00;1654312.64;8176875.28;56.73
Falda;Falda;2129178.00;1654303.14;8176872.15;57.30
Falda;Falda;2129188.00;1654293.64;8176869.02;57.86
Falda;Falda;2129198.00;1654284.14;8176865.89;58.43
Falda;Falda;2129208.00;1654274.64;8176862.76;58.58
Falda;Falda;2129218.00;1654265.15;8176859.63;58.58
Falda;Falda;2129228.00;1654255.65;8176856.50;58.58
Falda;Falda;2129238.00;1654246.15;8176853.37;58.58
Falda;Falda;2129248.00;1654236.65;8176850.25;58.58
Falda;Falda;2129258.00;1654227.16;8176847.12;58.58
Falda;Falda;2129268.00;1654217.66;8176843.99;58.58
Falda;Falda;2129278.00;1654208.16;8176840.86;58.58
Falda;Falda;2129288.00;1654198.66;8176837.73;58.58
Falda;Falda;2129298.00;1654189.16;8176834.60;58.58
Falda;Falda;2129308.00;1654179.67;8176831.47;58.58
Falda;Falda;2129318.00;1654170.17;8176828.34;58.58
Falda;Falda;2129328.00;1654160.67;8176825.21;58.58
Falda;Falda;2129338.00;1654151.17;8176822.08;58.58
Falda;Falda;2129348.00;1654141.68;8176818.95;58.58
Falda;Falda;2129358.00;1654132.18;8176815.82;58.58
Falda;Falda;2129368.00;1654122.68;8176812.69;58.58
Falda;Falda;2129378.00;1654113.18;8176809.56;58.58
Falda;Falda;2129388.00;1654103.69;8176806.43;58.58
Falda;Falda;2129398.00;1654094.19;8176803.30;58.58
Falda;Falda;2129408.00;1654084.69;8176800.18;58.58
Falda;Falda;2129418.00;1654075.19;8176797.05;58.58
Falda;Falda;2129428.00;1654065.69;8176793.92;58.58
Falda;Falda;2129438.00;1654056.20;8176790.79;58.58
Falda;Falda;2129448.00;1654046.70;8176787.66;58.58
Falda;Falda;2129458.00;1654037.20;8176784.53;58.58
Falda;Falda;2129468.00;1654027.70;8176781.40;58.58
Falda;Falda;2129478.00;1654018.21;8176778.27;58.58
Falda;Falda;2129488.00;1654008.71;8176775.14;58.58
Falda;Falda;2129498.00;1653999.21;8176772.01;58.58
Falda;Falda;2129508.00;1653989.71;8176768.88;58.58
Falda;Falda;2129518.00;1653980.21;8176765.75;58.58
Falda;Falda;2129528.00;1653970.72;8176762.62;58.58
Falda;Falda;2129538.00;1653961.22;8176759.49;58.58
Falda;Falda;2129548.00;1653951.72;8176756.36;58.58
Falda;Falda;2129558.00;1653942.22;8176753.23;58.58
Falda;Falda;2129568.00;1653932.73;8176750.11;58.58
Falda;Falda;2129578.00;1653923.23;8176746.98;58.58
Falda;Falda;2129588.00;1653913.73;8176743.85;58.58
Falda;Falda;2129598.00;1653904.23;8176740.72;58.58
Falda;Falda;2129608.00;1653894.73;8176737.59;58.58
Falda;Falda;2129618.00;1653885.24;8176734.46;58.58
Falda;Falda;2129628.00;1653875.74;8176731.33;58.58
Falda;Falda;2129638.00;1653866.24;8176728.20;58.58
Falda;Falda;2129648.00;1653856.74;8176725.07;58.58
Falda;Falda;2129658.00;1653847.25;8176721.94;58.58
Falda;Falda;2129668.00;1653837.75;8176718.81;58.58
Falda;Falda;2129678.00;1653828.25;8176715.68;58.58
Falda;Falda;2129688.00;1653818.75;8176712.55;58.58
Falda;Falda;2129698.00;1653809.26;8176709.42;58.58
Falda;Falda;2129708.00;1653799.76;8176706.29;58.58
Falda;Falda;2129718.00;1653790.26;8176703.17;58.58
Falda;Falda;2129728.00;1653780.75;8176700.06;58.58
Falda;Falda;2129738.00;1653771.23;8176697.02;58.58
Falda;Falda;2129748.00;1653761.67;8176694.07;58.58
Falda;Falda;2129758.00;1653752.08;8176691.26;58.58
Falda;Falda;2129768.00;1653742.43;8176688.62;58.58
Falda;Falda;2129778.00;1653732.73;8176686.18;58.58
Falda;Falda;2129788.00;1653722.99;8176683.93;58.58
Falda;Falda;2129798.00;1653713.20;8176681.88;58.58
Falda;Falda;2129808.00;1653703.38;8176680.02;58.58
Falda;Falda;2129818.00;1653693.52;8176678.36;58.58
Falda;Falda;2129828.00;1653683.62;8176676.89;58.58
Falda;Falda;2129838.00;1653673.70;8176675.62;58.58
Falda;Falda;2129848.00;1653663.76;8176674.55;58.58
Falda;Falda;2129858.00;1653653.80;8176673.68;58.58
Falda;Falda;2129868.00;1653643.82;8176673.01;58.58
Falda;Falda;2129878.00;1653633.83;8176672.53;58.58
Falda;Falda;2129888.00;1653623.84;8176672.22;58.58
Falda;Falda;2129898.00;1653613.84;8176672.03;58.58
Falda;Falda;2129908.00;1653603.84;8176671.92;58.58
Falda;Falda;2129918.00;1653593.84;8176671.87;58.58
Falda;Falda;2129928.00;1653583.84;8176671.82;58.58
