ID;Descrizione;PK;x;y;top;base
DEM (1);DEM;2150010.00;1656223.16;8175938.05;34.60;34.60
R (4);R;2150010.00;1656223.16;8175938.05;34.60;31.73
Aa (15);Aa;2150010.00;1656223.16;8175938.05;31.73;25.98
MIG (13);MIG;2150010.00;1656223.16;8175938.05;25.98;20.33
SO2 (2);SO2;2150010.00;1656223.16;8175938.05;20.33;8.40
SB (1);SB;2150010.00;1656223.16;8175938.05;8.40;3.18
MCA;MCA;2150010.00;1656223.16;8175938.05;3.18;1.02
MC;MC;2150010.00;1656223.16;8175938.05;1.02;-16.38
CG (1);CG;2150010.00;1656223.16;8175938.05;-16.38;-19.44
DEM (1);DEM;2150020.00;1656213.17;8175937.79;34.74;34.74
R (4);R;2150020.00;1656213.17;8175937.79;34.74;31.63
Aa (15);Aa;2150020.00;1656213.17;8175937.79;31.63;26.29
MIG (13);MIG;2150020.00;1656213.17;8175937.79;26.29;20.43
SO2 (2);SO2;2150020.00;1656213.17;8175937.79;20.43;8.49
SB (1);SB;2150020.00;1656213.17;8175937.79;8.49;3.17
MCA;MCA;2150020.00;1656213.17;8175937.79;3.17;1.05
MC;MC;2150020.00;1656213.17;8175937.79;1.05;-16.53
CG (1);CG;2150020.00;1656213.17;8175937.79;-16.53;-19.81
DEM (1);DEM;2150030.00;1656203.17;8175937.87;34.85;34.85
R (4);R;2150030.00;1656203.17;8175937.87;34.85;31.52
Aa (15);Aa;2150030.00;1656203.17;8175937.87;31.52;26.59
MIG (13);MIG;2150030.00;1656203.17;8175937.87;26.59;20.55
SO2 (2);SO2;2150030.00;1656203.17;8175937.87;20.55;8.58
SB (1);SB;2150030.00;1656203.17;8175937.87;8.58;3.16
MCA;MCA;2150030.00;1656203.17;8175937.87;3.16;1.10
MC;MC;2150030.00;1656203.17;8175937.87;1.10;-16.67
CG (1);CG;2150030.00;1656203.17;8175937.87;-16.67;-20.18
DEM (1);DEM;2150040.00;1656193.18;8175938.28;34.93;34.93
R (4);R;2150040.00;1656193.18;8175938.28;34.93;31.41
Aa (15);Aa;2150040.00;1656193.18;8175938.28;31.41;26.97
MIG (13);MIG;2150040.00;1656193.18;8175938.28;26.97;20.63
SO2 (2);SO2;2150040.00;1656193.18;8175938.28;20.63;8.67
SB (1);SB;2150040.00;1656193.18;8175938.28;8.67;3.15
MCA;MCA;2150040.00;1656193.18;8175938.28;3.15;1.16
MC;MC;2150040.00;1656193.18;8175938.28;1.16;-16.81
CG (1);CG;2150040.00;1656193.18;8175938.28;-16.81;-20.55
DEM (1);DEM;2150050.00;1656183.21;8175939.03;34.98;34.98
R (4);R;2150050.00;1656183.21;8175939.03;34.98;31.30
Aa (15);Aa;2150050.00;1656183.21;8175939.03;31.30;27.45
MIG (13);MIG;2150050.00;1656183.21;8175939.03;27.45;20.64
SO2 (2);SO2;2150050.00;1656183.21;8175939.03;20.64;8.76
SB (1);SB;2150050.00;1656183.21;8175939.03;8.76;3.13
MCA;MCA;2150050.00;1656183.21;8175939.03;3.13;1.24
MC;MC;2150050.00;1656183.21;8175939.03;1.24;-16.87
CG (1);CG;2150050.00;1656183.21;8175939.03;-16.87;-20.92
DEM (1);DEM;2150060.00;1656173.26;8175940.11;35.12;35.12
R (4);R;2150060.00;1656173.26;8175940.11;35.12;31.20
Aa (15);Aa;2150060.00;1656173.26;8175940.11;31.20;27.50
MIG (13);MIG;2150060.00;1656173.26;8175940.11;27.50;20.66
SO2 (2);SO2;2150060.00;1656173.26;8175940.11;20.66;8.86
SB (1);SB;2150060.00;1656173.26;8175940.11;8.86;3.26
MCA;MCA;2150060.00;1656173.26;8175940.11;3.26;1.37
MC;MC;2150060.00;1656173.26;8175940.11;1.37;-16.90
CG (1);CG;2150060.00;1656173.26;8175940.11;-16.90;-21.29
DEM (1);DEM;2150070.00;1656163.37;8175941.53;35.47;35.47
R (4);R;2150070.00;1656163.37;8175941.53;35.47;31.11
Aa (15);Aa;2150070.00;1656163.37;8175941.53;31.11;27.16
MIG (13);MIG;2150070.00;1656163.37;8175941.53;27.16;20.68
SO2 (2);SO2;2150070.00;1656163.37;8175941.53;20.68;8.93
SB (1);SB;2150070.00;1656163.37;8175941.53;8.93;3.53
MCA;MCA;2150070.00;1656163.37;8175941.53;3.53;1.50
MC;MC;2150070.00;1656163.37;8175941.53;1.50;-16.95
CG (1);CG;2150070.00;1656163.37;8175941.53;-16.95;-21.67
DEM (1);DEM;2150080.00;1656153.53;8175943.35;35.54;35.54
R (4);R;2150080.00;1656153.53;8175943.35;35.54;31.02
Aa (15);Aa;2150080.00;1656153.53;8175943.35;31.02;26.87
MIG (13);MIG;2150080.00;1656153.53;8175943.35;26.87;20.69
SO2 (2);SO2;2150080.00;1656153.53;8175943.35;20.69;8.99
SB (1);SB;2150080.00;1656153.53;8175943.35;8.99;3.79
MCA;MCA;2150080.00;1656153.53;8175943.35;3.79;1.66
MC;MC;2150080.00;1656153.53;8175943.35;1.66;-17.00
CG (1);CG;2150080.00;1656153.53;8175943.35;-17.00;-21.99
DEM (1);DEM;2150090.00;1656143.79;8175945.61;35.10;35.10
R (4);R;2150090.00;1656143.79;8175945.61;35.10;31.01
Aa (15);Aa;2150090.00;1656143.79;8175945.61;31.01;26.74
MIG (13);MIG;2150090.00;1656143.79;8175945.61;26.74;20.76
SO2 (2);SO2;2150090.00;1656143.79;8175945.61;20.76;9.05
SB (1);SB;2150090.00;1656143.79;8175945.61;9.05;3.96
MCA;MCA;2150090.00;1656143.79;8175945.61;3.96;1.88
MC;MC;2150090.00;1656143.79;8175945.61;1.88;-16.95
CG (1);CG;2150090.00;1656143.79;8175945.61;-16.95;-21.96
DEM (1);DEM;2150100.00;1656134.18;8175948.34;34.02;34.02
R (4);R;2150100.00;1656134.18;8175948.34;34.02;31.05
Aa (15);Aa;2150100.00;1656134.18;8175948.34;31.05;26.72
MIG (13);MIG;2150100.00;1656134.18;8175948.34;26.72;20.88
SO2 (2);SO2;2150100.00;1656134.18;8175948.34;20.88;9.12
SB (1);SB;2150100.00;1656134.18;8175948.34;9.12;4.08
MCA;MCA;2150100.00;1656134.18;8175948.34;4.08;2.10
MC;MC;2150100.00;1656134.18;8175948.34;2.10;-16.83
CG (1);CG;2150100.00;1656134.18;8175948.34;-16.83;-21.93
DEM (1);DEM;2150110.00;1656124.71;8175951.56;34.02;34.02
R (4);R;2150110.00;1656124.71;8175951.56;34.02;31.09
Aa (15);Aa;2150110.00;1656124.71;8175951.56;31.09;26.77
MIG (13);MIG;2150110.00;1656124.71;8175951.56;26.77;21.17
SO2 (2);SO2;2150110.00;1656124.71;8175951.56;21.17;9.18
SB (1);SB;2150110.00;1656124.71;8175951.56;9.18;4.20
MCA;MCA;2150110.00;1656124.71;8175951.56;4.20;2.32
MC;MC;2150110.00;1656124.71;8175951.56;2.32;-16.72
CG (1);CG;2150110.00;1656124.71;8175951.56;-16.72;-21.90
DEM (1);DEM;2150120.00;1656115.41;8175955.25;34.02;34.02
R (4);R;2150120.00;1656115.41;8175955.25;34.02;31.26
Aa (15);Aa;2150120.00;1656115.41;8175955.25;31.26;26.83
MIG (13);MIG;2150120.00;1656115.41;8175955.25;26.83;21.50
SO2 (2);SO2;2150120.00;1656115.41;8175955.25;21.50;9.25
SB (1);SB;2150120.00;1656115.41;8175955.25;9.25;4.31
MCA;MCA;2150120.00;1656115.41;8175955.25;4.31;2.56
MC;MC;2150120.00;1656115.41;8175955.25;2.56;-16.60
CG (1);CG;2150120.00;1656115.41;8175955.25;-16.60;-21.87
DEM (1);DEM;2150130.00;1656106.31;8175959.39;34.24;34.24
R (4);R;2150130.00;1656106.31;8175959.39;34.24;31.46
Aa (15);Aa;2150130.00;1656106.31;8175959.39;31.46;27.01
MIG (13);MIG;2150130.00;1656106.31;8175959.39;27.01;21.89
SO2 (2);SO2;2150130.00;1656106.31;8175959.39;21.89;9.38
SB (1);SB;2150130.00;1656106.31;8175959.39;9.38;4.43
MCA;MCA;2150130.00;1656106.31;8175959.39;4.43;2.87
MC;MC;2150130.00;1656106.31;8175959.39;2.87;-16.49
CG (1);CG;2150130.00;1656106.31;8175959.39;-16.49;-21.84
DEM (1);DEM;2150140.00;1656097.43;8175963.99;34.40;34.40
R (4);R;2150140.00;1656097.43;8175963.99;34.40;31.66
Aa (15);Aa;2150140.00;1656097.43;8175963.99;31.66;27.20
MIG (13);MIG;2150140.00;1656097.43;8175963.99;27.20;22.29
SO2 (2);SO2;2150140.00;1656097.43;8175963.99;22.29;9.50
SB (1);SB;2150140.00;1656097.43;8175963.99;9.50;4.54
MCA;MCA;2150140.00;1656097.43;8175963.99;4.54;3.17
MC;MC;2150140.00;1656097.43;8175963.99;3.17;-16.38
CG (1);CG;2150140.00;1656097.43;8175963.99;-16.38;-21.81
DEM (1);DEM;2150150.00;1656088.79;8175969.02;34.22;34.22
R (4);R;2150150.00;1656088.79;8175969.02;34.22;31.87
Aa (15);Aa;2150150.00;1656088.79;8175969.02;31.87;27.38
MIG (13);MIG;2150150.00;1656088.79;8175969.02;27.38;22.68
SO2 (2);SO2;2150150.00;1656088.79;8175969.02;22.68;9.67
SB (1);SB;2150150.00;1656088.79;8175969.02;9.67;4.66
MCA;MCA;2150150.00;1656088.79;8175969.02;4.66;3.48
MC;MC;2150150.00;1656088.79;8175969.02;3.48;-16.26
CG (1);CG;2150150.00;1656088.79;8175969.02;-16.26;-21.78
DEM (1);DEM;2150160.00;1656080.42;8175974.48;34.30;34.30
R (4);R;2150160.00;1656080.42;8175974.48;34.30;32.30
Aa (15);Aa;2150160.00;1656080.42;8175974.48;32.30;27.56
MIG (13);MIG;2150160.00;1656080.42;8175974.48;27.56;23.05
SO2 (2);SO2;2150160.00;1656080.42;8175974.48;23.05;9.84
SB (1);SB;2150160.00;1656080.42;8175974.48;9.84;4.78
MCA;MCA;2150160.00;1656080.42;8175974.48;4.78;3.83
MC;MC;2150160.00;1656080.42;8175974.48;3.83;-16.15
CG (1);CG;2150160.00;1656080.42;8175974.48;-16.15;-21.75
DEM (1);DEM;2150170.00;1656072.32;8175980.35;34.61;34.61
R (4);R;2150170.00;1656072.32;8175980.35;34.61;32.74
Aa (15);Aa;2150170.00;1656072.32;8175980.35;32.74;27.73
MIG (13);MIG;2150170.00;1656072.32;8175980.35;27.73;23.42
SO2 (2);SO2;2150170.00;1656072.32;8175980.35;23.42;10.01
SB (1);SB;2150170.00;1656072.32;8175980.35;10.01;4.90
MCA;MCA;2150170.00;1656072.32;8175980.35;4.90;4.19
MC;MC;2150170.00;1656072.32;8175980.35;4.19;-16.03
CG (1);CG;2150170.00;1656072.32;8175980.35;-16.03;-21.72
DEM (1);DEM;2150180.00;1656064.53;8175986.61;34.91;34.91
R (4);R;2150180.00;1656064.53;8175986.61;34.91;33.12
Aa (15);Aa;2150180.00;1656064.53;8175986.61;33.12;27.89
MIG (13);MIG;2150180.00;1656064.53;8175986.61;27.89;23.79
SO2 (2);SO2;2150180.00;1656064.53;8175986.61;23.79;10.19
SB (1);SB;2150180.00;1656064.53;8175986.61;10.19;5.02
MCA;MCA;2150180.00;1656064.53;8175986.61;5.02;4.58
MC;MC;2150180.00;1656064.53;8175986.61;4.58;-15.88
CG (1);CG;2150180.00;1656064.53;8175986.61;-15.88;-21.69
DEM (1);DEM;2150190.00;1656057.06;8175993.26;35.22;35.22
R (4);R;2150190.00;1656057.06;8175993.26;35.22;33.38
Aa (15);Aa;2150190.00;1656057.06;8175993.26;33.38;28.06
MIG (13);MIG;2150190.00;1656057.06;8175993.26;28.06;24.00
SO2 (2);SO2;2150190.00;1656057.06;8175993.26;24.00;10.36
SB (1);SB;2150190.00;1656057.06;8175993.26;10.36;5.14
MCA;MCA;2150190.00;1656057.06;8175993.26;5.14;5.00
MC;MC;2150190.00;1656057.06;8175993.26;5.00;-15.64
CG (1);CG;2150190.00;1656057.06;8175993.26;-15.64;-21.66
DEM (1);DEM;2150200.00;1656049.94;8176000.28;35.53;35.53
R (4);R;2150200.00;1656049.94;8176000.28;35.53;33.41
Aa (15);Aa;2150200.00;1656049.94;8176000.28;33.41;28.17
MIG (13);MIG;2150200.00;1656049.94;8176000.28;28.17;24.19
SO2 (2);SO2;2150200.00;1656049.94;8176000.28;24.19;10.53
SB (1);SB;2150200.00;1656049.94;8176000.28;10.53;5.25
MC;MC;2150200.00;1656049.94;8176000.28;5.25;-15.40
CG (1);CG;2150200.00;1656049.94;8176000.28;-15.40;-21.63
DEM (1);DEM;2150210.00;1656043.17;8176007.64;35.84;35.84
R (4);R;2150210.00;1656043.17;8176007.64;35.84;33.38
Aa (15);Aa;2150210.00;1656043.17;8176007.64;33.38;28.18
MIG (13);MIG;2150210.00;1656043.17;8176007.64;28.18;24.31
SO2 (2);SO2;2150210.00;1656043.17;8176007.64;24.31;10.70
SB (1);SB;2150210.00;1656043.17;8176007.64;10.70;5.47
MC;MC;2150210.00;1656043.17;8176007.64;5.47;-15.15
CG (1);CG;2150210.00;1656043.17;8176007.64;-15.15;-21.60
DEM (1);DEM;2150220.00;1656036.78;8176015.33;36.02;36.02
R (4);R;2150220.00;1656036.78;8176015.33;36.02;33.34
Aa (15);Aa;2150220.00;1656036.78;8176015.33;33.34;28.09
MIG (13);MIG;2150220.00;1656036.78;8176015.33;28.09;24.37
SO2 (2);SO2;2150220.00;1656036.78;8176015.33;24.37;10.87
SB (1);SB;2150220.00;1656036.78;8176015.33;10.87;5.77
MC;MC;2150220.00;1656036.78;8176015.33;5.77;-14.91
CG (1);CG;2150220.00;1656036.78;8176015.33;-14.91;-21.57
DEM (1);DEM;2150230.00;1656030.78;8176023.33;36.02;36.02
R (4);R;2150230.00;1656030.78;8176023.33;36.02;33.30
Aa (15);Aa;2150230.00;1656030.78;8176023.33;33.30;27.88
MIG (13);MIG;2150230.00;1656030.78;8176023.33;27.88;24.43
SO2 (2);SO2;2150230.00;1656030.78;8176023.33;24.43;11.05
SB (1);SB;2150230.00;1656030.78;8176023.33;11.05;6.07
MC;MC;2150230.00;1656030.78;8176023.33;6.07;-14.67
CG (1);CG;2150230.00;1656030.78;8176023.33;-14.67;-21.53
DEM (1);DEM;2150240.00;1656025.19;8176031.62;36.02;36.02
R (4);R;2150240.00;1656025.19;8176031.62;36.02;33.25
Aa (15);Aa;2150240.00;1656025.19;8176031.62;33.25;27.60
MIG (13);MIG;2150240.00;1656025.19;8176031.62;27.60;24.49
SO2 (2);SO2;2150240.00;1656025.19;8176031.62;24.49;11.22
SB (1);SB;2150240.00;1656025.19;8176031.62;11.22;6.37
MC;MC;2150240.00;1656025.19;8176031.62;6.37;-14.42
CG (1);CG;2150240.00;1656025.19;8176031.62;-14.42;-21.50
DEM (1);DEM;2150250.00;1656020.02;8176040.18;36.02;36.02
R (4);R;2150250.00;1656020.02;8176040.18;36.02;33.21
Aa (15);Aa;2150250.00;1656020.02;8176040.18;33.21;27.23
MIG (13);MIG;2150250.00;1656020.02;8176040.18;27.23;24.51
SO2 (2);SO2;2150250.00;1656020.02;8176040.18;24.51;11.39
SB (1);SB;2150250.00;1656020.02;8176040.18;11.39;6.67
MC;MC;2150250.00;1656020.02;8176040.18;6.67;-14.14
CG (1);CG;2150250.00;1656020.02;8176040.18;-14.14;-21.47
DEM (1);DEM;2150260.00;1656015.28;8176048.98;36.02;36.02
R (4);R;2150260.00;1656015.28;8176048.98;36.02;33.17
Aa (15);Aa;2150260.00;1656015.28;8176048.98;33.17;26.78
MIG (13);MIG;2150260.00;1656015.28;8176048.98;26.78;24.54
SO2 (2);SO2;2150260.00;1656015.28;8176048.98;24.54;11.56
SB (1);SB;2150260.00;1656015.28;8176048.98;11.56;6.97
MC;MC;2150260.00;1656015.28;8176048.98;6.97;-13.74
CG (1);CG;2150260.00;1656015.28;8176048.98;-13.74;-21.44
DEM (1);DEM;2150270.00;1656011.00;8176058.02;35.81;35.81
R (4);R;2150270.00;1656011.00;8176058.02;35.81;33.13
Aa (15);Aa;2150270.00;1656011.00;8176058.02;33.13;26.33
MIG (13);MIG;2150270.00;1656011.00;8176058.02;26.33;24.57
SO2 (2);SO2;2150270.00;1656011.00;8176058.02;24.57;11.73
SB (1);SB;2150270.00;1656011.00;8176058.02;11.73;7.21
MC;MC;2150270.00;1656011.00;8176058.02;7.21;-13.34
CG (1);CG;2150270.00;1656011.00;8176058.02;-13.34;-21.41
DEM (1);DEM;2150280.00;1656007.16;8176067.25;35.45;35.45
R (4);R;2150280.00;1656007.16;8176067.25;35.45;33.09
Aa (15);Aa;2150280.00;1656007.16;8176067.25;33.09;25.94
MIG (13);MIG;2150280.00;1656007.16;8176067.25;25.94;24.59
SO2 (2);SO2;2150280.00;1656007.16;8176067.25;24.59;11.88
SB (1);SB;2150280.00;1656007.16;8176067.25;11.88;7.46
MC;MC;2150280.00;1656007.16;8176067.25;7.46;-12.94
CG (1);CG;2150280.00;1656007.16;8176067.25;-12.94;-21.38
DEM (1);DEM;2150290.00;1656003.80;8176076.67;35.08;35.08
R (4);R;2150290.00;1656003.80;8176076.67;35.08;33.05
Aa (15);Aa;2150290.00;1656003.80;8176076.67;33.05;25.57
MIG (13);MIG;2150290.00;1656003.80;8176076.67;25.57;24.62
SO2 (2);SO2;2150290.00;1656003.80;8176076.67;24.62;12.02
SB (1);SB;2150290.00;1656003.80;8176076.67;12.02;7.70
MC;MC;2150290.00;1656003.80;8176076.67;7.70;-12.53
CG (1);CG;2150290.00;1656003.80;8176076.67;-12.53;-21.35
DEM (1);DEM;2150300.00;1656000.91;8176086.24;35.02;35.02
R (4);R;2150300.00;1656000.91;8176086.24;35.02;33.01
Aa (15);Aa;2150300.00;1656000.91;8176086.24;33.01;25.32
MIG (13);MIG;2150300.00;1656000.91;8176086.24;25.32;24.65
SO2 (2);SO2;2150300.00;1656000.91;8176086.24;24.65;12.16
SB (1);SB;2150300.00;1656000.91;8176086.24;12.16;7.94
MC;MC;2150300.00;1656000.91;8176086.24;7.94;-12.16
CG (1);CG;2150300.00;1656000.91;8176086.24;-12.16;-21.32
DEM (1);DEM;2150310.00;1655998.50;8176095.94;35.02;35.02
R (4);R;2150310.00;1655998.50;8176095.94;35.02;32.97
Aa (15);Aa;2150310.00;1655998.50;8176095.94;32.97;25.09
MIG (13);MIG;2150310.00;1655998.50;8176095.94;25.09;24.63
SO2 (2);SO2;2150310.00;1655998.50;8176095.94;24.63;12.30
SB (1);SB;2150310.00;1655998.50;8176095.94;12.30;8.18
MC;MC;2150310.00;1655998.50;8176095.94;8.18;-11.82
CG (1);CG;2150310.00;1655998.50;8176095.94;-11.82;-21.29
DEM (1);DEM;2150320.00;1655996.58;8176105.76;35.02;35.02
R (4);R;2150320.00;1655996.58;8176105.76;35.02;32.93
Aa (15);Aa;2150320.00;1655996.58;8176105.76;32.93;24.86
MIG (13);MIG;2150320.00;1655996.58;8176105.76;24.86;24.61
SO2 (2);SO2;2150320.00;1655996.58;8176105.76;24.61;12.44
SB (1);SB;2150320.00;1655996.58;8176105.76;12.44;8.42
MC;MC;2150320.00;1655996.58;8176105.76;8.42;-11.48
CG (1);CG;2150320.00;1655996.58;8176105.76;-11.48;-21.26
DEM (1);DEM;2150330.00;1655995.15;8176115.65;35.02;35.02
R (4);R;2150330.00;1655995.15;8176115.65;35.02;32.89
Aa (15);Aa;2150330.00;1655995.15;8176115.65;32.89;24.66
MIG (13);MIG;2150330.00;1655995.15;8176115.65;24.66;24.59
SO2 (2);SO2;2150330.00;1655995.15;8176115.65;24.59;12.58
SB (1);SB;2150330.00;1655995.15;8176115.65;12.58;8.65
MC;MC;2150330.00;1655995.15;8176115.65;8.65;-11.14
CG (1);CG;2150330.00;1655995.15;8176115.65;-11.14;-21.23
DEM (1);DEM;2150340.00;1655994.21;8176125.61;35.02;35.02
R (4);R;2150340.00;1655994.21;8176125.61;35.02;32.85
Aa (15);Aa;2150340.00;1655994.21;8176125.61;32.85;24.50
SO2 (2);SO2;2150340.00;1655994.21;8176125.61;24.50;12.69
SB (1);SB;2150340.00;1655994.21;8176125.61;12.69;8.88
MC;MC;2150340.00;1655994.21;8176125.61;8.88;-10.80
CG (1);CG;2150340.00;1655994.21;8176125.61;-10.80;-21.20
DEM (1);DEM;2150350.00;1655993.78;8176135.60;35.02;35.02
R (4);R;2150350.00;1655993.78;8176135.60;35.02;32.81
Aa (15);Aa;2150350.00;1655993.78;8176135.60;32.81;24.36
SO2 (2);SO2;2150350.00;1655993.78;8176135.60;24.36;12.75
SB (1);SB;2150350.00;1655993.78;8176135.60;12.75;8.99
MC;MC;2150350.00;1655993.78;8176135.60;8.99;-10.56
CG (1);CG;2150350.00;1655993.78;8176135.60;-10.56;-21.17
DEM (1);DEM;2150360.00;1655993.85;8176145.60;35.02;35.02
R (4);R;2150360.00;1655993.85;8176145.60;35.02;32.79
Aa (15);Aa;2150360.00;1655993.85;8176145.60;32.79;24.22
SO2 (2);SO2;2150360.00;1655993.85;8176145.60;24.22;12.82
SB (1);SB;2150360.00;1655993.85;8176145.60;12.82;9.06
MC;MC;2150360.00;1655993.85;8176145.60;9.06;-10.45
CG (1);CG;2150360.00;1655993.85;8176145.60;-10.45;-21.14
DEM (1);DEM;2150370.00;1655994.41;8176155.58;35.02;35.02
R (4);R;2150370.00;1655994.41;8176155.58;35.02;32.80
Aa (15);Aa;2150370.00;1655994.41;8176155.58;32.80;24.20
SO2 (2);SO2;2150370.00;1655994.41;8176155.58;24.20;12.81
SB (1);SB;2150370.00;1655994.41;8176155.58;12.81;9.07
MC;MC;2150370.00;1655994.41;8176155.58;9.07;-10.34
CG (1);CG;2150370.00;1655994.41;8176155.58;-10.34;-21.11
DEM (1);DEM;2150380.00;1655995.48;8176165.52;35.02;35.02
R (4);R;2150380.00;1655995.48;8176165.52;35.02;32.80
Aa (15);Aa;2150380.00;1655995.48;8176165.52;32.80;24.19
SO2 (2);SO2;2150380.00;1655995.48;8176165.52;24.19;12.74
SB (1);SB;2150380.00;1655995.48;8176165.52;12.74;9.02
MC;MC;2150380.00;1655995.48;8176165.52;9.02;-10.26
CG (1);CG;2150380.00;1655995.48;8176165.52;-10.26;-21.07
DEM (1);DEM;2150390.00;1655997.04;8176175.40;35.02;35.02
R (4);R;2150390.00;1655997.04;8176175.40;35.02;32.79
Aa (15);Aa;2150390.00;1655997.04;8176175.40;32.79;24.16
SO2 (2);SO2;2150390.00;1655997.04;8176175.40;24.16;12.68
SB (1);SB;2150390.00;1655997.04;8176175.40;12.68;8.98
MC;MC;2150390.00;1655997.04;8176175.40;8.98;-10.22
CG (1);CG;2150390.00;1655997.04;8176175.40;-10.22;-21.04
DEM (1);DEM;2150400.00;1655999.09;8176185.18;35.02;35.02
R (4);R;2150400.00;1655999.09;8176185.18;35.02;32.78
Aa (15);Aa;2150400.00;1655999.09;8176185.18;32.78;24.14
SO2 (2);SO2;2150400.00;1655999.09;8176185.18;24.14;12.59
SB (1);SB;2150400.00;1655999.09;8176185.18;12.59;8.90
MC;MC;2150400.00;1655999.09;8176185.18;8.90;-10.18
CG (1);CG;2150400.00;1655999.09;8176185.18;-10.18;-21.01
DEM (1);DEM;2150410.00;1656001.63;8176194.85;35.02;35.02
R (4);R;2150410.00;1656001.63;8176194.85;35.02;32.78
Aa (15);Aa;2150410.00;1656001.63;8176194.85;32.78;24.11
SO2 (2);SO2;2150410.00;1656001.63;8176194.85;24.11;12.49
SB (1);SB;2150410.00;1656001.63;8176194.85;12.49;8.78
MC;MC;2150410.00;1656001.63;8176194.85;8.78;-10.14
CG (1);CG;2150410.00;1656001.63;8176194.85;-10.14;-20.98
DEM (1);DEM;2150420.00;1656004.65;8176204.39;35.02;35.02
R (4);R;2150420.00;1656004.65;8176204.39;35.02;32.77
Aa (15);Aa;2150420.00;1656004.65;8176204.39;32.77;24.09
SO2 (2);SO2;2150420.00;1656004.65;8176204.39;24.09;12.38
SB (1);SB;2150420.00;1656004.65;8176204.39;12.38;8.66
MC;MC;2150420.00;1656004.65;8176204.39;8.66;-10.10
CG (1);CG;2150420.00;1656004.65;8176204.39;-10.10;-20.95
DEM (1);DEM;2150430.00;1656008.14;8176213.76;35.02;35.02
R (4);R;2150430.00;1656008.14;8176213.76;35.02;32.76
Aa (15);Aa;2150430.00;1656008.14;8176213.76;32.76;24.06
SO2 (2);SO2;2150430.00;1656008.14;8176213.76;24.06;12.28
SB (1);SB;2150430.00;1656008.14;8176213.76;12.28;8.54
MC;MC;2150430.00;1656008.14;8176213.76;8.54;-10.13
CG (1);CG;2150430.00;1656008.14;8176213.76;-10.13;-20.92
DEM (1);DEM;2150440.00;1656012.09;8176222.94;35.02;35.02
R (4);R;2150440.00;1656012.09;8176222.94;35.02;32.76
Aa (15);Aa;2150440.00;1656012.09;8176222.94;32.76;24.03
SO2 (2);SO2;2150440.00;1656012.09;8176222.94;24.03;12.18
SB (1);SB;2150440.00;1656012.09;8176222.94;12.18;8.42
MC;MC;2150440.00;1656012.09;8176222.94;8.42;-10.18
CG (1);CG;2150440.00;1656012.09;8176222.94;-10.18;-20.89
DEM (1);DEM;2150450.00;1656016.50;8176231.92;35.02;35.02
R (4);R;2150450.00;1656016.50;8176231.92;35.02;32.75
Aa (15);Aa;2150450.00;1656016.50;8176231.92;32.75;24.01
SO2 (2);SO2;2150450.00;1656016.50;8176231.92;24.01;12.07
SB (1);SB;2150450.00;1656016.50;8176231.92;12.07;8.30
MC;MC;2150450.00;1656016.50;8176231.92;8.30;-10.23
CG (1);CG;2150450.00;1656016.50;8176231.92;-10.23;-20.86
DEM (1);DEM;2150460.00;1656021.35;8176240.66;35.02;35.02
R (4);R;2150460.00;1656021.35;8176240.66;35.02;32.74
Aa (15);Aa;2150460.00;1656021.35;8176240.66;32.74;23.98
SO2 (2);SO2;2150460.00;1656021.35;8176240.66;23.98;11.97
SB (1);SB;2150460.00;1656021.35;8176240.66;11.97;8.18
MC;MC;2150460.00;1656021.35;8176240.66;8.18;-10.28
CG (1);CG;2150460.00;1656021.35;8176240.66;-10.28;-20.83
DEM (1);DEM;2150470.00;1656026.64;8176249.15;35.02;35.02
R (4);R;2150470.00;1656026.64;8176249.15;35.02;32.74
Aa (15);Aa;2150470.00;1656026.64;8176249.15;32.74;23.95
SO2 (2);SO2;2150470.00;1656026.64;8176249.15;23.95;11.87
SB (1);SB;2150470.00;1656026.64;8176249.15;11.87;8.06
MC;MC;2150470.00;1656026.64;8176249.15;8.06;-10.34
CG (1);CG;2150470.00;1656026.64;8176249.15;-10.34;-20.80
DEM (1);DEM;2150480.00;1656032.34;8176257.36;35.02;35.02
R (4);R;2150480.00;1656032.34;8176257.36;35.02;32.73
Aa (15);Aa;2150480.00;1656032.34;8176257.36;32.73;23.93
SO2 (2);SO2;2150480.00;1656032.34;8176257.36;23.93;11.75
SB (1);SB;2150480.00;1656032.34;8176257.36;11.75;7.91
MC;MC;2150480.00;1656032.34;8176257.36;7.91;-10.40
CG (1);CG;2150480.00;1656032.34;8176257.36;-10.40;-20.77
DEM (1);DEM;2150490.00;1656038.44;8176265.28;35.02;35.02
R (4);R;2150490.00;1656038.44;8176265.28;35.02;32.72
Aa (15);Aa;2150490.00;1656038.44;8176265.28;32.72;23.90
SO2 (2);SO2;2150490.00;1656038.44;8176265.28;23.90;11.62
SB (1);SB;2150490.00;1656038.44;8176265.28;11.62;7.76
MC;MC;2150490.00;1656038.44;8176265.28;7.76;-10.46
CG (1);CG;2150490.00;1656038.44;8176265.28;-10.46;-20.74
DEM (1);DEM;2150500.00;1656044.93;8176272.89;35.02;35.02
R (4);R;2150500.00;1656044.93;8176272.89;35.02;32.71
Aa (15);Aa;2150500.00;1656044.93;8176272.89;32.71;23.88
SO2 (2);SO2;2150500.00;1656044.93;8176272.89;23.88;11.50
SB (1);SB;2150500.00;1656044.93;8176272.89;11.50;7.61
MC;MC;2150500.00;1656044.93;8176272.89;7.61;-10.53
CG (1);CG;2150500.00;1656044.93;8176272.89;-10.53;-20.71
DEM (1);DEM;2150510.00;1656051.80;8176280.16;35.02;35.02
R (4);R;2150510.00;1656051.80;8176280.16;35.02;32.71
Aa (15);Aa;2150510.00;1656051.80;8176280.16;32.71;23.85
SO2 (2);SO2;2150510.00;1656051.80;8176280.16;23.85;11.38
SB (1);SB;2150510.00;1656051.80;8176280.16;11.38;7.46
MC;MC;2150510.00;1656051.80;8176280.16;7.46;-10.59
CG (1);CG;2150510.00;1656051.80;8176280.16;-10.59;-20.68
DEM (1);DEM;2150520.00;1656059.02;8176287.08;35.02;35.02
R (4);R;2150520.00;1656059.02;8176287.08;35.02;32.70
Aa (15);Aa;2150520.00;1656059.02;8176287.08;32.70;23.82
SO2 (2);SO2;2150520.00;1656059.02;8176287.08;23.82;11.25
SB (1);SB;2150520.00;1656059.02;8176287.08;11.25;7.32
MC;MC;2150520.00;1656059.02;8176287.08;7.32;-10.65
CG (1);CG;2150520.00;1656059.02;8176287.08;-10.65;-20.65
DEM (1);DEM;2150530.00;1656066.57;8176293.62;35.02;35.02
R (4);R;2150530.00;1656066.57;8176293.62;35.02;32.69
Aa (15);Aa;2150530.00;1656066.57;8176293.62;32.69;23.80
SO2 (2);SO2;2150530.00;1656066.57;8176293.62;23.80;11.13
SB (1);SB;2150530.00;1656066.57;8176293.62;11.13;7.17
MC;MC;2150530.00;1656066.57;8176293.62;7.17;-10.72
CG (1);CG;2150530.00;1656066.57;8176293.62;-10.72;-20.62
DEM (1);DEM;2150540.00;1656074.45;8176299.79;35.02;35.02
R (4);R;2150540.00;1656074.45;8176299.79;35.02;32.69
Aa (15);Aa;2150540.00;1656074.45;8176299.79;32.69;23.77
SO2 (2);SO2;2150540.00;1656074.45;8176299.79;23.77;11.01
SB (1);SB;2150540.00;1656074.45;8176299.79;11.01;7.02
MC;MC;2150540.00;1656074.45;8176299.79;7.02;-10.78
CG (1);CG;2150540.00;1656074.45;8176299.79;-10.78;-20.58
DEM (1);DEM;2150550.00;1656082.62;8176305.55;35.02;35.02
R (4);R;2150550.00;1656082.62;8176305.55;35.02;32.68
Aa (15);Aa;2150550.00;1656082.62;8176305.55;32.68;23.75
SO2 (2);SO2;2150550.00;1656082.62;8176305.55;23.75;10.88
SB (1);SB;2150550.00;1656082.62;8176305.55;10.88;6.87
MC;MC;2150550.00;1656082.62;8176305.55;6.87;-10.84
CG (1);CG;2150550.00;1656082.62;8176305.55;-10.84;-20.55
DEM (1);DEM;2150560.00;1656091.07;8176310.90;35.02;35.02
R (4);R;2150560.00;1656091.07;8176310.90;35.02;32.67
Aa (15);Aa;2150560.00;1656091.07;8176310.90;32.67;23.72
SO2 (2);SO2;2150560.00;1656091.07;8176310.90;23.72;10.76
SB (1);SB;2150560.00;1656091.07;8176310.90;10.76;6.69
MC;MC;2150560.00;1656091.07;8176310.90;6.69;-10.90
CG (1);CG;2150560.00;1656091.07;8176310.90;-10.90;-20.52
DEM (1);DEM;2150570.00;1656099.77;8176315.81;35.02;35.02
R (4);R;2150570.00;1656099.77;8176315.81;35.02;32.62
Aa (15);Aa;2150570.00;1656099.77;8176315.81;32.62;23.63
SO2 (2);SO2;2150570.00;1656099.77;8176315.81;23.63;10.63
SB (1);SB;2150570.00;1656099.77;8176315.81;10.63;6.51
MC;MC;2150570.00;1656099.77;8176315.81;6.51;-10.96
CG (1);CG;2150570.00;1656099.77;8176315.81;-10.96;-20.49
DEM (1);DEM;2150580.00;1656108.71;8176320.29;35.02;35.02
R (4);R;2150580.00;1656108.71;8176320.29;35.02;32.55
Aa (15);Aa;2150580.00;1656108.71;8176320.29;32.55;23.54
SO2 (2);SO2;2150580.00;1656108.71;8176320.29;23.54;10.50
SB (1);SB;2150580.00;1656108.71;8176320.29;10.50;6.32
MC;MC;2150580.00;1656108.71;8176320.29;6.32;-11.00
CG (1);CG;2150580.00;1656108.71;8176320.29;-11.00;-20.46
DEM (1);DEM;2150590.00;1656117.87;8176324.31;35.02;35.02
R (4);R;2150590.00;1656117.87;8176324.31;35.02;32.49
Aa (15);Aa;2150590.00;1656117.87;8176324.31;32.49;23.45
SO2 (2);SO2;2150590.00;1656117.87;8176324.31;23.45;10.37
SB (1);SB;2150590.00;1656117.87;8176324.31;10.37;6.14
MC;MC;2150590.00;1656117.87;8176324.31;6.14;-11.05
CG (1);CG;2150590.00;1656117.87;8176324.31;-11.05;-20.43
DEM (1);DEM;2150600.00;1656127.21;8176327.87;35.02;35.02
R (4);R;2150600.00;1656127.21;8176327.87;35.02;32.43
Aa (15);Aa;2150600.00;1656127.21;8176327.87;32.43;23.36
SO2 (2);SO2;2150600.00;1656127.21;8176327.87;23.36;10.24
SB (1);SB;2150600.00;1656127.21;8176327.87;10.24;5.95
MC;MC;2150600.00;1656127.21;8176327.87;5.95;-11.10
CG (1);CG;2150600.00;1656127.21;8176327.87;-11.10;-20.40
DEM (1);DEM;2150610.00;1656136.72;8176330.96;35.02;35.02
R (4);R;2150610.00;1656136.72;8176330.96;35.02;32.34
Aa (15);Aa;2150610.00;1656136.72;8176330.96;32.34;23.32
MIG (14);MIG;2150610.00;1656136.72;8176330.96;23.32;23.19
SO2 (2);SO2;2150610.00;1656136.72;8176330.96;23.19;10.10
SB (1);SB;2150610.00;1656136.72;8176330.96;10.10;5.79
MC;MC;2150610.00;1656136.72;8176330.96;5.79;-11.14
CG (1);CG;2150610.00;1656136.72;8176330.96;-11.14;-20.37
DEM (1);DEM;2150620.00;1656146.37;8176333.58;35.02;35.02
R (4);R;2150620.00;1656146.37;8176333.58;35.02;32.25
Aa (15);Aa;2150620.00;1656146.37;8176333.58;32.25;23.29
MIG (14);MIG;2150620.00;1656146.37;8176333.58;23.29;23.00
SO2 (2);SO2;2150620.00;1656146.37;8176333.58;23.00;9.96
SB (1);SB;2150620.00;1656146.37;8176333.58;9.96;5.63
MC;MC;2150620.00;1656146.37;8176333.58;5.63;-11.19
CG (1);CG;2150620.00;1656146.37;8176333.58;-11.19;-20.34
DEM (1);DEM;2150630.00;1656156.14;8176335.70;35.02;35.02
R (4);R;2150630.00;1656156.14;8176335.70;35.02;32.16
Aa (15);Aa;2150630.00;1656156.14;8176335.70;32.16;23.25
MIG (14);MIG;2150630.00;1656156.14;8176335.70;23.25;22.81
SO2 (2);SO2;2150630.00;1656156.14;8176335.70;22.81;9.82
SB (1);SB;2150630.00;1656156.14;8176335.70;9.82;5.48
MC;MC;2150630.00;1656156.14;8176335.70;5.48;-11.24
CG (1);CG;2150630.00;1656156.14;8176335.70;-11.24;-20.31
DEM (1);DEM;2150640.00;1656166.01;8176337.33;35.02;35.02
R (4);R;2150640.00;1656166.01;8176337.33;35.02;32.06
Aa (15);Aa;2150640.00;1656166.01;8176337.33;32.06;23.22
MIG (14);MIG;2150640.00;1656166.01;8176337.33;23.22;22.63
SO2 (2);SO2;2150640.00;1656166.01;8176337.33;22.63;9.68
SB (1);SB;2150640.00;1656166.01;8176337.33;9.68;5.32
MC;MC;2150640.00;1656166.01;8176337.33;5.32;-11.29
CG (1);CG;2150640.00;1656166.01;8176337.33;-11.29;-20.28
DEM (1);DEM;2150650.00;1656175.94;8176338.47;35.02;35.02
R (4);R;2150650.00;1656175.94;8176338.47;35.02;31.97
Aa (15);Aa;2150650.00;1656175.94;8176338.47;31.97;23.18
MIG (14);MIG;2150650.00;1656175.94;8176338.47;23.18;22.44
SO2 (2);SO2;2150650.00;1656175.94;8176338.47;22.44;9.53
SB (1);SB;2150650.00;1656175.94;8176338.47;9.53;5.17
MC;MC;2150650.00;1656175.94;8176338.47;5.17;-11.33
CG (1);CG;2150650.00;1656175.94;8176338.47;-11.33;-20.25
DEM (1);DEM;2150660.00;1656185.92;8176339.11;35.02;35.02
R (4);R;2150660.00;1656185.92;8176339.11;35.02;31.88
Aa (15);Aa;2150660.00;1656185.92;8176339.11;31.88;23.15
MIG (14);MIG;2150660.00;1656185.92;8176339.11;23.15;22.25
SO2 (2);SO2;2150660.00;1656185.92;8176339.11;22.25;9.38
SB (1);SB;2150660.00;1656185.92;8176339.11;9.38;5.01
MC;MC;2150660.00;1656185.92;8176339.11;5.01;-11.36
CG (1);CG;2150660.00;1656185.92;8176339.11;-11.36;-20.22
DEM (1);DEM;2150670.00;1656195.92;8176339.26;35.02;35.02
R (4);R;2150670.00;1656195.92;8176339.26;35.02;31.79
Aa (15);Aa;2150670.00;1656195.92;8176339.26;31.79;23.11
MIG (14);MIG;2150670.00;1656195.92;8176339.26;23.11;22.06
SO2 (2);SO2;2150670.00;1656195.92;8176339.26;22.06;9.21
SB (1);SB;2150670.00;1656195.92;8176339.26;9.21;4.79
MC;MC;2150670.00;1656195.92;8176339.26;4.79;-11.33
CG (1);CG;2150670.00;1656195.92;8176339.26;-11.33;-20.19
DEM (1);DEM;2150680.00;1656205.91;8176338.90;35.02;35.02
R (4);R;2150680.00;1656205.91;8176338.90;35.02;31.69
Aa (15);Aa;2150680.00;1656205.91;8176338.90;31.69;23.08
MIG (14);MIG;2150680.00;1656205.91;8176338.90;23.08;21.87
SO2 (2);SO2;2150680.00;1656205.91;8176338.90;21.87;8.99
SB (1);SB;2150680.00;1656205.91;8176338.90;8.99;4.54
MC;MC;2150680.00;1656205.91;8176338.90;4.54;-11.29
CG (1);CG;2150680.00;1656205.91;8176338.90;-11.29;-20.16
DEM (1);DEM;2150690.00;1656215.87;8176338.04;35.02;35.02
R (4);R;2150690.00;1656215.87;8176338.04;35.02;31.54
Aa (15);Aa;2150690.00;1656215.87;8176338.04;31.54;23.04
MIG (14);MIG;2150690.00;1656215.87;8176338.04;23.04;21.69
SO2 (2);SO2;2150690.00;1656215.87;8176338.04;21.69;8.77
SB (1);SB;2150690.00;1656215.87;8176338.04;8.77;4.29
MC;MC;2150690.00;1656215.87;8176338.04;4.29;-11.25
CG (1);CG;2150690.00;1656215.87;8176338.04;-11.25;-20.12
DEM (1);DEM;2150700.00;1656225.78;8176336.69;35.02;35.02
R (4);R;2150700.00;1656225.78;8176336.69;35.02;31.39
Aa (15);Aa;2150700.00;1656225.78;8176336.69;31.39;23.01
MIG (14);MIG;2150700.00;1656225.78;8176336.69;23.01;21.50
SO2 (2);SO2;2150700.00;1656225.78;8176336.69;21.50;8.55
SB (1);SB;2150700.00;1656225.78;8176336.69;8.55;4.04
MC;MC;2150700.00;1656225.78;8176336.69;4.04;-11.22
CG (1);CG;2150700.00;1656225.78;8176336.69;-11.22;-20.09
DEM (1);DEM;2150710.00;1656235.61;8176334.84;35.02;35.02
R (4);R;2150710.00;1656235.61;8176334.84;35.02;31.23
Aa (15);Aa;2150710.00;1656235.61;8176334.84;31.23;22.97
MIG (14);MIG;2150710.00;1656235.61;8176334.84;22.97;21.31
SO2 (2);SO2;2150710.00;1656235.61;8176334.84;21.31;8.33
SB (1);SB;2150710.00;1656235.61;8176334.84;8.33;3.79
MC;MC;2150710.00;1656235.61;8176334.84;3.79;-11.18
CG (1);CG;2150710.00;1656235.61;8176334.84;-11.18;-20.06
DEM (1);DEM;2150720.00;1656245.33;8176332.50;35.02;35.02
R (4);R;2150720.00;1656245.33;8176332.50;35.02;31.08
Aa (15);Aa;2150720.00;1656245.33;8176332.50;31.08;22.94
MIG (14);MIG;2150720.00;1656245.33;8176332.50;22.94;21.12
SO2 (2);SO2;2150720.00;1656245.33;8176332.50;21.12;8.11
SB (1);SB;2150720.00;1656245.33;8176332.50;8.11;3.54
MC;MC;2150720.00;1656245.33;8176332.50;3.54;-11.15
CG (1);CG;2150720.00;1656245.33;8176332.50;-11.15;-20.03
DEM (1);DEM;2150730.00;1656254.92;8176329.68;35.02;35.02
R (4);R;2150730.00;1656254.92;8176329.68;35.02;30.92
Aa (15);Aa;2150730.00;1656254.92;8176329.68;30.92;22.90
MIG (14);MIG;2150730.00;1656254.92;8176329.68;22.90;20.94
SO2 (2);SO2;2150730.00;1656254.92;8176329.68;20.94;7.89
SB (1);SB;2150730.00;1656254.92;8176329.68;7.89;3.36
MC;MC;2150730.00;1656254.92;8176329.68;3.36;-11.18
CG (1);CG;2150730.00;1656254.92;8176329.68;-11.18;-20.00
DEM (1);DEM;2150740.00;1656264.36;8176326.39;35.02;35.02
R (4);R;2150740.00;1656264.36;8176326.39;35.02;30.76
Aa (15);Aa;2150740.00;1656264.36;8176326.39;30.76;22.87
MIG (14);MIG;2150740.00;1656264.36;8176326.39;22.87;20.76
SO2 (2);SO2;2150740.00;1656264.36;8176326.39;20.76;7.69
SB (1);SB;2150740.00;1656264.36;8176326.39;7.69;3.17
MC;MC;2150740.00;1656264.36;8176326.39;3.17;-11.21
CG (1);CG;2150740.00;1656264.36;8176326.39;-11.21;-19.96
DEM (1);DEM;2150750.00;1656273.63;8176322.62;35.02;35.02
R (4);R;2150750.00;1656273.63;8176322.62;35.02;30.61
Aa (15);Aa;2150750.00;1656273.63;8176322.62;30.61;22.83
MIG (14);MIG;2150750.00;1656273.63;8176322.62;22.83;20.60
SO2 (2);SO2;2150750.00;1656273.63;8176322.62;20.60;7.58
SB (1);SB;2150750.00;1656273.63;8176322.62;7.58;2.99
MC;MC;2150750.00;1656273.63;8176322.62;2.99;-11.24
CG (1);CG;2150750.00;1656273.63;8176322.62;-11.24;-19.86
DEM (1);DEM;2150760.00;1656282.69;8176318.40;35.02;35.02
R (4);R;2150760.00;1656282.69;8176318.40;35.02;30.45
Aa (15);Aa;2150760.00;1656282.69;8176318.40;30.45;22.80
MIG (14);MIG;2150760.00;1656282.69;8176318.40;22.80;20.45
SO2 (2);SO2;2150760.00;1656282.69;8176318.40;20.45;7.47
SB (1);SB;2150760.00;1656282.69;8176318.40;7.47;2.84
MC;MC;2150760.00;1656282.69;8176318.40;2.84;-11.28
CG (1);CG;2150760.00;1656282.69;8176318.40;-11.28;-19.76
DEM (1);DEM;2150770.00;1656291.53;8176313.74;35.02;35.02
R (4);R;2150770.00;1656291.53;8176313.74;35.02;30.30
Aa (15);Aa;2150770.00;1656291.53;8176313.74;30.30;22.76
MIG (14);MIG;2150770.00;1656291.53;8176313.74;22.76;20.29
SO2 (2);SO2;2150770.00;1656291.53;8176313.74;20.29;7.36
SB (1);SB;2150770.00;1656291.53;8176313.74;7.36;2.71
MC;MC;2150770.00;1656291.53;8176313.74;2.71;-11.31
CG (1);CG;2150770.00;1656291.53;8176313.74;-11.31;-19.65
DEM (1);DEM;2150780.00;1656300.18;8176308.72;35.02;35.02
R (4);R;2150780.00;1656300.18;8176308.72;35.02;30.33
Am (3);Am;2150780.00;1656300.18;8176308.72;30.33;30.14
Aa (15);Aa;2150780.00;1656300.18;8176308.72;30.14;22.73
MIG (14);MIG;2150780.00;1656300.18;8176308.72;22.73;20.14
SO2 (2);SO2;2150780.00;1656300.18;8176308.72;20.14;7.27
SB (1);SB;2150780.00;1656300.18;8176308.72;7.27;2.58
MC;MC;2150780.00;1656300.18;8176308.72;2.58;-11.34
CG (1);CG;2150780.00;1656300.18;8176308.72;-11.34;-19.55
DEM (1);DEM;2150790.00;1656308.71;8176303.49;35.02;35.02
R (4);R;2150790.00;1656308.71;8176303.49;35.02;30.36
Am (3);Am;2150790.00;1656308.71;8176303.49;30.36;29.98
Aa (15);Aa;2150790.00;1656308.71;8176303.49;29.98;22.69
MIG (14);MIG;2150790.00;1656308.71;8176303.49;22.69;20.07
SO2 (2);SO2;2150790.00;1656308.71;8176303.49;20.07;7.20
SB (1);SB;2150790.00;1656308.71;8176303.49;7.20;2.55
MCA (1);MCA;2150790.00;1656308.71;8176303.49;2.55;2.51
MC;MC;2150790.00;1656308.71;8176303.49;2.51;-11.35
CG (1);CG;2150790.00;1656308.71;8176303.49;-11.35;-19.45
DEM (1);DEM;2150800.00;1656317.19;8176298.19;35.02;35.02
R (4);R;2150800.00;1656317.19;8176298.19;35.02;30.40
Am (3);Am;2150800.00;1656317.19;8176298.19;30.40;29.83
Aa (15);Aa;2150800.00;1656317.19;8176298.19;29.83;22.65
MIG (14);MIG;2150800.00;1656317.19;8176298.19;22.65;20.05
SO2 (2);SO2;2150800.00;1656317.19;8176298.19;20.05;7.24
SB (1);SB;2150800.00;1656317.19;8176298.19;7.24;2.53
MCA (1);MCA;2150800.00;1656317.19;8176298.19;2.53;2.40
MC;MC;2150800.00;1656317.19;8176298.19;2.40;-11.37
CG (1);CG;2150800.00;1656317.19;8176298.19;-11.37;-19.35
DEM (1);DEM;2150810.00;1656325.67;8176292.89;35.02;35.02
R (4);R;2150810.00;1656325.67;8176292.89;35.02;30.43
Am (3);Am;2150810.00;1656325.67;8176292.89;30.43;29.67
Aa (15);Aa;2150810.00;1656325.67;8176292.89;29.67;22.62
MIG (14);MIG;2150810.00;1656325.67;8176292.89;22.62;20.03
SO2 (2);SO2;2150810.00;1656325.67;8176292.89;20.03;7.29
SB (1);SB;2150810.00;1656325.67;8176292.89;7.29;2.51
MCA (1);MCA;2150810.00;1656325.67;8176292.89;2.51;2.29
MC;MC;2150810.00;1656325.67;8176292.89;2.29;-11.39
CG (1);CG;2150810.00;1656325.67;8176292.89;-11.39;-19.25
DEM (1);DEM;2150820.00;1656334.15;8176287.60;35.02;35.02
R (4);R;2150820.00;1656334.15;8176287.60;35.02;30.47
Am (3);Am;2150820.00;1656334.15;8176287.60;30.47;29.58
Aa (15);Aa;2150820.00;1656334.15;8176287.60;29.58;22.63
MIG (14);MIG;2150820.00;1656334.15;8176287.60;22.63;20.07
SO2 (2);SO2;2150820.00;1656334.15;8176287.60;20.07;7.40
SB (1);SB;2150820.00;1656334.15;8176287.60;7.40;2.58
MCA (1);MCA;2150820.00;1656334.15;8176287.60;2.58;2.31
MC;MC;2150820.00;1656334.15;8176287.60;2.31;-11.33
CG (1);CG;2150820.00;1656334.15;8176287.60;-11.33;-19.15
DEM (1);DEM;2150830.00;1656342.63;8176282.30;35.02;35.02
R (4);R;2150830.00;1656342.63;8176282.30;35.02;30.50
Am (3);Am;2150830.00;1656342.63;8176282.30;30.50;29.55
Aa (15);Aa;2150830.00;1656342.63;8176282.30;29.55;22.68
MIG (14);MIG;2150830.00;1656342.63;8176282.30;22.68;20.15
SO2 (2);SO2;2150830.00;1656342.63;8176282.30;20.15;7.57
SB (1);SB;2150830.00;1656342.63;8176282.30;7.57;2.72
MCA (1);MCA;2150830.00;1656342.63;8176282.30;2.72;2.41
MC;MC;2150830.00;1656342.63;8176282.30;2.41;-11.23
CG (1);CG;2150830.00;1656342.63;8176282.30;-11.23;-19.04
DEM (1);DEM;2150840.00;1656351.11;8176277.00;35.02;35.02
R (4);R;2150840.00;1656351.11;8176277.00;35.02;30.53
Am (3);Am;2150840.00;1656351.11;8176277.00;30.53;29.52
Aa (15);Aa;2150840.00;1656351.11;8176277.00;29.52;22.72
MIG (14);MIG;2150840.00;1656351.11;8176277.00;22.72;20.23
SO2 (2);SO2;2150840.00;1656351.11;8176277.00;20.23;7.75
SB (1);SB;2150840.00;1656351.11;8176277.00;7.75;2.85
MCA (1);MCA;2150840.00;1656351.11;8176277.00;2.85;2.56
MC;MC;2150840.00;1656351.11;8176277.00;2.56;-11.14
CG (1);CG;2150840.00;1656351.11;8176277.00;-11.14;-18.94
DEM (1);DEM;2150850.00;1656359.59;8176271.70;35.02;35.02
R (4);R;2150850.00;1656359.59;8176271.70;35.02;30.57
Am (3);Am;2150850.00;1656359.59;8176271.70;30.57;29.48
Aa (15);Aa;2150850.00;1656359.59;8176271.70;29.48;22.77
MIG (14);MIG;2150850.00;1656359.59;8176271.70;22.77;20.43
SO2 (2);SO2;2150850.00;1656359.59;8176271.70;20.43;8.00
SB (1);SB;2150850.00;1656359.59;8176271.70;8.00;3.12
MCA (1);MCA;2150850.00;1656359.59;8176271.70;3.12;2.71
MC;MC;2150850.00;1656359.59;8176271.70;2.71;-10.98
CG (1);CG;2150850.00;1656359.59;8176271.70;-10.98;-18.84
DEM (1);DEM;2150860.00;1656368.08;8176266.40;35.02;35.02
R (4);R;2150860.00;1656368.08;8176266.40;35.02;30.60
Am (3);Am;2150860.00;1656368.08;8176266.40;30.60;29.49
Aa (15);Aa;2150860.00;1656368.08;8176266.40;29.49;22.82
MIG (14);MIG;2150860.00;1656368.08;8176266.40;22.82;20.73
SO2 (2);SO2;2150860.00;1656368.08;8176266.40;20.73;8.25
SB (1);SB;2150860.00;1656368.08;8176266.40;8.25;3.41
MCA (1);MCA;2150860.00;1656368.08;8176266.40;3.41;3.03
MC;MC;2150860.00;1656368.08;8176266.40;3.03;-10.76
CG (1);CG;2150860.00;1656368.08;8176266.40;-10.76;-18.74
DEM (1);DEM;2150870.00;1656376.56;8176261.11;35.02;35.02
R (4);R;2150870.00;1656376.56;8176261.11;35.02;30.64
Am (3);Am;2150870.00;1656376.56;8176261.11;30.64;29.53
Aa (15);Aa;2150870.00;1656376.56;8176261.11;29.53;22.86
MIG (14);MIG;2150870.00;1656376.56;8176261.11;22.86;21.02
SO2 (2);SO2;2150870.00;1656376.56;8176261.11;21.02;8.54
SB (1);SB;2150870.00;1656376.56;8176261.11;8.54;3.70
MCA (1);MCA;2150870.00;1656376.56;8176261.11;3.70;3.39
MC;MC;2150870.00;1656376.56;8176261.11;3.39;-10.53
CG (1);CG;2150870.00;1656376.56;8176261.11;-10.53;-18.64
DEM (1);DEM;2150880.00;1656385.04;8176255.81;35.02;35.02
R (4);R;2150880.00;1656385.04;8176255.81;35.02;30.67
Am (3);Am;2150880.00;1656385.04;8176255.81;30.67;29.56
Aa (15);Aa;2150880.00;1656385.04;8176255.81;29.56;22.91
MIG (14);MIG;2150880.00;1656385.04;8176255.81;22.91;21.32
SO2 (2);SO2;2150880.00;1656385.04;8176255.81;21.32;8.83
SB (1);SB;2150880.00;1656385.04;8176255.81;8.83;4.00
MCA (1);MCA;2150880.00;1656385.04;8176255.81;4.00;3.69
MC;MC;2150880.00;1656385.04;8176255.81;3.69;-10.31
CG (1);CG;2150880.00;1656385.04;8176255.81;-10.31;-18.54
DEM (1);DEM;2150890.00;1656393.52;8176250.51;35.02;35.02
R (4);R;2150890.00;1656393.52;8176250.51;35.02;30.71
Am (3);Am;2150890.00;1656393.52;8176250.51;30.71;29.59
Aa (15);Aa;2150890.00;1656393.52;8176250.51;29.59;22.96
MIG (14);MIG;2150890.00;1656393.52;8176250.51;22.96;21.64
SO2 (2);SO2;2150890.00;1656393.52;8176250.51;21.64;9.13
SB (1);SB;2150890.00;1656393.52;8176250.51;9.13;4.32
MCA (1);MCA;2150890.00;1656393.52;8176250.51;4.32;3.94
MC;MC;2150890.00;1656393.52;8176250.51;3.94;-10.08
CG (1);CG;2150890.00;1656393.52;8176250.51;-10.08;-18.43
DEM (1);DEM;2150900.00;1656402.00;8176245.21;35.02;35.02
R (4);R;2150900.00;1656402.00;8176245.21;35.02;30.74
Am (3);Am;2150900.00;1656402.00;8176245.21;30.74;29.63
Aa (15);Aa;2150900.00;1656402.00;8176245.21;29.63;23.06
MIG (14);MIG;2150900.00;1656402.00;8176245.21;23.06;21.96
SO2 (2);SO2;2150900.00;1656402.00;8176245.21;21.96;9.42
SB (1);SB;2150900.00;1656402.00;8176245.21;9.42;4.64
MCA (1);MCA;2150900.00;1656402.00;8176245.21;4.64;4.07
MC;MC;2150900.00;1656402.00;8176245.21;4.07;-9.85
CG (1);CG;2150900.00;1656402.00;8176245.21;-9.85;-18.33
DEM (1);DEM;2150910.00;1656410.48;8176239.91;35.02;35.02
R (4);R;2150910.00;1656410.48;8176239.91;35.02;30.78
Am (3);Am;2150910.00;1656410.48;8176239.91;30.78;29.66
Aa (15);Aa;2150910.00;1656410.48;8176239.91;29.66;23.15
MIG (14);MIG;2150910.00;1656410.48;8176239.91;23.15;22.28
SO2 (2);SO2;2150910.00;1656410.48;8176239.91;22.28;9.72
SB (1);SB;2150910.00;1656410.48;8176239.91;9.72;4.97
MCA (1);MCA;2150910.00;1656410.48;8176239.91;4.97;4.00
MC;MC;2150910.00;1656410.48;8176239.91;4.00;-9.63
CG (1);CG;2150910.00;1656410.48;8176239.91;-9.63;-18.23
DEM (1);DEM;2150920.00;1656418.96;8176234.62;35.02;35.02
R (4);R;2150920.00;1656418.96;8176234.62;35.02;30.81
Am (3);Am;2150920.00;1656418.96;8176234.62;30.81;29.69
Aa (15);Aa;2150920.00;1656418.96;8176234.62;29.69;23.25
MIG (14);MIG;2150920.00;1656418.96;8176234.62;23.25;22.57
SO2 (2);SO2;2150920.00;1656418.96;8176234.62;22.57;10.01
SB (1);SB;2150920.00;1656418.96;8176234.62;10.01;5.31
MCA (1);MCA;2150920.00;1656418.96;8176234.62;5.31;3.72
MC;MC;2150920.00;1656418.96;8176234.62;3.72;-9.40
CG (1);CG;2150920.00;1656418.96;8176234.62;-9.40;-18.13
DEM (1);DEM;2150930.00;1656427.44;8176229.32;35.02;35.02
R (4);R;2150930.00;1656427.44;8176229.32;35.02;30.85
Am (3);Am;2150930.00;1656427.44;8176229.32;30.85;29.73
Aa (15);Aa;2150930.00;1656427.44;8176229.32;29.73;23.34
MIG (14);MIG;2150930.00;1656427.44;8176229.32;23.34;22.81
SO2 (2);SO2;2150930.00;1656427.44;8176229.32;22.81;10.31
SB (1);SB;2150930.00;1656427.44;8176229.32;10.31;5.65
MCA (1);MCA;2150930.00;1656427.44;8176229.32;5.65;3.24
MC;MC;2150930.00;1656427.44;8176229.32;3.24;-9.16
CG (1);CG;2150930.00;1656427.44;8176229.32;-9.16;-18.03
DEM (1);DEM;2150940.00;1656435.93;8176224.02;35.02;35.02
R (4);R;2150940.00;1656435.93;8176224.02;35.02;30.88
Am (3);Am;2150940.00;1656435.93;8176224.02;30.88;29.79
Aa (15);Aa;2150940.00;1656435.93;8176224.02;29.79;23.43
MIG (14);MIG;2150940.00;1656435.93;8176224.02;23.43;23.06
SO2 (2);SO2;2150940.00;1656435.93;8176224.02;23.06;10.61
SB (1);SB;2150940.00;1656435.93;8176224.02;10.61;5.94
MCA (1);MCA;2150940.00;1656435.93;8176224.02;5.94;2.62
MC;MC;2150940.00;1656435.93;8176224.02;2.62;-8.90
CG (1);CG;2150940.00;1656435.93;8176224.02;-8.90;-17.93
DEM (1);DEM;2150950.00;1656444.41;8176218.72;35.02;35.02
R (4);R;2150950.00;1656444.41;8176218.72;35.02;30.91
Am (3);Am;2150950.00;1656444.41;8176218.72;30.91;29.84
Aa (15);Aa;2150950.00;1656444.41;8176218.72;29.84;23.53
MIG (14);MIG;2150950.00;1656444.41;8176218.72;23.53;23.27
SO2 (2);SO2;2150950.00;1656444.41;8176218.72;23.27;10.91
SB (1);SB;2150950.00;1656444.41;8176218.72;10.91;6.22
MCA (1);MCA;2150950.00;1656444.41;8176218.72;6.22;2.03
MC;MC;2150950.00;1656444.41;8176218.72;2.03;-8.65
CG (1);CG;2150950.00;1656444.41;8176218.72;-8.65;-17.83
DEM (1);DEM;2150960.00;1656452.89;8176213.42;35.02;35.02
R (4);R;2150960.00;1656452.89;8176213.42;35.02;30.95
Am (3);Am;2150960.00;1656452.89;8176213.42;30.95;29.90
Aa (15);Aa;2150960.00;1656452.89;8176213.42;29.90;23.62
MIG (14);MIG;2150960.00;1656452.89;8176213.42;23.62;23.42
SO2 (2);SO2;2150960.00;1656452.89;8176213.42;23.42;11.20
SB (1);SB;2150960.00;1656452.89;8176213.42;11.20;6.49
MCA (1);MCA;2150960.00;1656452.89;8176213.42;6.49;1.51
MC;MC;2150960.00;1656452.89;8176213.42;1.51;-8.40
CG (1);CG;2150960.00;1656452.89;8176213.42;-8.40;-17.72
DEM (1);DEM;2150970.00;1656461.37;8176208.13;35.02;35.02
R (4);R;2150970.00;1656461.37;8176208.13;35.02;30.98
Am (3);Am;2150970.00;1656461.37;8176208.13;30.98;29.95
Aa (15);Aa;2150970.00;1656461.37;8176208.13;29.95;23.72
MIG (14);MIG;2150970.00;1656461.37;8176208.13;23.72;23.56
SO2 (2);SO2;2150970.00;1656461.37;8176208.13;23.56;11.43
SB (1);SB;2150970.00;1656461.37;8176208.13;11.43;6.81
MCA (1);MCA;2150970.00;1656461.37;8176208.13;6.81;1.19
MC;MC;2150970.00;1656461.37;8176208.13;1.19;-8.21
CG (1);CG;2150970.00;1656461.37;8176208.13;-8.21;-17.62
DEM (1);DEM;2150980.00;1656469.85;8176202.83;35.02;35.02
R (4);R;2150980.00;1656469.85;8176202.83;35.02;31.02
Am (3);Am;2150980.00;1656469.85;8176202.83;31.02;30.01
Aa (15);Aa;2150980.00;1656469.85;8176202.83;30.01;23.77
MIG (14);MIG;2150980.00;1656469.85;8176202.83;23.77;23.71
SO2 (2);SO2;2150980.00;1656469.85;8176202.83;23.71;11.63
SB (1);SB;2150980.00;1656469.85;8176202.83;11.63;7.13
MCA (1);MCA;2150980.00;1656469.85;8176202.83;7.13;0.92
MC;MC;2150980.00;1656469.85;8176202.83;0.92;-8.02
CG (1);CG;2150980.00;1656469.85;8176202.83;-8.02;-17.52
DEM (1);DEM;2150990.00;1656478.33;8176197.53;35.02;35.02
R (4);R;2150990.00;1656478.33;8176197.53;35.02;31.05
Am (3);Am;2150990.00;1656478.33;8176197.53;31.05;30.06
Aa (15);Aa;2150990.00;1656478.33;8176197.53;30.06;23.76
SO2 (2);SO2;2150990.00;1656478.33;8176197.53;23.76;11.80
SB (1);SB;2150990.00;1656478.33;8176197.53;11.80;7.34
MCA (1);MCA;2150990.00;1656478.33;8176197.53;7.34;0.68
MC;MC;2150990.00;1656478.33;8176197.53;0.68;-7.83
CG (1);CG;2150990.00;1656478.33;8176197.53;-7.83;-17.45
DEM (1);DEM;2151000.00;1656486.75;8176192.14;35.02;35.02
R (4);R;2151000.00;1656486.75;8176192.14;35.02;31.09
Am (3);Am;2151000.00;1656486.75;8176192.14;31.09;30.12
Aa (15);Aa;2151000.00;1656486.75;8176192.14;30.12;23.78
SO2 (2);SO2;2151000.00;1656486.75;8176192.14;23.78;11.92
SB (1);SB;2151000.00;1656486.75;8176192.14;11.92;7.55
MCA (1);MCA;2151000.00;1656486.75;8176192.14;7.55;0.44
MC;MC;2151000.00;1656486.75;8176192.14;0.44;-7.64
CG (1);CG;2151000.00;1656486.75;8176192.14;-7.64;-17.47
DEM (1);DEM;2151010.00;1656495.04;8176186.54;35.02;35.02
R (4);R;2151010.00;1656495.04;8176186.54;35.02;31.12
Am (3);Am;2151010.00;1656495.04;8176186.54;31.12;30.16
Aa (15);Aa;2151010.00;1656495.04;8176186.54;30.16;23.79
SO2 (2);SO2;2151010.00;1656495.04;8176186.54;23.79;11.99
SB (1);SB;2151010.00;1656495.04;8176186.54;11.99;7.70
MCA (1);MCA;2151010.00;1656495.04;8176186.54;7.70;0.31
MC;MC;2151010.00;1656495.04;8176186.54;0.31;-7.52
CG (1);CG;2151010.00;1656495.04;8176186.54;-7.52;-17.49
DEM (1);DEM;2151020.00;1656503.07;8176180.59;35.02;35.02
R (4);R;2151020.00;1656503.07;8176180.59;35.02;31.14
Am (3);Am;2151020.00;1656503.07;8176180.59;31.14;30.18
Aa (15);Aa;2151020.00;1656503.07;8176180.59;30.18;23.80
SO2 (2);SO2;2151020.00;1656503.07;8176180.59;23.80;12.03
SB (1);SB;2151020.00;1656503.07;8176180.59;12.03;7.81
MCA (1);MCA;2151020.00;1656503.07;8176180.59;7.81;0.25
MC;MC;2151020.00;1656503.07;8176180.59;0.25;-7.45
CG (1);CG;2151020.00;1656503.07;8176180.59;-7.45;-17.52
DEM (1);DEM;2151030.00;1656510.80;8176174.25;35.02;35.02
R (4);R;2151030.00;1656510.80;8176174.25;35.02;31.17
Am (3);Am;2151030.00;1656510.80;8176174.25;31.17;30.21
Aa (15);Aa;2151030.00;1656510.80;8176174.25;30.21;23.82
SO2 (2);SO2;2151030.00;1656510.80;8176174.25;23.82;11.98
SB (1);SB;2151030.00;1656510.80;8176174.25;11.98;7.84
MCA (1);MCA;2151030.00;1656510.80;8176174.25;7.84;0.20
MC;MC;2151030.00;1656510.80;8176174.25;0.20;-7.38
CG (1);CG;2151030.00;1656510.80;8176174.25;-7.38;-17.54
DEM (1);DEM;2151040.00;1656518.21;8176167.53;35.02;35.02
R (4);R;2151040.00;1656518.21;8176167.53;35.02;31.19
Am (3);Am;2151040.00;1656518.21;8176167.53;31.19;30.23
Aa (15);Aa;2151040.00;1656518.21;8176167.53;30.23;23.83
SO2 (2);SO2;2151040.00;1656518.21;8176167.53;23.83;11.90
SB (1);SB;2151040.00;1656518.21;8176167.53;11.90;7.87
MCA (1);MCA;2151040.00;1656518.21;8176167.53;7.87;0.13
MC;MC;2151040.00;1656518.21;8176167.53;0.13;-7.32
CG (1);CG;2151040.00;1656518.21;8176167.53;-7.32;-17.57
DEM (1);DEM;2151050.00;1656525.27;8176160.45;35.02;35.02
R (4);R;2151050.00;1656525.27;8176160.45;35.02;31.22
Am (3);Am;2151050.00;1656525.27;8176160.45;31.22;30.25
Aa (15);Aa;2151050.00;1656525.27;8176160.45;30.25;23.84
SO2 (2);SO2;2151050.00;1656525.27;8176160.45;23.84;11.79
SB (1);SB;2151050.00;1656525.27;8176160.45;11.79;7.85
MCA (1);MCA;2151050.00;1656525.27;8176160.45;7.85;0.01
MC;MC;2151050.00;1656525.27;8176160.45;0.01;-7.28
CG (1);CG;2151050.00;1656525.27;8176160.45;-7.28;-17.59
DEM (1);DEM;2151060.00;1656531.96;8176153.02;35.02;35.02
R (4);R;2151060.00;1656531.96;8176153.02;35.02;31.25
Am (3);Am;2151060.00;1656531.96;8176153.02;31.25;30.23
Aa (15);Aa;2151060.00;1656531.96;8176153.02;30.23;23.86
SO2 (2);SO2;2151060.00;1656531.96;8176153.02;23.86;11.65
SB (1);SB;2151060.00;1656531.96;8176153.02;11.65;7.76
MCA (1);MCA;2151060.00;1656531.96;8176153.02;7.76;-0.20
MC;MC;2151060.00;1656531.96;8176153.02;-0.20;-7.28
CG (1);CG;2151060.00;1656531.96;8176153.02;-7.28;-17.61
DEM (1);DEM;2151070.00;1656538.28;8176145.27;35.02;35.02
R (4);R;2151070.00;1656538.28;8176145.27;35.02;31.27
Am (3);Am;2151070.00;1656538.28;8176145.27;31.27;30.21
Aa (15);Aa;2151070.00;1656538.28;8176145.27;30.21;23.87
SO2 (2);SO2;2151070.00;1656538.28;8176145.27;23.87;11.46
SB (1);SB;2151070.00;1656538.28;8176145.27;11.46;7.67
MCA (1);MCA;2151070.00;1656538.28;8176145.27;7.67;-0.42
MC;MC;2151070.00;1656538.28;8176145.27;-0.42;-7.27
CG (1);CG;2151070.00;1656538.28;8176145.27;-7.27;-17.64
DEM (1);DEM;2151080.00;1656544.20;8176137.21;35.02;35.02
R (4);R;2151080.00;1656544.20;8176137.21;35.02;31.30
Am (3);Am;2151080.00;1656544.20;8176137.21;31.30;30.19
Aa (15);Aa;2151080.00;1656544.20;8176137.21;30.19;23.88
SO2 (2);SO2;2151080.00;1656544.20;8176137.21;23.88;11.27
SB (1);SB;2151080.00;1656544.20;8176137.21;11.27;7.58
MCA (1);MCA;2151080.00;1656544.20;8176137.21;7.58;-0.63
MC;MC;2151080.00;1656544.20;8176137.21;-0.63;-7.29
CG (1);CG;2151080.00;1656544.20;8176137.21;-7.29;-17.66
DEM (1);DEM;2151090.00;1656549.72;8176128.87;35.02;35.02
R (4);R;2151090.00;1656549.72;8176128.87;35.02;31.32
Am (3);Am;2151090.00;1656549.72;8176128.87;31.32;30.18
Aa (15);Aa;2151090.00;1656549.72;8176128.87;30.18;23.87
MIG (15);MIG;2151090.00;1656549.72;8176128.87;23.87;23.74
SO2 (2);SO2;2151090.00;1656549.72;8176128.87;23.74;11.07
SB (1);SB;2151090.00;1656549.72;8176128.87;11.07;7.42
MCA (1);MCA;2151090.00;1656549.72;8176128.87;7.42;-0.85
MC;MC;2151090.00;1656549.72;8176128.87;-0.85;-7.40
CG (1);CG;2151090.00;1656549.72;8176128.87;-7.40;-17.68
DEM (1);DEM;2151100.00;1656554.80;8176120.26;35.02;35.02
R (4);R;2151100.00;1656554.80;8176120.26;35.02;31.35
Am (3);Am;2151100.00;1656554.80;8176120.26;31.35;30.18
Aa (15);Aa;2151100.00;1656554.80;8176120.26;30.18;23.86
MIG (15);MIG;2151100.00;1656554.80;8176120.26;23.86;23.53
SO2 (2);SO2;2151100.00;1656554.80;8176120.26;23.53;10.86
SB (1);SB;2151100.00;1656554.80;8176120.26;10.86;7.20
MCA (1);MCA;2151100.00;1656554.80;8176120.26;7.20;-1.07
MC;MC;2151100.00;1656554.80;8176120.26;-1.07;-7.50
CG (1);CG;2151100.00;1656554.80;8176120.26;-7.50;-17.71
DEM (1);DEM;2151110.00;1656559.45;8176111.41;35.02;35.02
R (4);R;2151110.00;1656559.45;8176111.41;35.02;31.37
Am (3);Am;2151110.00;1656559.45;8176111.41;31.37;30.18
Aa (15);Aa;2151110.00;1656559.45;8176111.41;30.18;23.84
MIG (15);MIG;2151110.00;1656559.45;8176111.41;23.84;23.33
SO2 (2);SO2;2151110.00;1656559.45;8176111.41;23.33;10.66
SB (1);SB;2151110.00;1656559.45;8176111.41;10.66;6.98
MCA (1);MCA;2151110.00;1656559.45;8176111.41;6.98;-1.37
MC;MC;2151110.00;1656559.45;8176111.41;-1.37;-7.60
CG (1);CG;2151110.00;1656559.45;8176111.41;-7.60;-17.73
DEM (1);DEM;2151120.00;1656563.66;8176102.34;35.02;35.02
R (4);R;2151120.00;1656563.66;8176102.34;35.02;31.40
Am (3);Am;2151120.00;1656563.66;8176102.34;31.40;30.18
Aa (15);Aa;2151120.00;1656563.66;8176102.34;30.18;23.82
MIG (15);MIG;2151120.00;1656563.66;8176102.34;23.82;23.11
SO2 (2);SO2;2151120.00;1656563.66;8176102.34;23.11;10.42
SB (1);SB;2151120.00;1656563.66;8176102.34;10.42;6.75
MCA (1);MCA;2151120.00;1656563.66;8176102.34;6.75;-1.67
MC;MC;2151120.00;1656563.66;8176102.34;-1.67;-7.89
CG (1);CG;2151120.00;1656563.66;8176102.34;-7.89;-17.91
DEM (1);DEM;2151130.00;1656567.40;8176093.07;35.02;35.02
R (4);R;2151130.00;1656567.40;8176093.07;35.02;31.43
Am (3);Am;2151130.00;1656567.40;8176093.07;31.43;30.18
Aa (15);Aa;2151130.00;1656567.40;8176093.07;30.18;23.81
MIG (15);MIG;2151130.00;1656567.40;8176093.07;23.81;22.85
SO2 (2);SO2;2151130.00;1656567.40;8176093.07;22.85;10.10
SB (1);SB;2151130.00;1656567.40;8176093.07;10.10;6.48
MCA (1);MCA;2151130.00;1656567.40;8176093.07;6.48;-1.97
MC;MC;2151130.00;1656567.40;8176093.07;-1.97;-8.18
CG (1);CG;2151130.00;1656567.40;8176093.07;-8.18;-18.35
DEM (1);DEM;2151140.00;1656570.68;8176083.62;35.02;35.02
R (4);R;2151140.00;1656570.68;8176083.62;35.02;31.45
Am (3);Am;2151140.00;1656570.68;8176083.62;31.45;30.17
Aa (15);Aa;2151140.00;1656570.68;8176083.62;30.17;23.79
MIG (15);MIG;2151140.00;1656570.68;8176083.62;23.79;22.59
SO2 (2);SO2;2151140.00;1656570.68;8176083.62;22.59;9.82
SB (1);SB;2151140.00;1656570.68;8176083.62;9.82;6.20
MCA (1);MCA;2151140.00;1656570.68;8176083.62;6.20;-2.27
MC;MC;2151140.00;1656570.68;8176083.62;-2.27;-8.48
CG (1);CG;2151140.00;1656570.68;8176083.62;-8.48;-18.80
DEM (1);DEM;2151150.00;1656573.48;8176074.02;35.02;35.02
R (4);R;2151150.00;1656573.48;8176074.02;35.02;31.47
Am (3);Am;2151150.00;1656573.48;8176074.02;31.47;30.17
Aa (15);Aa;2151150.00;1656573.48;8176074.02;30.17;23.76
MIG (15);MIG;2151150.00;1656573.48;8176074.02;23.76;22.31
SO2 (2);SO2;2151150.00;1656573.48;8176074.02;22.31;9.52
SB (1);SB;2151150.00;1656573.48;8176074.02;9.52;5.90
MCA (1);MCA;2151150.00;1656573.48;8176074.02;5.90;-2.56
MC;MC;2151150.00;1656573.48;8176074.02;-2.56;-8.77
CG (1);CG;2151150.00;1656573.48;8176074.02;-8.77;-19.25
DEM (1);DEM;2151160.00;1656575.80;8176064.29;35.02;35.02
R (4);R;2151160.00;1656575.80;8176064.29;35.02;31.45
Am (3);Am;2151160.00;1656575.80;8176064.29;31.45;30.18
Aa (15);Aa;2151160.00;1656575.80;8176064.29;30.18;23.71
MIG (15);MIG;2151160.00;1656575.80;8176064.29;23.71;21.92
SO2 (2);SO2;2151160.00;1656575.80;8176064.29;21.92;9.21
SB (1);SB;2151160.00;1656575.80;8176064.29;9.21;5.40
MCA (1);MCA;2151160.00;1656575.80;8176064.29;5.40;-2.84
MC;MC;2151160.00;1656575.80;8176064.29;-2.84;-9.08
CG (1);CG;2151160.00;1656575.80;8176064.29;-9.08;-19.69
DEM (1);DEM;2151170.00;1656577.62;8176054.46;35.02;35.02
R (4);R;2151170.00;1656577.62;8176054.46;35.02;31.43
Am (3);Am;2151170.00;1656577.62;8176054.46;31.43;30.18
Aa (15);Aa;2151170.00;1656577.62;8176054.46;30.18;23.65
MIG (15);MIG;2151170.00;1656577.62;8176054.46;23.65;21.52
SO2 (2);SO2;2151170.00;1656577.62;8176054.46;21.52;8.90
SB (1);SB;2151170.00;1656577.62;8176054.46;8.90;4.91
MCA (1);MCA;2151170.00;1656577.62;8176054.46;4.91;-3.12
MC;MC;2151170.00;1656577.62;8176054.46;-3.12;-9.38
CG (1);CG;2151170.00;1656577.62;8176054.46;-9.38;-20.14
DEM (1);DEM;2151180.00;1656578.97;8176044.56;35.02;35.02
R (4);R;2151180.00;1656578.97;8176044.56;35.02;31.41
Am (3);Am;2151180.00;1656578.97;8176044.56;31.41;30.19
Aa (15);Aa;2151180.00;1656578.97;8176044.56;30.19;23.59
MIG (15);MIG;2151180.00;1656578.97;8176044.56;23.59;21.05
SO2 (2);SO2;2151180.00;1656578.97;8176044.56;21.05;8.59
SB (1);SB;2151180.00;1656578.97;8176044.56;8.59;4.41
MCA (1);MCA;2151180.00;1656578.97;8176044.56;4.41;-3.39
MC;MC;2151180.00;1656578.97;8176044.56;-3.39;-9.68
CG (1);CG;2151180.00;1656578.97;8176044.56;-9.68;-20.59
DEM (1);DEM;2151190.00;1656579.96;8176034.61;35.02;35.02
R (4);R;2151190.00;1656579.96;8176034.61;35.02;31.39
Am (3);Am;2151190.00;1656579.96;8176034.61;31.39;30.19
Aa (15);Aa;2151190.00;1656579.96;8176034.61;30.19;23.51
MIG (15);MIG;2151190.00;1656579.96;8176034.61;23.51;20.56
SO2 (2);SO2;2151190.00;1656579.96;8176034.61;20.56;8.20
SB (1);SB;2151190.00;1656579.96;8176034.61;8.20;3.92
MCA (1);MCA;2151190.00;1656579.96;8176034.61;3.92;-3.67
MC;MC;2151190.00;1656579.96;8176034.61;-3.67;-10.01
CG (1);CG;2151190.00;1656579.96;8176034.61;-10.01;-21.03
DEM (1);DEM;2151200.00;1656580.76;8176024.64;35.02;35.02
R (4);R;2151200.00;1656580.76;8176024.64;35.02;31.37
Am (3);Am;2151200.00;1656580.76;8176024.64;31.37;30.19
Aa (15);Aa;2151200.00;1656580.76;8176024.64;30.19;23.42
MIG (15);MIG;2151200.00;1656580.76;8176024.64;23.42;20.06
SO2 (2);SO2;2151200.00;1656580.76;8176024.64;20.06;7.80
SB (1);SB;2151200.00;1656580.76;8176024.64;7.80;3.42
MCA (1);MCA;2151200.00;1656580.76;8176024.64;3.42;-3.94
MC;MC;2151200.00;1656580.76;8176024.64;-3.94;-10.46
CG (1);CG;2151200.00;1656580.76;8176024.64;-10.46;-21.48
DEM (1);DEM;2151210.00;1656581.52;8176014.67;35.02;35.02
R (4);R;2151210.00;1656581.52;8176014.67;35.02;31.36
Am (3);Am;2151210.00;1656581.52;8176014.67;31.36;30.20
Aa (15);Aa;2151210.00;1656581.52;8176014.67;30.20;23.32
MIG (15);MIG;2151210.00;1656581.52;8176014.67;23.32;19.58
SO2 (2);SO2;2151210.00;1656581.52;8176014.67;19.58;7.44
SB (1);SB;2151210.00;1656581.52;8176014.67;7.44;3.03
MCA (1);MCA;2151210.00;1656581.52;8176014.67;3.03;-4.22
MC;MC;2151210.00;1656581.52;8176014.67;-4.22;-10.90
CG (1);CG;2151210.00;1656581.52;8176014.67;-10.90;-21.92
DEM (1);DEM;2151220.00;1656582.27;8176004.70;35.02;35.02
R (4);R;2151220.00;1656582.27;8176004.70;35.02;31.34
Am (3);Am;2151220.00;1656582.27;8176004.70;31.34;30.20
Aa (15);Aa;2151220.00;1656582.27;8176004.70;30.20;23.24
MIG (15);MIG;2151220.00;1656582.27;8176004.70;23.24;19.18
SO2 (2);SO2;2151220.00;1656582.27;8176004.70;19.18;7.09
SB (1);SB;2151220.00;1656582.27;8176004.70;7.09;2.69
MCA (1);MCA;2151220.00;1656582.27;8176004.70;2.69;-4.50
MC;MC;2151220.00;1656582.27;8176004.70;-4.50;-11.33
CG (1);CG;2151220.00;1656582.27;8176004.70;-11.33;-22.37
DEM (1);DEM;2151230.00;1656583.02;8175994.72;35.02;35.02
R (4);R;2151230.00;1656583.02;8175994.72;35.02;31.32
Am (3);Am;2151230.00;1656583.02;8175994.72;31.32;30.20
Aa (15);Aa;2151230.00;1656583.02;8175994.72;30.20;23.18
MIG (15);MIG;2151230.00;1656583.02;8175994.72;23.18;18.87
SO2 (2);SO2;2151230.00;1656583.02;8175994.72;18.87;6.88
SB (1);SB;2151230.00;1656583.02;8175994.72;6.88;2.55
MCA (1);MCA;2151230.00;1656583.02;8175994.72;2.55;-4.77
MC;MC;2151230.00;1656583.02;8175994.72;-4.77;-11.73
CG (1);CG;2151230.00;1656583.02;8175994.72;-11.73;-22.82
DEM (1);DEM;2151240.00;1656583.77;8175984.75;35.02;35.02
R (4);R;2151240.00;1656583.77;8175984.75;35.02;31.30
Am (3);Am;2151240.00;1656583.77;8175984.75;31.30;30.21
Aa (15);Aa;2151240.00;1656583.77;8175984.75;30.21;23.12
MIG (15);MIG;2151240.00;1656583.77;8175984.75;23.12;18.58
SO2 (2);SO2;2151240.00;1656583.77;8175984.75;18.58;6.68
SB (1);SB;2151240.00;1656583.77;8175984.75;6.68;2.42
MCA (1);MCA;2151240.00;1656583.77;8175984.75;2.42;-5.05
MC;MC;2151240.00;1656583.77;8175984.75;-5.05;-12.03
CG (1);CG;2151240.00;1656583.77;8175984.75;-12.03;-23.26
DEM (1);DEM;2151250.00;1656584.53;8175974.78;35.02;35.02
R (4);R;2151250.00;1656584.53;8175974.78;35.02;31.27
Am (3);Am;2151250.00;1656584.53;8175974.78;31.27;30.25
Aa (15);Aa;2151250.00;1656584.53;8175974.78;30.25;23.10
MIG (15);MIG;2151250.00;1656584.53;8175974.78;23.10;18.47
SO2 (2);SO2;2151250.00;1656584.53;8175974.78;18.47;6.55
SB (1);SB;2151250.00;1656584.53;8175974.78;6.55;2.43
MCA (1);MCA;2151250.00;1656584.53;8175974.78;2.43;-5.33
MC;MC;2151250.00;1656584.53;8175974.78;-5.33;-12.16
CG (1);CG;2151250.00;1656584.53;8175974.78;-12.16;-23.71
DEM (1);DEM;2151260.00;1656585.28;8175964.81;35.02;35.02
R (4);R;2151260.00;1656585.28;8175964.81;35.02;31.24
Am (3);Am;2151260.00;1656585.28;8175964.81;31.24;30.29
Aa (15);Aa;2151260.00;1656585.28;8175964.81;30.29;23.14
MIG (15);MIG;2151260.00;1656585.28;8175964.81;23.14;18.40
SO2 (2);SO2;2151260.00;1656585.28;8175964.81;18.40;6.41
SB (1);SB;2151260.00;1656585.28;8175964.81;6.41;2.44
MCA (1);MCA;2151260.00;1656585.28;8175964.81;2.44;-5.60
MC;MC;2151260.00;1656585.28;8175964.81;-5.60;-12.28
CG (1);CG;2151260.00;1656585.28;8175964.81;-12.28;-24.16
DEM (1);DEM;2151270.00;1656586.03;8175954.84;35.02;35.02
R (4);R;2151270.00;1656586.03;8175954.84;35.02;31.22
Am (3);Am;2151270.00;1656586.03;8175954.84;31.22;30.33
Aa (15);Aa;2151270.00;1656586.03;8175954.84;30.33;23.16
MIG (15);MIG;2151270.00;1656586.03;8175954.84;23.16;18.35
SO2 (2);SO2;2151270.00;1656586.03;8175954.84;18.35;6.28
SB (1);SB;2151270.00;1656586.03;8175954.84;6.28;2.47
MCA (1);MCA;2151270.00;1656586.03;8175954.84;2.47;-5.88
MC;MC;2151270.00;1656586.03;8175954.84;-5.88;-12.40
CG (1);CG;2151270.00;1656586.03;8175954.84;-12.40;-24.21
DEM (1);DEM;2151280.00;1656586.80;8175944.87;35.02;35.02
R (4);R;2151280.00;1656586.80;8175944.87;35.02;31.18
Am (3);Am;2151280.00;1656586.80;8175944.87;31.18;30.37
Aa (15);Aa;2151280.00;1656586.80;8175944.87;30.37;23.08
MIG (15);MIG;2151280.00;1656586.80;8175944.87;23.08;18.34
SO2 (2);SO2;2151280.00;1656586.80;8175944.87;18.34;6.17
SB (1);SB;2151280.00;1656586.80;8175944.87;6.17;2.48
MCA (1);MCA;2151280.00;1656586.80;8175944.87;2.48;-5.88
MC;MC;2151280.00;1656586.80;8175944.87;-5.88;-12.50
CG (1);CG;2151280.00;1656586.80;8175944.87;-12.50;-24.21
DEM (1);DEM;2151290.00;1656587.60;8175934.90;35.02;35.02
R (4);R;2151290.00;1656587.60;8175934.90;35.02;31.11
Am (3);Am;2151290.00;1656587.60;8175934.90;31.11;30.42
Aa (15);Aa;2151290.00;1656587.60;8175934.90;30.42;22.78
MIG (15);MIG;2151290.00;1656587.60;8175934.90;22.78;18.33
SO2 (2);SO2;2151290.00;1656587.60;8175934.90;18.33;6.10
SB (1);SB;2151290.00;1656587.60;8175934.90;6.10;2.44
MCA (1);MCA;2151290.00;1656587.60;8175934.90;2.44;-5.13
MC;MC;2151290.00;1656587.60;8175934.90;-5.13;-12.60
CG (1);CG;2151290.00;1656587.60;8175934.90;-12.60;-24.21
DEM (1);DEM;2151300.00;1656588.45;8175924.93;35.02;35.02
R (4);R;2151300.00;1656588.45;8175924.93;35.02;31.03
Am (3);Am;2151300.00;1656588.45;8175924.93;31.03;30.46
Aa (15);Aa;2151300.00;1656588.45;8175924.93;30.46;22.20
MIG (15);MIG;2151300.00;1656588.45;8175924.93;22.20;18.28
SO2 (2);SO2;2151300.00;1656588.45;8175924.93;18.28;6.03
SB (1);SB;2151300.00;1656588.45;8175924.93;6.03;2.36
MCA (1);MCA;2151300.00;1656588.45;8175924.93;2.36;-4.24
MC;MC;2151300.00;1656588.45;8175924.93;-4.24;-12.71
CG (1);CG;2151300.00;1656588.45;8175924.93;-12.71;-23.38
DEM (1);DEM;2151310.00;1656589.35;8175914.98;35.02;35.02
R (4);R;2151310.00;1656589.35;8175914.98;35.02;30.96
Am (3);Am;2151310.00;1656589.35;8175914.98;30.96;30.50
Aa (15);Aa;2151310.00;1656589.35;8175914.98;30.50;22.00
MIG (15);MIG;2151310.00;1656589.35;8175914.98;22.00;18.24
SO2 (2);SO2;2151310.00;1656589.35;8175914.98;18.24;5.96
SB (1);SB;2151310.00;1656589.35;8175914.98;5.96;2.22
MCA (1);MCA;2151310.00;1656589.35;8175914.98;2.22;-3.34
MC;MC;2151310.00;1656589.35;8175914.98;-3.34;-12.79
CG (1);CG;2151310.00;1656589.35;8175914.98;-12.79;-22.53
DEM (1);DEM;2151320.00;1656590.31;8175905.02;35.02;35.02
R (4);R;2151320.00;1656590.31;8175905.02;35.02;30.88
Am (3);Am;2151320.00;1656590.31;8175905.02;30.88;30.53
Aa (15);Aa;2151320.00;1656590.31;8175905.02;30.53;22.09
MIG (15);MIG;2151320.00;1656590.31;8175905.02;22.09;18.20
SO2 (2);SO2;2151320.00;1656590.31;8175905.02;18.20;5.93
SB (1);SB;2151320.00;1656590.31;8175905.02;5.93;2.04
MCA (1);MCA;2151320.00;1656590.31;8175905.02;2.04;-2.62
MC;MC;2151320.00;1656590.31;8175905.02;-2.62;-12.82
CG (1);CG;2151320.00;1656590.31;8175905.02;-12.82;-21.68
DEM (1);DEM;2151330.00;1656591.33;8175895.07;35.02;35.02
R (4);R;2151330.00;1656591.33;8175895.07;35.02;30.79
Am (3);Am;2151330.00;1656591.33;8175895.07;30.79;30.57
Aa (15);Aa;2151330.00;1656591.33;8175895.07;30.57;22.36
MIG (15);MIG;2151330.00;1656591.33;8175895.07;22.36;18.16
SO2 (2);SO2;2151330.00;1656591.33;8175895.07;18.16;5.92
SB (1);SB;2151330.00;1656591.33;8175895.07;5.92;1.84
MCA (1);MCA;2151330.00;1656591.33;8175895.07;1.84;-1.97
MC;MC;2151330.00;1656591.33;8175895.07;-1.97;-12.85
CG (1);CG;2151330.00;1656591.33;8175895.07;-12.85;-17.57
DEM (1);DEM;2151340.00;1656592.39;8175885.13;35.02;35.02
R (4);R;2151340.00;1656592.39;8175885.13;35.02;30.70
Am (3);Am;2151340.00;1656592.39;8175885.13;30.70;30.60
Aa (15);Aa;2151340.00;1656592.39;8175885.13;30.60;22.74
MIG (15);MIG;2151340.00;1656592.39;8175885.13;22.74;18.13
SO2 (2);SO2;2151340.00;1656592.39;8175885.13;18.13;5.90
SB (1);SB;2151340.00;1656592.39;8175885.13;5.90;1.65
MCA (1);MCA;2151340.00;1656592.39;8175885.13;1.65;-1.47
MC;MC;2151340.00;1656592.39;8175885.13;-1.47;-12.88
CG (1);CG;2151340.00;1656592.39;8175885.13;-12.88;-15.75
DEM (1);DEM;2151350.00;1656593.49;8175875.19;35.02;35.02
R (4);R;2151350.00;1656593.49;8175875.19;35.02;30.64
Aa (15);Aa;2151350.00;1656593.49;8175875.19;30.64;23.16
MIG (15);MIG;2151350.00;1656593.49;8175875.19;23.16;18.10
SO2 (2);SO2;2151350.00;1656593.49;8175875.19;18.10;5.89
SB (1);SB;2151350.00;1656593.49;8175875.19;5.89;1.46
MCA (1);MCA;2151350.00;1656593.49;8175875.19;1.46;-1.19
MC;MC;2151350.00;1656593.49;8175875.19;-1.19;-12.91
CG (1);CG;2151350.00;1656593.49;8175875.19;-12.91;-14.28
DEM (1);DEM;2151360.00;1656594.59;8175865.25;35.02;35.02
R (4);R;2151360.00;1656594.59;8175865.25;35.02;30.67
Aa (15);Aa;2151360.00;1656594.59;8175865.25;30.67;23.42
MIG (15);MIG;2151360.00;1656594.59;8175865.25;23.42;18.07
SO2 (2);SO2;2151360.00;1656594.59;8175865.25;18.07;5.85
SB (1);SB;2151360.00;1656594.59;8175865.25;5.85;1.30
MCA (1);MCA;2151360.00;1656594.59;8175865.25;1.30;-1.03
MC;MC;2151360.00;1656594.59;8175865.25;-1.03;-12.92
DEM (1);DEM;2151370.00;1656595.69;8175855.31;35.02;35.02
R (4);R;2151370.00;1656595.69;8175855.31;35.02;30.69
Aa (15);Aa;2151370.00;1656595.69;8175855.31;30.69;23.57
MIG (15);MIG;2151370.00;1656595.69;8175855.31;23.57;18.04
SO2 (2);SO2;2151370.00;1656595.69;8175855.31;18.04;5.78
SB (1);SB;2151370.00;1656595.69;8175855.31;5.78;1.16
MCA (1);MCA;2151370.00;1656595.69;8175855.31;1.16;-0.90
MC;MC;2151370.00;1656595.69;8175855.31;-0.90;-12.73
DEM (1);DEM;2151380.00;1656596.79;8175845.37;35.02;35.02
R (4);R;2151380.00;1656596.79;8175845.37;35.02;30.71
Aa (15);Aa;2151380.00;1656596.79;8175845.37;30.71;23.66
MIG (15);MIG;2151380.00;1656596.79;8175845.37;23.66;18.01
SO2 (2);SO2;2151380.00;1656596.79;8175845.37;18.01;5.69
SB (1);SB;2151380.00;1656596.79;8175845.37;5.69;1.05
MCA (1);MCA;2151380.00;1656596.79;8175845.37;1.05;-0.81
MC;MC;2151380.00;1656596.79;8175845.37;-0.81;-12.55
DEM (1);DEM;2151390.00;1656597.89;8175835.43;35.02;35.02
R (4);R;2151390.00;1656597.89;8175835.43;35.02;30.72
Aa (15);Aa;2151390.00;1656597.89;8175835.43;30.72;23.65
MIG (15);MIG;2151390.00;1656597.89;8175835.43;23.65;18.01
SO2 (2);SO2;2151390.00;1656597.89;8175835.43;18.01;5.65
SB (1);SB;2151390.00;1656597.89;8175835.43;5.65;0.96
MCA (1);MCA;2151390.00;1656597.89;8175835.43;0.96;-0.76
MC;MC;2151390.00;1656597.89;8175835.43;-0.76;-12.37
DEM (1);DEM;2151400.00;1656598.99;8175825.49;35.02;35.02
R (4);R;2151400.00;1656598.99;8175825.49;35.02;30.74
Aa (15);Aa;2151400.00;1656598.99;8175825.49;30.74;23.54
MIG (15);MIG;2151400.00;1656598.99;8175825.49;23.54;18.04
SO2 (2);SO2;2151400.00;1656598.99;8175825.49;18.04;5.66
SB (1);SB;2151400.00;1656598.99;8175825.49;5.66;0.90
MCA (1);MCA;2151400.00;1656598.99;8175825.49;0.90;-0.73
MC;MC;2151400.00;1656598.99;8175825.49;-0.73;-12.18
DEM (1);DEM;2151410.00;1656600.10;8175815.56;35.02;35.02
R (4);R;2151410.00;1656600.10;8175815.56;35.02;30.76
Aa (15);Aa;2151410.00;1656600.10;8175815.56;30.76;23.44
MIG (15);MIG;2151410.00;1656600.10;8175815.56;23.44;18.08
SO2 (2);SO2;2151410.00;1656600.10;8175815.56;18.08;5.67
SB (1);SB;2151410.00;1656600.10;8175815.56;5.67;0.83
MCA (1);MCA;2151410.00;1656600.10;8175815.56;0.83;-0.70
MC;MC;2151410.00;1656600.10;8175815.56;-0.70;-12.00
DEM (1);DEM;2151420.00;1656601.20;8175805.62;35.00;35.00
R (4);R;2151420.00;1656601.20;8175805.62;35.00;30.78
Aa (15);Aa;2151420.00;1656601.20;8175805.62;30.78;23.33
MIG (15);MIG;2151420.00;1656601.20;8175805.62;23.33;18.11
SO2 (2);SO2;2151420.00;1656601.20;8175805.62;18.11;5.68
SB (1);SB;2151420.00;1656601.20;8175805.62;5.68;0.76
MCA (1);MCA;2151420.00;1656601.20;8175805.62;0.76;-0.68
MC;MC;2151420.00;1656601.20;8175805.62;-0.68;-11.82
DEM (1);DEM;2151430.00;1656602.30;8175795.68;34.60;34.60
R (4);R;2151430.00;1656602.30;8175795.68;34.60;30.80
Aa (15);Aa;2151430.00;1656602.30;8175795.68;30.80;23.23
MIG (15);MIG;2151430.00;1656602.30;8175795.68;23.23;18.15
SO2 (2);SO2;2151430.00;1656602.30;8175795.68;18.15;5.69
SB (1);SB;2151430.00;1656602.30;8175795.68;5.69;0.70
MCA (1);MCA;2151430.00;1656602.30;8175795.68;0.70;-0.65
MC;MC;2151430.00;1656602.30;8175795.68;-0.65;-11.63
DEM (1);DEM;2151440.00;1656603.40;8175785.74;34.19;34.19
R (4);R;2151440.00;1656603.40;8175785.74;34.19;30.82
Aa (15);Aa;2151440.00;1656603.40;8175785.74;30.82;23.12
MIG (15);MIG;2151440.00;1656603.40;8175785.74;23.12;18.18
SO2 (2);SO2;2151440.00;1656603.40;8175785.74;18.18;5.70
SB (1);SB;2151440.00;1656603.40;8175785.74;5.70;0.63
MCA (1);MCA;2151440.00;1656603.40;8175785.74;0.63;-0.63
MC;MC;2151440.00;1656603.40;8175785.74;-0.63;-11.45
DEM (1);DEM;2151450.00;1656604.50;8175775.80;34.02;34.02
R (4);R;2151450.00;1656604.50;8175775.80;34.02;30.83
Aa (15);Aa;2151450.00;1656604.50;8175775.80;30.83;23.03
MIG (15);MIG;2151450.00;1656604.50;8175775.80;23.03;18.22
SO2 (2);SO2;2151450.00;1656604.50;8175775.80;18.22;5.71
SB (1);SB;2151450.00;1656604.50;8175775.80;5.71;0.64
MCA (1);MCA;2151450.00;1656604.50;8175775.80;0.64;-0.60
MC;MC;2151450.00;1656604.50;8175775.80;-0.60;-11.27
DEM (1);DEM;2151460.00;1656605.61;8175765.86;34.02;34.02
R (4);R;2151460.00;1656605.61;8175765.86;34.02;30.85
Aa (15);Aa;2151460.00;1656605.61;8175765.86;30.85;22.94
MIG (15);MIG;2151460.00;1656605.61;8175765.86;22.94;18.31
SO2 (2);SO2;2151460.00;1656605.61;8175765.86;18.31;5.72
SB (1);SB;2151460.00;1656605.61;8175765.86;5.72;0.71
MCA (1);MCA;2151460.00;1656605.61;8175765.86;0.71;-0.57
MC;MC;2151460.00;1656605.61;8175765.86;-0.57;-11.08
DEM (1);DEM;2151470.00;1656606.71;8175755.92;34.02;34.02
R (4);R;2151470.00;1656606.71;8175755.92;34.02;30.87
Aa (15);Aa;2151470.00;1656606.71;8175755.92;30.87;22.85
MIG (15);MIG;2151470.00;1656606.71;8175755.92;22.85;18.40
SO2 (2);SO2;2151470.00;1656606.71;8175755.92;18.40;5.73
SB (1);SB;2151470.00;1656606.71;8175755.92;5.73;0.78
MCA (1);MCA;2151470.00;1656606.71;8175755.92;0.78;-0.55
MC;MC;2151470.00;1656606.71;8175755.92;-0.55;-10.90
DEM (1);DEM;2151480.00;1656607.81;8175745.98;34.02;34.02
R (4);R;2151480.00;1656607.81;8175745.98;34.02;30.89
Aa (15);Aa;2151480.00;1656607.81;8175745.98;30.89;22.78
MIG (15);MIG;2151480.00;1656607.81;8175745.98;22.78;18.49
SO2 (2);SO2;2151480.00;1656607.81;8175745.98;18.49;5.74
SB (1);SB;2151480.00;1656607.81;8175745.98;5.74;0.84
MCA (1);MCA;2151480.00;1656607.81;8175745.98;0.84;-0.52
MC;MC;2151480.00;1656607.81;8175745.98;-0.52;-10.72
DEM (1);DEM;2151490.00;1656608.91;8175736.04;34.02;34.02
R (4);R;2151490.00;1656608.91;8175736.04;34.02;30.91
Aa (15);Aa;2151490.00;1656608.91;8175736.04;30.91;22.76
MIG (15);MIG;2151490.00;1656608.91;8175736.04;22.76;18.57
SO2 (2);SO2;2151490.00;1656608.91;8175736.04;18.57;5.76
SB (1);SB;2151490.00;1656608.91;8175736.04;5.76;0.91
MCA (1);MCA;2151490.00;1656608.91;8175736.04;0.91;-0.49
MC;MC;2151490.00;1656608.91;8175736.04;-0.49;-10.53
DEM (1);DEM;2151500.00;1656610.01;8175726.10;34.02;34.02
R (4);R;2151500.00;1656610.01;8175726.10;34.02;30.92
Aa (15);Aa;2151500.00;1656610.01;8175726.10;30.92;22.74
MIG (15);MIG;2151500.00;1656610.01;8175726.10;22.74;18.66
SO2 (2);SO2;2151500.00;1656610.01;8175726.10;18.66;5.77
SB (1);SB;2151500.00;1656610.01;8175726.10;5.77;0.98
MCA (1);MCA;2151500.00;1656610.01;8175726.10;0.98;-0.47
MC;MC;2151500.00;1656610.01;8175726.10;-0.47;-10.35
DEM (1);DEM;2151510.00;1656611.11;8175716.16;34.02;34.02
R (4);R;2151510.00;1656611.11;8175716.16;34.02;30.93
Aa (15);Aa;2151510.00;1656611.11;8175716.16;30.93;22.74
MIG (15);MIG;2151510.00;1656611.11;8175716.16;22.74;18.77
SO2 (2);SO2;2151510.00;1656611.11;8175716.16;18.77;5.80
SB (1);SB;2151510.00;1656611.11;8175716.16;5.80;1.07
MCA (1);MCA;2151510.00;1656611.11;8175716.16;1.07;-0.43
MC;MC;2151510.00;1656611.11;8175716.16;-0.43;-10.17
DEM (1);DEM;2151520.00;1656612.22;8175706.23;34.02;34.02
R (4);R;2151520.00;1656612.22;8175706.23;34.02;30.93
Aa (15);Aa;2151520.00;1656612.22;8175706.23;30.93;22.78
MIG (15);MIG;2151520.00;1656612.22;8175706.23;22.78;18.92
SO2 (2);SO2;2151520.00;1656612.22;8175706.23;18.92;5.89
SB (1);SB;2151520.00;1656612.22;8175706.23;5.89;1.21
MCA (1);MCA;2151520.00;1656612.22;8175706.23;1.21;-0.34
MC;MC;2151520.00;1656612.22;8175706.23;-0.34;-9.98
DEM (1);DEM;2151530.00;1656613.32;8175696.29;34.02;34.02
R (4);R;2151530.00;1656613.32;8175696.29;34.02;30.93
Aa (15);Aa;2151530.00;1656613.32;8175696.29;30.93;22.82
MIG (15);MIG;2151530.00;1656613.32;8175696.29;22.82;19.06
SO2 (2);SO2;2151530.00;1656613.32;8175696.29;19.06;5.98
SB (1);SB;2151530.00;1656613.32;8175696.29;5.98;1.36
MCA (1);MCA;2151530.00;1656613.32;8175696.29;1.36;-0.26
MC;MC;2151530.00;1656613.32;8175696.29;-0.26;-9.80
DEM (1);DEM;2151540.00;1656614.42;8175686.35;34.02;34.02
R (4);R;2151540.00;1656614.42;8175686.35;34.02;30.93
Aa (15);Aa;2151540.00;1656614.42;8175686.35;30.93;22.95
MIG (15);MIG;2151540.00;1656614.42;8175686.35;22.95;19.24
SO2 (2);SO2;2151540.00;1656614.42;8175686.35;19.24;6.08
SB (1);SB;2151540.00;1656614.42;8175686.35;6.08;1.57
MCA (1);MCA;2151540.00;1656614.42;8175686.35;1.57;-0.18
MC;MC;2151540.00;1656614.42;8175686.35;-0.18;-9.62
DEM (1);DEM;2151550.00;1656615.52;8175676.41;34.02;34.02
R (4);R;2151550.00;1656615.52;8175676.41;34.02;30.93
Aa (15);Aa;2151550.00;1656615.52;8175676.41;30.93;23.08
MIG (15);MIG;2151550.00;1656615.52;8175676.41;23.08;19.45
SO2 (2);SO2;2151550.00;1656615.52;8175676.41;19.45;6.15
SB (1);SB;2151550.00;1656615.52;8175676.41;6.15;1.82
MCA (1);MCA;2151550.00;1656615.52;8175676.41;1.82;-0.10
MC;MC;2151550.00;1656615.52;8175676.41;-0.10;-9.43
DEM (1);DEM;2151560.00;1656616.62;8175666.47;34.02;34.02
R (4);R;2151560.00;1656616.62;8175666.47;34.02;30.94
Aa (15);Aa;2151560.00;1656616.62;8175666.47;30.94;23.25
MIG (15);MIG;2151560.00;1656616.62;8175666.47;23.25;19.65
SO2 (2);SO2;2151560.00;1656616.62;8175666.47;19.65;6.20
SB (1);SB;2151560.00;1656616.62;8175666.47;6.20;2.07
MCA (1);MCA;2151560.00;1656616.62;8175666.47;2.07;-0.02
MC;MC;2151560.00;1656616.62;8175666.47;-0.02;-9.25
DEM (1);DEM;2151570.00;1656617.72;8175656.53;34.02;34.02
R (4);R;2151570.00;1656617.72;8175656.53;34.02;30.94
Aa (15);Aa;2151570.00;1656617.72;8175656.53;30.94;23.45
MIG (15);MIG;2151570.00;1656617.72;8175656.53;23.45;19.82
SO2 (2);SO2;2151570.00;1656617.72;8175656.53;19.82;6.25
SB (1);SB;2151570.00;1656617.72;8175656.53;6.25;2.32
MCA (1);MCA;2151570.00;1656617.72;8175656.53;2.32;0.06
MC;MC;2151570.00;1656617.72;8175656.53;0.06;-9.06
DEM (1);DEM;2151580.00;1656618.82;8175646.59;34.02;34.02
R (4);R;2151580.00;1656618.82;8175646.59;34.02;30.94
Aa (15);Aa;2151580.00;1656618.82;8175646.59;30.94;23.65
MIG (15);MIG;2151580.00;1656618.82;8175646.59;23.65;19.95
SO2 (2);SO2;2151580.00;1656618.82;8175646.59;19.95;6.30
SB (1);SB;2151580.00;1656618.82;8175646.59;6.30;2.54
MCA (1);MCA;2151580.00;1656618.82;8175646.59;2.54;0.14
MC;MC;2151580.00;1656618.82;8175646.59;0.14;-8.88
DEM (1);DEM;2151590.00;1656619.86;8175636.64;34.02;34.02
R (4);R;2151590.00;1656619.86;8175636.64;34.02;30.95
Aa (15);Aa;2151590.00;1656619.86;8175636.64;30.95;23.85
MIG (15);MIG;2151590.00;1656619.86;8175636.64;23.85;20.09
SO2 (2);SO2;2151590.00;1656619.86;8175636.64;20.09;6.34
SB (1);SB;2151590.00;1656619.86;8175636.64;6.34;2.77
MCA (1);MCA;2151590.00;1656619.86;8175636.64;2.77;0.23
MC;MC;2151590.00;1656619.86;8175636.64;0.23;-8.70
DEM (1);DEM;2151600.00;1656620.85;8175626.69;34.02;34.02
R (4);R;2151600.00;1656620.85;8175626.69;34.02;30.95
Aa (15);Aa;2151600.00;1656620.85;8175626.69;30.95;24.02
MIG (15);MIG;2151600.00;1656620.85;8175626.69;24.02;20.13
SO2 (2);SO2;2151600.00;1656620.85;8175626.69;20.13;6.37
SB (1);SB;2151600.00;1656620.85;8175626.69;6.37;2.87
MCA (1);MCA;2151600.00;1656620.85;8175626.69;2.87;0.28
MC;MC;2151600.00;1656620.85;8175626.69;0.28;-8.51
DEM (1);DEM;2151610.00;1656621.77;8175616.74;34.02;34.02
R (4);R;2151610.00;1656621.77;8175616.74;34.02;30.96
Aa (15);Aa;2151610.00;1656621.77;8175616.74;30.96;24.20
MIG (15);MIG;2151610.00;1656621.77;8175616.74;24.20;20.17
SO2 (2);SO2;2151610.00;1656621.77;8175616.74;20.17;6.40
SB (1);SB;2151610.00;1656621.77;8175616.74;6.40;2.97
MCA (1);MCA;2151610.00;1656621.77;8175616.74;2.97;0.34
MC;MC;2151610.00;1656621.77;8175616.74;0.34;-8.33
DEM (1);DEM;2151620.00;1656622.62;8175606.77;34.02;34.02
R (4);R;2151620.00;1656622.62;8175606.77;34.02;30.96
Aa (15);Aa;2151620.00;1656622.62;8175606.77;30.96;24.33
MIG (15);MIG;2151620.00;1656622.62;8175606.77;24.33;20.20
SO2 (2);SO2;2151620.00;1656622.62;8175606.77;20.20;6.42
SB (1);SB;2151620.00;1656622.62;8175606.77;6.42;3.04
MCA (1);MCA;2151620.00;1656622.62;8175606.77;3.04;0.40
MC;MC;2151620.00;1656622.62;8175606.77;0.40;-8.15
DEM (1);DEM;2151630.00;1656623.41;8175596.80;34.02;34.02
R (4);R;2151630.00;1656623.41;8175596.80;34.02;30.96
Aa (15);Aa;2151630.00;1656623.41;8175596.80;30.96;24.45
MIG (15);MIG;2151630.00;1656623.41;8175596.80;24.45;20.23
SO2 (2);SO2;2151630.00;1656623.41;8175596.80;20.23;6.45
SB (1);SB;2151630.00;1656623.41;8175596.80;6.45;3.10
MCA (1);MCA;2151630.00;1656623.41;8175596.80;3.10;0.46
MC;MC;2151630.00;1656623.41;8175596.80;0.46;-7.96
DEM (1);DEM;2151640.00;1656624.13;8175586.83;34.02;34.02
R (4);R;2151640.00;1656624.13;8175586.83;34.02;30.97
Aa (15);Aa;2151640.00;1656624.13;8175586.83;30.97;24.57
MIG (15);MIG;2151640.00;1656624.13;8175586.83;24.57;20.24
SO2 (2);SO2;2151640.00;1656624.13;8175586.83;20.24;6.47
SB (1);SB;2151640.00;1656624.13;8175586.83;6.47;3.15
MCA (1);MCA;2151640.00;1656624.13;8175586.83;3.15;0.52
MC;MC;2151640.00;1656624.13;8175586.83;0.52;-7.78
DEM (1);DEM;2151650.00;1656624.78;8175576.85;34.02;34.02
R (4);R;2151650.00;1656624.78;8175576.85;34.02;30.97
Aa (15);Aa;2151650.00;1656624.78;8175576.85;30.97;24.63
MIG (15);MIG;2151650.00;1656624.78;8175576.85;24.63;20.25
SO2 (2);SO2;2151650.00;1656624.78;8175576.85;20.25;6.50
SB (1);SB;2151650.00;1656624.78;8175576.85;6.50;3.21
MCA (1);MCA;2151650.00;1656624.78;8175576.85;3.21;0.58
MC;MC;2151650.00;1656624.78;8175576.85;0.58;-7.60
DEM (1);DEM;2151660.00;1656625.37;8175566.87;34.02;34.02
R (4);R;2151660.00;1656625.37;8175566.87;34.02;30.97
Aa (15);Aa;2151660.00;1656625.37;8175566.87;30.97;24.68
MIG (15);MIG;2151660.00;1656625.37;8175566.87;24.68;20.25
SO2 (2);SO2;2151660.00;1656625.37;8175566.87;20.25;6.53
SB (1);SB;2151660.00;1656625.37;8175566.87;6.53;3.26
MCA (1);MCA;2151660.00;1656625.37;8175566.87;3.26;0.63
MC;MC;2151660.00;1656625.37;8175566.87;0.63;-7.41
DEM (1);DEM;2151670.00;1656625.89;8175556.88;34.02;34.02
R (4);R;2151670.00;1656625.89;8175556.88;34.02;30.98
Aa (15);Aa;2151670.00;1656625.89;8175556.88;30.98;24.72
MIG (15);MIG;2151670.00;1656625.89;8175556.88;24.72;20.26
SO2 (2);SO2;2151670.00;1656625.89;8175556.88;20.26;6.55
SB (1);SB;2151670.00;1656625.89;8175556.88;6.55;3.28
MCA (1);MCA;2151670.00;1656625.89;8175556.88;3.28;0.69
MC;MC;2151670.00;1656625.89;8175556.88;0.69;-7.23